customer_id,gender,senior_citizen,partner,dependents,tenure_months,contract_type,paperless_billing,payment_method,internet_service,online_security,tech_support,customer_service_calls,monthly_charges,total_charges,churn
CUST_0001,Male,0,No,No,25,Two-Year,No,Bank Transfer (automatic),No,No internet service,No internet service,4,19.35,499.34,0
CUST_0002,Female,0,No,No,53,Two-Year,Yes,Bank Transfer (automatic),Fiber Optic,Yes,No,2,82.65,4461.48,0
CUST_0003,Female,0,Yes,No,61,Month-to-Month,No,Bank Transfer (automatic),DSL,No,Yes,2,61.91,3765.74,0
CUST_0004,Male,0,Yes,No,28,One-Year,No,Bank Transfer (automatic),DSL,No,Yes,1,56.47,1565.93,0
CUST_0005,Female,0,Yes,Yes,18,One-Year,Yes,Mailed Check,DSL,Yes,Yes,1,68.87,1277.64,0
CUST_0006,Female,0,No,No,12,Month-to-Month,Yes,Bank Transfer (automatic),Fiber Optic,Yes,Yes,1,94.54,1103.36,1
CUST_0007,Male,0,No,No,67,Two-Year,Yes,Credit Card (automatic),No,No internet service,No internet service,1,20.81,1384.29,0
CUST_0008,Male,0,Yes,Yes,61,Month-to-Month,Yes,Electronic Check,Fiber Optic,No,No,3,65.65,4031.43,0
CUST_0009,Male,0,Yes,No,15,One-Year,No,Bank Transfer (automatic),No,No internet service,No internet service,4,20.65,320.03,0
CUST_0010,Female,0,Yes,No,33,Month-to-Month,No,Electronic Check,Fiber Optic,No,No,1,71.74,2337.56,0
CUST_0011,Male,0,No,Yes,7,Month-to-Month,No,Bank Transfer (automatic),Fiber Optic,No,Yes,0,75.55,531.42,1
CUST_0012,Female,0,No,No,60,Two-Year,No,Electronic Check,Fiber Optic,No,Yes,1,85.46,5014.36,0
CUST_0013,Male,0,No,No,62,One-Year,Yes,Mailed Check,Fiber Optic,No,Yes,1,85.66,5489.85,0
CUST_0014,Female,0,Yes,No,42,One-Year,Yes,Electronic Check,Fiber Optic,No,Yes,1,83.01,3585.97,0
CUST_0015,Male,0,No,No,35,Two-Year,No,Electronic Check,Fiber Optic,No,Yes,5,76.62,2767.54,0
CUST_0016,Female,0,Yes,No,50,Two-Year,Yes,Mailed Check,No,No internet service,No internet service,1,18.5,884.07,0
CUST_0017,Female,0,No,No,38,One-Year,No,Mailed Check,DSL,No,No,1,35.7,1354.82,0
CUST_0018,Female,0,Yes,Yes,23,Month-to-Month,No,Mailed Check,Fiber Optic,Yes,Yes,3,92.57,2051.58,0
CUST_0019,Female,0,No,No,63,One-Year,Yes,Electronic Check,Fiber Optic,Yes,No,2,78.35,5021.82,0
CUST_0020,Male,0,No,No,31,One-Year,Yes,Credit Card (automatic),DSL,Yes,No,3,56.73,1725.46,0
CUST_0021,Female,0,No,No,47,Two-Year,No,Electronic Check,Fiber Optic,No,Yes,0,86.01,4153.47,0
CUST_0022,Male,0,No,No,35,Month-to-Month,Yes,Credit Card (automatic),No,No internet service,No internet service,2,18.5,619.34,0
CUST_0023,Male,0,Yes,No,9,Month-to-Month,No,Bank Transfer (automatic),DSL,Yes,No,4,58.64,528.46,0
CUST_0024,Female,0,Yes,No,38,Month-to-Month,Yes,Electronic Check,DSL,No,Yes,2,56.65,2071.69,0
CUST_0025,Male,0,No,No,26,Month-to-Month,Yes,Mailed Check,DSL,No,No,1,41.38,1082.11,0
CUST_0026,Female,0,Yes,Yes,9,Month-to-Month,Yes,Credit Card (automatic),DSL,Yes,No,0,62.64,569.81,0
CUST_0027,Female,0,Yes,No,36,One-Year,No,Bank Transfer (automatic),Fiber Optic,Yes,Yes,2,97.31,3489.9,0
CUST_0028,Male,0,Yes,Yes,8,Month-to-Month,Yes,Electronic Check,Fiber Optic,No,No,0,65.57,513.0,0
CUST_0029,Female,0,No,No,41,Two-Year,Yes,Mailed Check,Fiber Optic,No,No,1,71.79,2805.74,0
CUST_0030,Male,0,Yes,Yes,8,Month-to-Month,Yes,Mailed Check,DSL,Yes,No,0,56.17,456.64,0
CUST_0031,Male,0,Yes,Yes,18,One-Year,Yes,Credit Card (automatic),DSL,Yes,No,0,59.05,1102.27,0
CUST_0032,Male,1,Yes,No,21,One-Year,Yes,Credit Card (automatic),DSL,Yes,No,2,51.64,1109.78,0
CUST_0033,Female,0,Yes,Yes,36,Two-Year,Yes,Electronic Check,Fiber Optic,Yes,No,2,80.61,3016.01,0
CUST_0034,Female,0,No,No,69,One-Year,Yes,Electronic Check,Fiber Optic,No,No,2,71.41,5138.92,0
CUST_0035,Female,0,No,No,35,Month-to-Month,Yes,Electronic Check,Fiber Optic,No,Yes,1,77.65,2704.04,0
CUST_0036,Female,0,No,No,8,Month-to-Month,Yes,Credit Card (automatic),DSL,No,Yes,3,58.04,473.51,0
CUST_0037,Male,0,Yes,No,13,Month-to-Month,Yes,Bank Transfer (automatic),No,No internet service,No internet service,3,18.66,240.09,1
CUST_0038,Male,0,No,No,7,Month-to-Month,Yes,Credit Card (automatic),DSL,Yes,No,1,57.18,417.05,1
CUST_0039,Female,0,No,Yes,18,One-Year,Yes,Mailed Check,No,No internet service,No internet service,0,24.08,436.17,0
CUST_0040,Male,0,Yes,Yes,9,Month-to-Month,Yes,Bank Transfer (automatic),No,No internet service,No internet service,2,30.83,284.47,1
CUST_0041,Male,0,No,No,10,Month-to-Month,No,Electronic Check,DSL,Yes,Yes,1,69.31,659.45,1
CUST_0042,Male,0,No,No,17,Two-Year,Yes,Credit Card (automatic),Fiber Optic,Yes,No,2,81.25,1391.69,0
CUST_0043,Female,0,No,No,20,Month-to-Month,No,Mailed Check,Fiber Optic,No,Yes,1,89.72,1837.82,0
CUST_0044,Female,0,No,No,6,Month-to-Month,Yes,Credit Card (automatic),Fiber Optic,No,No,1,74.53,436.31,1
CUST_0045,Male,0,Yes,No,59,Two-Year,No,Electronic Check,No,No internet service,No internet service,3,27.11,1521.81,0
CUST_0046,Male,0,Yes,Yes,59,Month-to-Month,No,Bank Transfer (automatic),Fiber Optic,Yes,No,1,82.95,5013.29,0
CUST_0047,Female,0,No,No,24,Month-to-Month,Yes,Mailed Check,Fiber Optic,No,Yes,0,85.27,2013.34,0
CUST_0048,Female,0,Yes,No,58,One-Year,No,Electronic Check,No,No internet service,No internet service,0,20.19,1162.68,0
CUST_0049,Male,0,Yes,Yes,52,One-Year,Yes,Mailed Check,Fiber Optic,No,Yes,0,82.23,4302.49,0
CUST_0050,Female,0,No,No,25,One-Year,Yes,Bank Transfer (automatic),DSL,Yes,No,2,57.44,1380.03,0
CUST_0051,Male,0,No,No,7,Month-to-Month,Yes,Electronic Check,DSL,No,No,1,46.67,313.74,0
CUST_0052,Male,0,Yes,Yes,22,Two-Year,Yes,Electronic Check,No,No internet service,No internet service,0,20.3,467.18,0
CUST_0053,Female,0,No,No,61,Two-Year,Yes,Mailed Check,DSL,No,No,1,50.55,3033.87,0
CUST_0054,Female,0,No,No,43,Two-Year,Yes,Mailed Check,No,No internet service,No internet service,0,22.3,935.46,0
CUST_0055,Male,0,No,No,45,One-Year,Yes,Mailed Check,DSL,No,Yes,3,57.81,2483.8,0
CUST_0056,Female,0,Yes,Yes,32,Month-to-Month,No,Mailed Check,Fiber Optic,No,No,1,70.65,2187.08,1
CUST_0057,Female,0,Yes,Yes,20,Two-Year,Yes,Electronic Check,DSL,No,No,5,43.3,860.02,0
CUST_0058,Female,0,Yes,No,22,Month-to-Month,Yes,Electronic Check,No,No internet service,No internet service,2,18.5,400.57,0
CUST_0059,Female,0,Yes,No,40,Two-Year,Yes,Credit Card (automatic),Fiber Optic,Yes,No,1,86.0,3414.06,0
CUST_0060,Female,0,Yes,No,20,Month-to-Month,Yes,Electronic Check,Fiber Optic,Yes,No,2,85.98,1754.66,1
CUST_0061,Male,0,Yes,Yes,9,Month-to-Month,Yes,Bank Transfer (automatic),Fiber Optic,No,No,2,65.57,598.5,1
CUST_0062,Male,0,Yes,Yes,39,Two-Year,Yes,Mailed Check,DSL,No,No,1,40.66,1584.65,0
CUST_0063,Male,0,No,No,29,Month-to-Month,Yes,Credit Card (automatic),Fiber Optic,No,Yes,1,84.8,2536.62,0
CUST_0064,Male,0,Yes,No,10,Month-to-Month,Yes,Electronic Check,DSL,No,No,3,43.72,452.82,0
CUST_0065,Female,0,No,No,18,Month-to-Month,No,Credit Card (automatic),Fiber Optic,No,Yes,3,78.04,1417.48,0
CUST_0066,Female,0,No,No,11,Month-to-Month,Yes,Mailed Check,Fiber Optic,No,No,1,63.58,672.63,0
CUST_0067,Male,0,Yes,No,64,Month-to-Month,Yes,Electronic Check,Fiber Optic,No,Yes,0,80.15,5081.47,1
CUST_0068,Male,0,No,Yes,32,One-Year,Yes,Electronic Check,DSL,Yes,No,2,57.52,1865.39,0
CUST_0069,Male,0,No,No,62,One-Year,No,Mailed Check,Fiber Optic,No,No,2,68.87,4083.28,1
CUST_0070,Male,0,Yes,No,40,One-Year,No,Electronic Check,Fiber Optic,Yes,Yes,0,88.69,3377.28,1
CUST_0071,Female,0,No,No,38,One-Year,Yes,Mailed Check,No,No internet service,No internet service,1,18.5,734.52,0
CUST_0072,Male,0,Yes,Yes,16,One-Year,Yes,Credit Card (automatic),No,No internet service,No internet service,4,22.22,363.7,0
CUST_0073,Female,0,No,No,20,Month-to-Month,Yes,Mailed Check,No,No internet service,No internet service,1,26.33,508.33,1
CUST_0074,Female,0,Yes,Yes,5,Month-to-Month,Yes,Mailed Check,DSL,Yes,Yes,0,69.19,344.05,0
CUST_0075,Male,0,No,Yes,5,One-Year,No,Credit Card (automatic),No,No internet service,No internet service,2,24.13,116.95,0
CUST_0076,Male,0,Yes,No,70,One-Year,Yes,Credit Card (automatic),DSL,No,No,2,47.88,3187.47,0
CUST_0077,Male,0,No,No,2,Month-to-Month,Yes,Electronic Check,No,No internet service,No internet service,0,18.5,36.6,0
CUST_0078,Female,0,Yes,Yes,12,One-Year,Yes,Bank Transfer (automatic),Fiber Optic,No,No,2,73.75,898.13,0
CUST_0079,Female,0,No,No,18,Month-to-Month,No,Mailed Check,Fiber Optic,Yes,No,3,86.5,1627.71,0
CUST_0080,Male,0,No,No,44,Month-to-Month,Yes,Electronic Check,Fiber Optic,No,No,3,68.06,3075.45,1
CUST_0081,Female,0,Yes,Yes,43,Two-Year,No,Electronic Check,No,No internet service,No internet service,0,20.07,839.72,0
CUST_0082,Female,0,No,No,2,Month-to-Month,Yes,Electronic Check,DSL,No,Yes,1,54.74,107.69,1
CUST_0083,Male,0,Yes,No,1,Month-to-Month,No,Mailed Check,Fiber Optic,No,Yes,1,76.97,77.13,1
CUST_0084,Male,0,No,No,10,Two-Year,Yes,Electronic Check,DSL,No,No,2,49.09,475.74,0
CUST_0085,Female,0,No,No,4,Month-to-Month,Yes,Mailed Check,DSL,No,Yes,0,63.41,262.08,1
CUST_0086,Female,0,No,No,49,Two-Year,No,Bank Transfer (automatic),No,No internet service,No internet service,5,19.75,935.62,0
CUST_0087,Female,0,No,Yes,58,Month-to-Month,No,Bank Transfer (automatic),DSL,Yes,No,1,54.86,3115.05,0
CUST_0088,Female,0,Yes,Yes,29,One-Year,Yes,Bank Transfer (automatic),DSL,Yes,No,0,61.27,1790.62,0
CUST_0089,Female,0,Yes,No,3,Month-to-Month,No,Bank Transfer (automatic),Fiber Optic,No,Yes,0,86.7,250.3,0
CUST_0090,Male,0,Yes,No,40,Month-to-Month,No,Credit Card (automatic),DSL,Yes,Yes,0,65.54,2654.27,0
CUST_0091,Female,0,No,No,47,Two-Year,Yes,Credit Card (automatic),No,No internet service,No internet service,0,20.56,1009.25,0
CUST_0092,Female,0,Yes,No,18,Two-Year,No,Credit Card (automatic),DSL,No,No,6,52.92,970.8,0
CUST_0093,Female,0,No,No,12,Month-to-Month,Yes,Electronic Check,DSL,Yes,No,1,64.29,795.61,0
CUST_0094,Male,0,No,No,51,Two-Year,No,Electronic Check,Fiber Optic,No,Yes,5,78.3,3968.74,0
CUST_0095,Male,0,Yes,No,6,Month-to-Month,Yes,Mailed Check,Fiber Optic,No,No,3,64.43,381.37,1
CUST_0096,Male,0,No,No,9,Month-to-Month,Yes,Mailed Check,Fiber Optic,No,No,2,71.4,631.59,1
CUST_0097,Male,0,Yes,No,35,One-Year,No,Electronic Check,DSL,Yes,No,1,59.85,2128.36,0
CUST_0098,Male,0,Yes,Yes,14,Month-to-Month,Yes,Electronic Check,DSL,Yes,No,1,59.88,839.87,1
CUST_0099,Female,0,No,No,3,Month-to-Month,Yes,Credit Card (automatic),No,No internet service,No internet service,0,22.18,66.36,0
CUST_0100,Female,0,Yes,No,56,One-Year,No,Mailed Check,DSL,Yes,No,2,58.13,3125.31,0
CUST_0101,Male,0,Yes,No,62,Two-Year,No,Mailed Check,Fiber Optic,No,No,2,68.3,4308.02,0
CUST_0102,Female,0,No,No,47,One-Year,Yes,Electronic Check,Fiber Optic,Yes,No,2,79.47,3819.27,0
CUST_0103,Male,0,Yes,No,47,Two-Year,Yes,Bank Transfer (automatic),No,No internet service,No internet service,2,23.22,1058.18,0
CUST_0104,Male,0,No,No,4,Month-to-Month,No,Mailed Check,DSL,No,No,3,42.18,173.1,0
CUST_0105,Male,0,No,No,13,One-Year,Yes,Electronic Check,DSL,Yes,No,1,50.33,679.11,0
CUST_0106,Female,0,Yes,Yes,28,One-Year,Yes,Credit Card (automatic),DSL,No,Yes,0,57.58,1559.78,0
CUST_0107,Male,1,Yes,No,20,One-Year,Yes,Credit Card (automatic),Fiber Optic,No,Yes,2,83.14,1654.83,1
CUST_0108,Male,0,No,No,15,Two-Year,Yes,Bank Transfer (automatic),Fiber Optic,No,No,0,77.69,1209.19,0
CUST_0109,Male,0,Yes,No,59,Month-to-Month,Yes,Credit Card (automatic),Fiber Optic,Yes,No,0,82.13,4839.52,0
CUST_0110,Female,0,Yes,Yes,13,Month-to-Month,No,Mailed Check,Fiber Optic,No,No,2,64.69,867.48,1
CUST_0111,Male,0,No,No,9,Two-Year,No,Bank Transfer (automatic),DSL,Yes,Yes,1,73.88,646.02,1
CUST_0112,Female,0,Yes,No,3,Month-to-Month,Yes,Electronic Check,DSL,No,Yes,1,56.8,162.97,0
CUST_0113,Female,0,No,No,65,Two-Year,Yes,Bank Transfer (automatic),No,No internet service,No internet service,0,19.36,1202.96,0
CUST_0114,Female,1,Yes,No,56,Two-Year,Yes,Electronic Check,No,No internet service,No internet service,0,18.5,1084.94,0
CUST_0115,Female,0,Yes,Yes,1,Month-to-Month,Yes,Electronic Check,DSL,No,No,1,47.04,45.46,1
CUST_0116,Male,0,Yes,No,48,One-Year,Yes,Mailed Check,DSL,No,No,0,45.63,2270.16,0
CUST_0117,Male,0,No,Yes,21,Month-to-Month,No,Electronic Check,DSL,No,No,0,45.32,934.18,0
CUST_0118,Female,0,No,No,67,Two-Year,Yes,Mailed Check,Fiber Optic,No,Yes,0,85.75,5481.02,0
CUST_0119,Male,0,No,No,26,Month-to-Month,No,Bank Transfer (automatic),No,No internet service,No internet service,0,24.24,613.92,0
CUST_0120,Female,0,Yes,No,33,One-Year,No,Bank Transfer (automatic),DSL,No,No,0,46.28,1528.08,0
CUST_0121,Female,0,Yes,No,19,Month-to-Month,Yes,Electronic Check,No,No internet service,No internet service,0,22.15,404.3,0
CUST_0122,Female,0,Yes,No,10,Month-to-Month,Yes,Electronic Check,No,No internet service,No internet service,4,21.39,222.93,0
CUST_0123,Female,0,No,No,28,Month-to-Month,No,Bank Transfer (automatic),DSL,No,No,3,51.69,1505.2,0
CUST_0124,Female,0,No,No,2,One-Year,No,Bank Transfer (automatic),Fiber Optic,No,Yes,0,78.37,151.24,0
CUST_0125,Female,0,No,Yes,49,One-Year,No,Electronic Check,DSL,No,No,1,40.66,2039.58,1
CUST_0126,Male,1,Yes,Yes,31,One-Year,Yes,Bank Transfer (automatic),DSL,No,No,3,40.25,1242.85,0
CUST_0127,Female,0,No,Yes,64,Two-Year,No,Credit Card (automatic),DSL,Yes,No,1,59.07,3962.75,0
CUST_0128,Male,0,Yes,Yes,68,Two-Year,Yes,Electronic Check,Fiber Optic,Yes,No,2,81.55,5298.85,0
CUST_0129,Male,0,No,Yes,27,Two-Year,Yes,Mailed Check,DSL,Yes,Yes,1,64.57,1738.34,0
CUST_0130,Female,0,Yes,Yes,2,Month-to-Month,Yes,Electronic Check,No,No internet service,No internet service,2,19.23,37.63,0
CUST_0131,Male,0,No,Yes,13,One-Year,Yes,Credit Card (automatic),No,No internet service,No internet service,2,28.63,380.62,0
CUST_0132,Male,0,Yes,No,3,Month-to-Month,No,Electronic Check,Fiber Optic,No,No,1,71.71,206.76,1
CUST_0133,Male,0,Yes,Yes,64,Two-Year,Yes,Electronic Check,No,No internet service,No internet service,1,25.9,1678.84,0
CUST_0134,Female,0,No,No,4,One-Year,No,Credit Card (automatic),Fiber Optic,Yes,Yes,1,88.79,371.07,1
CUST_0135,Female,0,Yes,Yes,38,One-Year,Yes,Electronic Check,No,No internet service,No internet service,2,21.17,800.75,0
CUST_0136,Female,0,Yes,Yes,60,One-Year,No,Bank Transfer (automatic),Fiber Optic,No,Yes,1,84.05,5019.92,0
CUST_0137,Male,0,No,No,57,Two-Year,Yes,Electronic Check,No,No internet service,No internet service,0,22.77,1297.33,0
CUST_0138,Female,0,No,Yes,51,Month-to-Month,No,Credit Card (automatic),DSL,No,No,3,43.99,2224.58,0
CUST_0139,Female,0,No,No,4,Month-to-Month,Yes,Credit Card (automatic),Fiber Optic,No,Yes,3,85.95,341.99,0
CUST_0140,Male,0,Yes,Yes,37,Month-to-Month,Yes,Bank Transfer (automatic),Fiber Optic,Yes,No,2,83.97,3095.47,0
CUST_0141,Male,0,No,Yes,48,Two-Year,No,Electronic Check,Fiber Optic,No,Yes,2,82.35,4149.68,0
CUST_0142,Male,0,No,No,72,One-Year,Yes,Electronic Check,DSL,Yes,No,2,55.29,3828.19,0
CUST_0143,Female,0,Yes,No,14,One-Year,Yes,Bank Transfer (automatic),No,No internet service,No internet service,2,18.5,253.44,0
CUST_0144,Female,0,No,No,63,Month-to-Month,No,Electronic Check,DSL,Yes,Yes,2,61.33,3752.04,0
CUST_0145,Female,0,Yes,Yes,59,One-Year,Yes,Bank Transfer (automatic),No,No internet service,No internet service,0,18.5,1096.32,0
CUST_0146,Male,0,Yes,Yes,70,One-Year,Yes,Bank Transfer (automatic),DSL,No,No,0,44.38,2952.14,0
CUST_0147,Female,0,Yes,No,68,One-Year,Yes,Credit Card (automatic),No,No internet service,No internet service,0,18.5,1310.97,0
CUST_0148,Female,0,Yes,No,30,Month-to-Month,Yes,Electronic Check,DSL,Yes,No,1,58.38,1756.85,1
CUST_0149,Female,0,No,No,46,Two-Year,No,Bank Transfer (automatic),Fiber Optic,No,Yes,0,85.29,4078.73,0
CUST_0150,Female,0,No,Yes,26,Month-to-Month,Yes,Credit Card (automatic),DSL,No,No,0,40.0,1023.88,0
CUST_0151,Male,0,No,No,31,One-Year,Yes,Mailed Check,Fiber Optic,No,No,1,72.2,2159.85,0
CUST_0152,Male,0,No,No,60,One-Year,Yes,Credit Card (automatic),No,No internet service,No internet service,0,19.89,1156.68,0
CUST_0153,Female,0,Yes,No,2,Month-to-Month,No,Electronic Check,Fiber Optic,Yes,No,1,75.11,149.78,1
CUST_0154,Female,0,No,No,2,Month-to-Month,No,Bank Transfer (automatic),Fiber Optic,No,Yes,2,85.63,163.39,0
CUST_0155,Female,0,No,No,56,Two-Year,Yes,Credit Card (automatic),Fiber Optic,No,No,0,66.26,3815.13,0
CUST_0156,Male,0,Yes,No,5,Month-to-Month,Yes,Electronic Check,DSL,No,No,0,55.28,284.43,1
CUST_0157,Female,1,No,No,22,Month-to-Month,Yes,Mailed Check,Fiber Optic,No,Yes,1,86.67,1945.25,0
CUST_0158,Male,0,No,No,15,Month-to-Month,Yes,Electronic Check,No,No internet service,No internet service,4,19.43,303.0,1
CUST_0159,Male,0,No,No,71,Month-to-Month,Yes,Bank Transfer (automatic),Fiber Optic,No,Yes,2,81.99,5850.09,0
CUST_0160,Female,0,No,No,30,Month-to-Month,No,Bank Transfer (automatic),Fiber Optic,Yes,No,0,76.43,2288.16,1
CUST_0161,Female,0,Yes,No,71,Month-to-Month,No,Electronic Check,Fiber Optic,No,No,2,77.03,5485.09,0
CUST_0162,Male,0,Yes,Yes,50,One-Year,Yes,Bank Transfer (automatic),Fiber Optic,No,Yes,1,78.6,3805.01,0
CUST_0163,Male,0,Yes,Yes,15,One-Year,Yes,Credit Card (automatic),Fiber Optic,Yes,No,5,82.17,1234.06,0
CUST_0164,Male,0,No,Yes,57,One-Year,Yes,Credit Card (automatic),Fiber Optic,No,Yes,1,79.43,4546.42,1
CUST_0165,Male,0,No,No,20,Month-to-Month,No,Bank Transfer (automatic),Fiber Optic,Yes,Yes,2,95.84,1967.52,0
CUST_0166,Female,0,No,Yes,39,Month-to-Month,No,Mailed Check,Fiber Optic,No,No,0,69.92,2685.41,0
CUST_0167,Female,0,Yes,No,70,One-Year,Yes,Credit Card (automatic),Fiber Optic,Yes,Yes,1,91.5,6143.82,0
CUST_0168,Male,1,Yes,No,67,One-Year,No,Mailed Check,DSL,Yes,Yes,1,70.86,4793.89,0
CUST_0169,Female,0,No,No,6,Month-to-Month,Yes,Bank Transfer (automatic),Fiber Optic,Yes,Yes,1,100.02,617.4,1
CUST_0170,Female,0,No,No,10,Month-to-Month,Yes,Bank Transfer (automatic),Fiber Optic,No,Yes,4,82.2,860.6,0
CUST_0171,Female,0,Yes,Yes,14,One-Year,Yes,Mailed Check,Fiber Optic,No,Yes,2,73.24,983.35,0
CUST_0172,Male,0,No,No,56,One-Year,Yes,Electronic Check,DSL,No,No,3,46.5,2668.15,0
CUST_0173,Female,0,No,No,16,One-Year,Yes,Electronic Check,Fiber Optic,No,Yes,2,76.09,1229.11,1
CUST_0174,Male,0,No,No,28,Month-to-Month,Yes,Mailed Check,DSL,Yes,Yes,1,63.52,1692.36,0
CUST_0175,Male,0,No,No,27,Two-Year,Yes,Mailed Check,No,No internet service,No internet service,2,18.5,510.4,0
CUST_0176,Male,0,Yes,Yes,5,Month-to-Month,Yes,Credit Card (automatic),Fiber Optic,Yes,No,2,84.82,404.01,1
CUST_0177,Male,0,No,No,12,Month-to-Month,No,Mailed Check,Fiber Optic,No,Yes,2,76.19,940.36,0
CUST_0178,Male,0,No,Yes,6,Two-Year,Yes,Electronic Check,Fiber Optic,No,Yes,0,85.95,527.11,0
CUST_0179,Male,0,Yes,Yes,2,Month-to-Month,No,Mailed Check,Fiber Optic,Yes,No,1,85.24,173.68,1
CUST_0180,Male,1,Yes,No,23,Month-to-Month,Yes,Electronic Check,Fiber Optic,Yes,No,0,78.55,1738.0,1
CUST_0181,Female,0,No,No,50,Month-to-Month,Yes,Electronic Check,DSL,No,No,1,46.92,2444.31,1
CUST_0182,Female,0,Yes,Yes,7,Month-to-Month,Yes,Electronic Check,No,No internet service,No internet service,0,24.71,179.87,0
CUST_0183,Male,0,Yes,No,46,Two-Year,Yes,Electronic Check,Fiber Optic,Yes,No,1,79.67,3811.51,0
CUST_0184,Female,0,No,No,44,Two-Year,Yes,Electronic Check,Fiber Optic,No,No,0,74.93,3250.88,0
CUST_0185,Female,0,Yes,No,67,Two-Year,Yes,Electronic Check,DSL,No,Yes,2,57.68,3861.54,0
CUST_0186,Female,0,No,Yes,40,One-Year,No,Credit Card (automatic),Fiber Optic,No,Yes,0,79.24,3047.54,0
CUST_0187,Male,0,Yes,Yes,42,Two-Year,No,Electronic Check,Fiber Optic,Yes,Yes,2,97.3,3903.15,0
CUST_0188,Female,0,No,No,29,One-Year,No,Electronic Check,DSL,Yes,No,2,54.09,1499.4,0
CUST_0189,Female,0,Yes,Yes,42,One-Year,Yes,Credit Card (automatic),Fiber Optic,Yes,No,1,87.54,3701.96,0
CUST_0190,Female,0,Yes,Yes,59,One-Year,Yes,Bank Transfer (automatic),DSL,No,No,1,40.39,2340.45,0
CUST_0191,Male,0,Yes,No,16,One-Year,Yes,Electronic Check,Fiber Optic,Yes,No,2,87.24,1406.94,0
CUST_0192,Female,0,No,No,25,Two-Year,No,Electronic Check,DSL,No,No,3,45.87,1157.38,0
CUST_0193,Female,0,No,No,21,One-Year,No,Bank Transfer (automatic),DSL,Yes,No,2,59.85,1308.01,0
CUST_0194,Female,0,Yes,Yes,61,Month-to-Month,No,Bank Transfer (automatic),Fiber Optic,No,No,1,68.43,4333.8,0
CUST_0195,Male,0,No,No,24,Month-to-Month,Yes,Electronic Check,Fiber Optic,No,Yes,2,83.57,2049.52,0
CUST_0196,Male,0,No,No,16,Two-Year,Yes,Electronic Check,Fiber Optic,Yes,No,2,71.88,1186.71,0
CUST_0197,Female,0,No,No,41,Two-Year,Yes,Credit Card (automatic),No,No internet service,No internet service,1,20.87,813.16,0
CUST_0198,Female,0,Yes,No,21,Month-to-Month,Yes,Bank Transfer (automatic),DSL,Yes,Yes,0,63.75,1273.89,0
CUST_0199,Male,0,No,No,42,One-Year,Yes,Mailed Check,Fiber Optic,Yes,No,2,84.99,3554.8,0
CUST_0200,Female,0,Yes,Yes,60,Two-Year,Yes,Electronic Check,DSL,No,Yes,1,54.86,3342.19,0
CUST_0201,Male,0,Yes,No,3,One-Year,Yes,Electronic Check,DSL,Yes,Yes,2,66.82,206.36,0
CUST_0202,Female,0,No,No,4,Month-to-Month,Yes,Mailed Check,No,No internet service,No internet service,2,18.5,73.61,0
CUST_0203,Female,0,No,No,21,Month-to-Month,Yes,Credit Card (automatic),Fiber Optic,No,No,3,70.74,1550.93,0
CUST_0204,Female,0,Yes,Yes,20,One-Year,No,Electronic Check,No,No internet service,No internet service,0,18.5,381.65,0
CUST_0205,Female,0,Yes,No,66,Month-to-Month,Yes,Credit Card (automatic),Fiber Optic,Yes,No,2,81.79,5183.7,0
CUST_0206,Male,0,No,No,13,Two-Year,Yes,Electronic Check,No,No internet service,No internet service,2,18.69,241.52,0
CUST_0207,Female,0,No,No,48,Month-to-Month,No,Mailed Check,Fiber Optic,Yes,No,2,77.9,3924.24,1
CUST_0208,Male,0,Yes,No,21,One-Year,Yes,Electronic Check,Fiber Optic,No,No,2,68.45,1424.5,0
CUST_0209,Female,0,No,No,56,Two-Year,Yes,Bank Transfer (automatic),No,No internet service,No internet service,3,18.5,1024.22,0
CUST_0210,Female,1,Yes,Yes,3,Month-to-Month,No,Mailed Check,DSL,Yes,No,1,60.88,178.88,0
CUST_0211,Female,0,Yes,Yes,69,One-Year,Yes,Bank Transfer (automatic),Fiber Optic,Yes,No,1,86.55,5963.88,0
CUST_0212,Male,0,No,No,2,Month-to-Month,Yes,Bank Transfer (automatic),DSL,Yes,No,3,51.72,105.82,0
CUST_0213,Female,0,Yes,Yes,53,Two-Year,Yes,Mailed Check,Fiber Optic,No,No,2,70.77,3581.08,0
CUST_0214,Male,0,Yes,No,58,One-Year,Yes,Bank Transfer (automatic),Fiber Optic,No,No,0,68.88,4129.16,0
CUST_0215,Male,0,No,No,59,One-Year,Yes,Electronic Check,Fiber Optic,Yes,No,1,78.48,4823.67,0
CUST_0216,Female,0,No,No,45,Two-Year,Yes,Bank Transfer (automatic),Fiber Optic,No,No,0,70.58,3265.38,0
CUST_0217,Male,0,Yes,Yes,35,One-Year,Yes,Electronic Check,DSL,No,No,4,46.88,1709.0,0
CUST_0218,Female,0,No,No,11,Month-to-Month,No,Mailed Check,Fiber Optic,No,No,0,59.35,626.4,0
CUST_0219,Male,0,No,No,47,One-Year,Yes,Credit Card (automatic),Fiber Optic,Yes,No,1,86.02,4022.77,0
CUST_0220,Male,0,Yes,No,24,One-Year,No,Electronic Check,No,No internet service,No internet service,1,22.84,524.65,0
CUST_0221,Female,1,No,No,58,Two-Year,Yes,Credit Card (automatic),Fiber Optic,Yes,No,1,81.89,4909.6,0
CUST_0222,Female,0,Yes,No,71,Two-Year,Yes,Credit Card (automatic),DSL,Yes,Yes,0,65.49,4860.21,0
CUST_0223,Male,0,Yes,Yes,68,Two-Year,Yes,Mailed Check,No,No internet service,No internet service,1,21.96,1463.08,0
CUST_0224,Female,0,No,No,27,Month-to-Month,No,Electronic Check,Fiber Optic,Yes,Yes,3,91.38,2475.99,0
CUST_0225,Female,0,No,No,17,One-Year,No,Credit Card (automatic),Fiber Optic,Yes,No,4,87.08,1450.41,0
CUST_0226,Female,0,Yes,No,70,Two-Year,Yes,Credit Card (automatic),DSL,Yes,No,3,60.59,4189.93,0
CUST_0227,Male,0,Yes,No,36,One-Year,Yes,Electronic Check,DSL,Yes,Yes,1,69.08,2481.05,0
CUST_0228,Female,0,No,No,36,One-Year,No,Credit Card (automatic),DSL,No,No,2,41.78,1547.82,0
CUST_0229,Female,0,Yes,No,2,Two-Year,No,Credit Card (automatic),DSL,No,No,0,46.98,90.64,0
CUST_0230,Female,0,Yes,Yes,7,Month-to-Month,Yes,Mailed Check,No,No internet service,No internet service,2,23.17,156.63,0
CUST_0231,Male,0,Yes,No,32,Month-to-Month,Yes,Credit Card (automatic),Fiber Optic,Yes,Yes,1,92.66,2876.72,0
CUST_0232,Female,0,No,No,5,Month-to-Month,No,Mailed Check,DSL,No,No,0,46.65,222.83,0
CUST_0233,Female,0,Yes,No,53,Month-to-Month,Yes,Bank Transfer (automatic),Fiber Optic,No,Yes,1,80.08,4305.13,0
CUST_0234,Female,0,Yes,Yes,32,Two-Year,No,Electronic Check,Fiber Optic,Yes,Yes,1,87.03,2698.59,0
CUST_0235,Male,1,No,No,47,One-Year,Yes,Electronic Check,Fiber Optic,No,Yes,2,75.35,3519.33,0
CUST_0236,Female,0,No,Yes,25,Month-to-Month,No,Bank Transfer (automatic),Fiber Optic,No,No,3,70.62,1798.27,0
CUST_0237,Female,0,No,No,1,One-Year,Yes,Electronic Check,DSL,No,Yes,4,63.09,62.77,0
CUST_0238,Male,0,Yes,No,68,One-Year,Yes,Bank Transfer (automatic),Fiber Optic,Yes,No,1,78.13,5528.55,0
CUST_0239,Male,0,No,No,2,Month-to-Month,Yes,Credit Card (automatic),Fiber Optic,No,No,1,66.78,137.16,0
CUST_0240,Female,0,Yes,Yes,11,One-Year,No,Electronic Check,Fiber Optic,Yes,No,0,83.2,894.43,1
CUST_0241,Male,0,Yes,Yes,5,Month-to-Month,No,Electronic Check,Fiber Optic,No,No,3,70.15,337.79,0
CUST_0242,Female,0,No,No,39,Two-Year,No,Bank Transfer (automatic),DSL,Yes,Yes,0,70.14,2843.36,0
CUST_0243,Female,0,Yes,No,13,Month-to-Month,No,Electronic Check,DSL,Yes,No,1,59.07,759.99,0
CUST_0244,Female,0,Yes,Yes,15,Month-to-Month,Yes,Credit Card (automatic),No,No internet service,No internet service,2,19.93,295.44,0
CUST_0245,Male,0,Yes,Yes,12,Month-to-Month,Yes,Mailed Check,DSL,Yes,Yes,1,69.55,860.47,0
CUST_0246,Male,0,Yes,Yes,8,Month-to-Month,No,Bank Transfer (automatic),DSL,Yes,No,1,52.49,399.32,0
CUST_0247,Female,0,Yes,No,57,One-Year,No,Electronic Check,Fiber Optic,No,No,1,68.33,3875.77,0
CUST_0248,Male,0,No,No,3,Month-to-Month,Yes,Electronic Check,DSL,No,No,1,50.05,153.37,1
CUST_0249,Female,0,Yes,No,32,One-Year,Yes,Electronic Check,Fiber Optic,Yes,No,1,83.89,2778.08,0
CUST_0250,Male,0,Yes,No,69,One-Year,Yes,Electronic Check,No,No internet service,No internet service,0,21.12,1513.42,0
CUST_0251,Male,0,Yes,Yes,53,One-Year,Yes,Mailed Check,No,No internet service,No internet service,0,18.5,977.13,0
CUST_0252,Male,0,No,No,3,Month-to-Month,No,Bank Transfer (automatic),No,No internet service,No internet service,2,18.5,57.43,0
CUST_0253,Female,1,No,No,20,Month-to-Month,No,Electronic Check,Fiber Optic,No,No,2,65.7,1253.0,1
CUST_0254,Female,0,Yes,No,17,One-Year,Yes,Electronic Check,Fiber Optic,Yes,Yes,4,86.66,1444.55,0
CUST_0255,Male,0,No,No,71,Two-Year,No,Mailed Check,No,No internet service,No internet service,0,18.92,1277.56,0
CUST_0256,Male,0,Yes,No,32,One-Year,Yes,Credit Card (automatic),DSL,Yes,Yes,1,67.44,2085.9,0
CUST_0257,Male,0,Yes,No,33,Two-Year,Yes,Bank Transfer (automatic),DSL,No,Yes,2,57.74,1948.24,0
CUST_0258,Female,0,Yes,No,9,Month-to-Month,No,Electronic Check,Fiber Optic,Yes,No,1,86.14,736.84,1
CUST_0259,Male,0,Yes,Yes,33,One-Year,Yes,Credit Card (automatic),No,No internet service,No internet service,0,18.5,611.91,0
CUST_0260,Female,0,Yes,Yes,55,Month-to-Month,Yes,Credit Card (automatic),DSL,No,No,0,50.0,2726.35,0
CUST_0261,Female,0,No,No,20,Month-to-Month,No,Electronic Check,Fiber Optic,No,No,3,72.06,1386.85,0
CUST_0262,Female,0,Yes,No,43,Two-Year,No,Bank Transfer (automatic),No,No internet service,No internet service,4,25.69,1125.18,0
CUST_0263,Male,0,No,No,67,One-Year,No,Mailed Check,Fiber Optic,No,No,1,65.44,4469.15,0
CUST_0264,Female,0,Yes,Yes,41,One-Year,No,Credit Card (automatic),DSL,Yes,Yes,3,73.69,3089.68,0
CUST_0265,Male,0,Yes,Yes,40,Month-to-Month,Yes,Mailed Check,DSL,Yes,No,2,54.3,2229.62,0
CUST_0266,Male,0,Yes,No,12,Month-to-Month,Yes,Credit Card (automatic),DSL,No,No,3,41.82,492.56,0
CUST_0267,Female,0,No,No,65,Two-Year,No,Electronic Check,Fiber Optic,Yes,Yes,5,93.76,6395.54,0
CUST_0268,Female,0,Yes,Yes,36,One-Year,Yes,Mailed Check,DSL,No,No,0,41.61,1433.99,0
CUST_0269,Male,0,No,No,1,Month-to-Month,Yes,Credit Card (automatic),DSL,No,Yes,2,58.72,59.59,0
CUST_0270,Male,0,Yes,No,23,Month-to-Month,Yes,Credit Card (automatic),DSL,No,No,1,48.36,1164.64,0
CUST_0271,Female,0,Yes,No,67,Two-Year,No,Bank Transfer (automatic),No,No internet service,No internet service,0,21.98,1432.06,0
CUST_0272,Male,0,Yes,No,28,One-Year,Yes,Credit Card (automatic),Fiber Optic,No,Yes,0,81.77,2238.76,1
CUST_0273,Female,0,Yes,Yes,69,One-Year,No,Bank Transfer (automatic),No,No internet service,No internet service,2,24.72,1718.64,0
CUST_0274,Female,0,Yes,No,32,One-Year,Yes,Bank Transfer (automatic),Fiber Optic,No,Yes,3,83.71,2754.06,0
CUST_0275,Male,0,Yes,No,26,Month-to-Month,Yes,Mailed Check,DSL,No,No,1,44.42,1135.16,0
CUST_0276,Male,0,No,No,22,One-Year,No,Mailed Check,Fiber Optic,Yes,No,2,81.49,1853.16,1
CUST_0277,Male,0,Yes,No,26,One-Year,Yes,Mailed Check,Fiber Optic,No,No,1,66.46,1683.21,0
CUST_0278,Female,0,No,Yes,25,Two-Year,Yes,Bank Transfer (automatic),DSL,Yes,Yes,3,65.14,1689.47,0
CUST_0279,Female,0,Yes,Yes,37,One-Year,No,Mailed Check,Fiber Optic,No,No,3,68.18,2460.34,1
CUST_0280,Male,0,No,No,51,Month-to-Month,No,Electronic Check,No,No internet service,No internet service,2,18.5,954.58,0
CUST_0281,Female,0,No,No,52,One-Year,Yes,Electronic Check,Fiber Optic,No,No,0,65.4,3352.44,0
CUST_0282,Female,0,Yes,No,52,Month-to-Month,Yes,Credit Card (automatic),No,No internet service,No internet service,0,18.5,944.86,0
CUST_0283,Male,0,Yes,Yes,34,Month-to-Month,Yes,Electronic Check,DSL,No,No,2,49.3,1651.73,0
CUST_0284,Female,0,No,No,17,Month-to-Month,Yes,Electronic Check,DSL,No,No,1,41.77,710.03,1
CUST_0285,Male,1,No,No,59,One-Year,Yes,Mailed Check,Fiber Optic,Yes,No,1,85.3,5206.35,0
CUST_0286,Male,0,Yes,No,54,Two-Year,Yes,Electronic Check,Fiber Optic,No,Yes,1,79.44,4401.0,0
CUST_0287,Male,0,Yes,No,53,Month-to-Month,Yes,Mailed Check,Fiber Optic,Yes,No,1,82.76,4364.06,0
CUST_0288,Male,0,No,No,29,Two-Year,Yes,Electronic Check,DSL,Yes,No,0,53.74,1524.51,0
CUST_0289,Male,0,Yes,No,49,Two-Year,Yes,Electronic Check,DSL,Yes,Yes,3,69.78,3540.36,0
CUST_0290,Male,0,No,Yes,44,Two-Year,Yes,Credit Card (automatic),DSL,No,No,2,54.11,2468.98,0
CUST_0291,Female,0,Yes,Yes,26,Two-Year,No,Bank Transfer (automatic),No,No internet service,No internet service,1,18.5,478.77,0
CUST_0292,Female,0,Yes,No,16,One-Year,No,Electronic Check,DSL,No,No,0,43.83,715.01,0
CUST_0293,Female,0,No,No,45,Two-Year,Yes,Bank Transfer (automatic),Fiber Optic,No,No,2,65.25,2897.86,0
CUST_0294,Male,0,No,No,72,One-Year,No,Bank Transfer (automatic),Fiber Optic,No,No,0,74.4,5168.83,0
CUST_0295,Male,0,Yes,No,49,One-Year,No,Bank Transfer (automatic),No,No internet service,No internet service,0,25.04,1205.06,0
CUST_0296,Male,0,Yes,Yes,71,Two-Year,Yes,Mailed Check,Fiber Optic,Yes,No,1,78.27,5658.36,0
CUST_0297,Female,0,No,No,15,Month-to-Month,Yes,Electronic Check,DSL,No,No,1,44.37,683.48,0
CUST_0298,Female,0,No,No,37,Month-to-Month,Yes,Bank Transfer (automatic),Fiber Optic,Yes,No,3,83.68,3205.04,1
CUST_0299,Male,0,Yes,Yes,49,Two-Year,Yes,Mailed Check,Fiber Optic,No,No,0,70.27,3277.17,0
CUST_0300,Male,0,No,No,58,One-Year,Yes,Electronic Check,DSL,No,No,1,41.3,2392.14,0
CUST_0301,Female,0,No,No,4,Month-to-Month,No,Mailed Check,DSL,No,No,1,41.13,160.8,0
CUST_0302,Male,0,No,No,38,Month-to-Month,No,Credit Card (automatic),DSL,No,Yes,0,52.07,2015.06,0
CUST_0303,Male,0,No,No,20,One-Year,No,Mailed Check,DSL,Yes,No,1,61.1,1190.88,0
CUST_0304,Female,0,Yes,Yes,43,One-Year,No,Electronic Check,Fiber Optic,Yes,No,1,84.65,3664.08,0
CUST_0305,Female,0,No,No,71,Two-Year,No,Credit Card (automatic),Fiber Optic,No,No,1,76.67,5558.95,0
CUST_0306,Male,0,No,No,67,Month-to-Month,Yes,Credit Card (automatic),DSL,Yes,No,2,52.97,3644.84,0
CUST_0307,Male,0,Yes,Yes,51,Two-Year,Yes,Mailed Check,DSL,No,No,4,46.2,2301.88,0
CUST_0308,Female,0,Yes,No,54,Month-to-Month,Yes,Mailed Check,Fiber Optic,No,Yes,1,82.54,4273.45,0
CUST_0309,Male,0,Yes,No,27,Month-to-Month,No,Bank Transfer (automatic),DSL,No,No,0,46.49,1219.92,0
CUST_0310,Male,0,No,No,22,Month-to-Month,Yes,Electronic Check,DSL,Yes,No,1,59.44,1320.64,1
CUST_0311,Male,0,Yes,Yes,6,Month-to-Month,No,Bank Transfer (automatic),Fiber Optic,No,Yes,0,94.79,542.6,1
CUST_0312,Male,0,No,No,59,Two-Year,No,Credit Card (automatic),DSL,No,No,1,57.63,3284.18,0
CUST_0313,Male,0,No,No,65,Month-to-Month,Yes,Mailed Check,DSL,No,Yes,2,58.44,3986.81,0
CUST_0314,Female,0,No,No,42,One-Year,Yes,Electronic Check,Fiber Optic,Yes,No,0,88.46,3671.6,0
CUST_0315,Male,0,No,Yes,5,Month-to-Month,No,Electronic Check,DSL,Yes,No,0,53.55,267.66,0
CUST_0316,Male,0,No,No,61,Two-Year,Yes,Bank Transfer (automatic),DSL,No,No,0,44.6,2587.56,0
CUST_0317,Female,0,Yes,No,48,Month-to-Month,Yes,Electronic Check,No,No internet service,No internet service,3,18.5,896.16,0
CUST_0318,Female,0,No,No,26,Month-to-Month,No,Mailed Check,DSL,Yes,No,2,58.01,1481.91,0
CUST_0319,Female,0,Yes,Yes,55,Two-Year,No,Mailed Check,Fiber Optic,Yes,No,6,84.1,4639.47,0
CUST_0320,Female,0,No,No,22,Two-Year,Yes,Electronic Check,Fiber Optic,No,Yes,1,91.2,2011.64,0
CUST_0321,Male,0,Yes,No,3,One-Year,No,Mailed Check,No,No internet service,No internet service,2,18.5,58.09,0
CUST_0322,Female,0,No,No,60,Two-Year,Yes,Mailed Check,No,No internet service,No internet service,2,25.3,1482.82,0
CUST_0323,Male,0,No,No,49,Month-to-Month,No,Bank Transfer (automatic),Fiber Optic,Yes,No,0,80.35,3964.88,0
CUST_0324,Female,1,No,No,16,One-Year,No,Electronic Check,Fiber Optic,No,No,0,67.77,1071.48,1
CUST_0325,Male,0,Yes,No,24,One-Year,Yes,Electronic Check,DSL,No,Yes,2,56.06,1334.95,0
CUST_0326,Female,0,Yes,Yes,12,Two-Year,Yes,Credit Card (automatic),DSL,No,Yes,1,64.92,744.42,0
CUST_0327,Female,0,No,No,59,One-Year,No,Bank Transfer (automatic),Fiber Optic,No,Yes,0,74.16,4457.9,0
CUST_0328,Male,0,Yes,Yes,27,Two-Year,Yes,Credit Card (automatic),DSL,No,No,2,46.81,1225.36,0
CUST_0329,Female,0,No,No,40,One-Year,Yes,Electronic Check,Fiber Optic,No,Yes,3,86.5,3449.1,0
CUST_0330,Female,0,Yes,No,45,Two-Year,Yes,Electronic Check,Fiber Optic,Yes,No,2,78.13,3492.74,0
CUST_0331,Female,0,No,No,37,One-Year,Yes,Bank Transfer (automatic),Fiber Optic,Yes,No,0,84.13,3102.89,1
CUST_0332,Male,0,Yes,Yes,6,Month-to-Month,No,Credit Card (automatic),DSL,Yes,No,0,54.11,320.62,0
CUST_0333,Female,0,No,No,59,One-Year,Yes,Credit Card (automatic),DSL,No,Yes,1,64.85,3727.58,0
CUST_0334,Male,0,No,Yes,24,Month-to-Month,Yes,Credit Card (automatic),DSL,No,No,0,39.84,951.26,0
CUST_0335,Male,0,Yes,Yes,54,Two-Year,Yes,Electronic Check,Fiber Optic,No,No,2,72.32,3728.07,0
CUST_0336,Male,0,Yes,Yes,1,Month-to-Month,No,Credit Card (automatic),No,No internet service,No internet service,2,18.5,20.0,0
CUST_0337,Male,0,Yes,Yes,58,Two-Year,Yes,Credit Card (automatic),Fiber Optic,Yes,Yes,0,93.44,5573.89,0
CUST_0338,Female,0,No,No,9,Month-to-Month,Yes,Electronic Check,DSL,Yes,No,0,55.84,519.79,0
CUST_0339,Male,0,No,No,19,Two-Year,No,Mailed Check,DSL,No,No,2,49.44,959.59,0
CUST_0340,Female,0,No,No,2,Month-to-Month,Yes,Bank Transfer (automatic),Fiber Optic,No,Yes,1,82.78,167.75,1
CUST_0341,Male,0,No,No,8,Month-to-Month,Yes,Electronic Check,Fiber Optic,No,No,1,64.38,531.07,1
CUST_0342,Male,0,Yes,No,37,Two-Year,No,Mailed Check,No,No internet service,No internet service,2,21.53,766.96,0
CUST_0343,Male,0,Yes,No,29,Month-to-Month,No,Credit Card (automatic),DSL,No,No,1,46.13,1341.15,0
CUST_0344,Male,0,Yes,No,5,Month-to-Month,No,Credit Card (automatic),Fiber Optic,Yes,Yes,0,98.21,472.21,1
CUST_0345,Male,0,Yes,Yes,57,One-Year,Yes,Credit Card (automatic),No,No internet service,No internet service,0,21.39,1253.11,0
CUST_0346,Male,0,No,No,18,One-Year,Yes,Mailed Check,Fiber Optic,No,Yes,1,75.97,1370.27,1
CUST_0347,Female,0,No,No,23,Month-to-Month,Yes,Mailed Check,Fiber Optic,No,Yes,1,86.76,2057.34,0
CUST_0348,Male,0,Yes,No,31,Month-to-Month,No,Bank Transfer (automatic),DSL,No,No,0,49.62,1584.22,0
CUST_0349,Male,0,No,No,6,One-Year,No,Mailed Check,DSL,No,No,2,47.14,281.88,1
CUST_0350,Male,0,No,No,52,One-Year,Yes,Electronic Check,Fiber Optic,No,No,1,71.21,3701.76,0
CUST_0351,Female,0,Yes,No,72,Month-to-Month,Yes,Bank Transfer (automatic),Fiber Optic,No,No,2,71.55,4908.58,0
CUST_0352,Female,0,Yes,No,57,Two-Year,Yes,Electronic Check,DSL,No,Yes,2,61.68,3524.03,0
CUST_0353,Male,0,Yes,Yes,2,Month-to-Month,Yes,Electronic Check,DSL,No,No,1,50.5,102.79,1
CUST_0354,Male,0,No,No,48,Two-Year,Yes,Electronic Check,No,No internet service,No internet service,1,22.19,1036.75,0
CUST_0355,Male,0,No,No,37,One-Year,No,Credit Card (automatic),DSL,No,Yes,3,59.6,2312.49,0
CUST_0356,Female,0,No,No,17,One-Year,No,Electronic Check,DSL,No,No,1,45.86,816.64,0
CUST_0357,Male,0,Yes,No,48,One-Year,No,Mailed Check,Fiber Optic,No,No,1,79.68,3741.58,0
CUST_0358,Male,0,Yes,Yes,36,Two-Year,No,Credit Card (automatic),No,No internet service,No internet service,1,18.5,680.18,0
CUST_0359,Male,0,No,No,37,One-Year,No,Mailed Check,Fiber Optic,Yes,No,1,79.41,2800.08,0
CUST_0360,Male,0,No,No,30,One-Year,No,Electronic Check,DSL,No,Yes,3,53.88,1643.19,0
CUST_0361,Male,0,No,No,48,Two-Year,Yes,Bank Transfer (automatic),No,No internet service,No internet service,2,28.47,1383.51,0
CUST_0362,Female,0,No,No,36,Two-Year,Yes,Electronic Check,DSL,No,Yes,1,56.19,2088.01,0
CUST_0363,Male,0,Yes,Yes,38,Month-to-Month,Yes,Electronic Check,DSL,Yes,No,2,49.06,1827.81,0
CUST_0364,Female,0,No,No,4,One-Year,No,Credit Card (automatic),DSL,No,No,1,41.82,173.6,0
CUST_0365,Male,0,No,No,17,Month-to-Month,No,Electronic Check,No,No internet service,No internet service,1,22.3,392.67,0
CUST_0366,Male,0,Yes,Yes,49,One-Year,Yes,Bank Transfer (automatic),DSL,Yes,Yes,1,69.2,3448.31,0
CUST_0367,Female,0,No,No,31,Month-to-Month,No,Mailed Check,DSL,No,No,4,44.67,1380.94,0
CUST_0368,Male,0,Yes,No,58,One-Year,Yes,Electronic Check,DSL,No,Yes,1,57.9,3397.96,0
CUST_0369,Female,0,Yes,No,2,Month-to-Month,No,Mailed Check,Fiber Optic,Yes,No,1,86.64,177.26,0
CUST_0370,Female,0,Yes,Yes,29,One-Year,No,Electronic Check,DSL,Yes,No,0,60.77,1846.08,0
CUST_0371,Male,0,Yes,No,22,One-Year,No,Mailed Check,Fiber Optic,No,Yes,2,78.82,1668.45,0
CUST_0372,Female,0,Yes,Yes,7,Month-to-Month,No,Bank Transfer (automatic),Fiber Optic,Yes,Yes,3,95.26,654.36,0
CUST_0373,Male,0,Yes,Yes,68,One-Year,Yes,Electronic Check,DSL,No,No,0,51.28,3584.93,0
CUST_0374,Female,0,No,Yes,62,Two-Year,Yes,Bank Transfer (automatic),Fiber Optic,No,Yes,1,82.94,5095.58,0
CUST_0375,Male,1,Yes,No,10,Month-to-Month,Yes,Electronic Check,Fiber Optic,No,Yes,4,79.71,810.85,0
CUST_0376,Female,0,Yes,No,65,One-Year,Yes,Mailed Check,Fiber Optic,Yes,No,2,77.49,4852.06,0
CUST_0377,Male,0,Yes,Yes,58,Two-Year,No,Bank Transfer (automatic),Fiber Optic,No,No,0,71.02,4205.32,0
CUST_0378,Female,0,No,Yes,68,One-Year,Yes,Mailed Check,Fiber Optic,No,No,4,69.22,4788.89,0
CUST_0379,Female,1,Yes,Yes,31,Month-to-Month,Yes,Credit Card (automatic),No,No internet service,No internet service,1,19.15,598.74,0
CUST_0380,Female,0,Yes,No,14,One-Year,No,Bank Transfer (automatic),DSL,No,No,1,45.92,659.93,0
CUST_0381,Female,0,No,Yes,71,Month-to-Month,Yes,Credit Card (automatic),Fiber Optic,No,No,2,67.3,4959.93,0
CUST_0382,Female,0,No,No,39,Two-Year,Yes,Electronic Check,Fiber Optic,Yes,No,2,87.17,3511.58,0
CUST_0383,Female,0,No,No,45,Two-Year,Yes,Credit Card (automatic),DSL,No,No,1,44.72,1937.45,0
CUST_0384,Male,0,No,No,39,One-Year,Yes,Bank Transfer (automatic),DSL,Yes,No,1,64.94,2594.56,0
CUST_0385,Male,0,Yes,No,29,Month-to-Month,Yes,Bank Transfer (automatic),DSL,No,No,2,49.13,1417.61,0
CUST_0386,Male,0,No,No,47,One-Year,Yes,Credit Card (automatic),Fiber Optic,Yes,No,1,81.7,3776.11,0
CUST_0387,Male,0,Yes,Yes,40,One-Year,Yes,Bank Transfer (automatic),Fiber Optic,No,No,0,64.88,2693.73,0
CUST_0388,Male,1,Yes,No,8,Month-to-Month,Yes,Credit Card (automatic),Fiber Optic,No,No,2,72.65,584.66,0
CUST_0389,Female,0,Yes,No,69,Two-Year,No,Bank Transfer (automatic),DSL,Yes,Yes,2,70.89,4892.01,0
CUST_0390,Male,0,No,No,47,Month-to-Month,No,Bank Transfer (automatic),DSL,Yes,No,2,54.2,2619.9,0
CUST_0391,Female,0,Yes,Yes,2,One-Year,Yes,Mailed Check,No,No internet service,No internet service,5,18.5,37.2,0
CUST_0392,Male,0,No,No,44,Month-to-Month,No,Electronic Check,Fiber Optic,No,Yes,2,81.95,3734.89,1
CUST_0393,Male,0,No,No,5,Two-Year,No,Bank Transfer (automatic),DSL,No,No,2,45.94,220.58,0
CUST_0394,Female,1,Yes,Yes,15,Month-to-Month,No,Credit Card (automatic),No,No internet service,No internet service,2,20.64,318.15,0
CUST_0395,Female,0,No,Yes,1,Month-to-Month,Yes,Credit Card (automatic),DSL,No,Yes,4,57.01,55.09,0
CUST_0396,Female,0,No,No,26,Month-to-Month,No,Bank Transfer (automatic),DSL,No,No,2,49.78,1258.72,0
CUST_0397,Female,0,No,No,66,One-Year,No,Bank Transfer (automatic),No,No internet service,No internet service,3,18.5,1181.86,0
CUST_0398,Male,0,Yes,No,30,One-Year,Yes,Mailed Check,Fiber Optic,Yes,No,0,89.58,2617.1,0
CUST_0399,Female,0,No,No,41,One-Year,Yes,Electronic Check,Fiber Optic,Yes,No,2,75.33,3160.13,0
CUST_0400,Male,0,Yes,Yes,16,Two-Year,No,Electronic Check,No,No internet service,No internet service,3,18.5,300.6,0
CUST_0401,Male,0,No,Yes,65,One-Year,Yes,Electronic Check,DSL,Yes,No,3,52.23,3303.21,0
CUST_0402,Male,0,No,No,60,Two-Year,Yes,Bank Transfer (automatic),DSL,No,Yes,1,57.88,3392.99,0
CUST_0403,Male,0,Yes,Yes,66,Two-Year,Yes,Credit Card (automatic),DSL,Yes,Yes,3,70.6,4472.89,0
CUST_0404,Male,0,No,Yes,64,One-Year,No,Electronic Check,Fiber Optic,No,Yes,0,89.01,5647.9,0
CUST_0405,Female,0,No,No,7,Month-to-Month,No,Electronic Check,DSL,No,No,0,45.86,317.12,0
CUST_0406,Female,0,No,No,18,One-Year,Yes,Electronic Check,DSL,No,No,2,48.39,840.17,1
CUST_0407,Male,0,Yes,No,46,One-Year,No,Electronic Check,Fiber Optic,No,Yes,1,77.65,3691.42,0
CUST_0408,Male,0,Yes,No,46,Two-Year,Yes,Mailed Check,Fiber Optic,No,No,2,64.47,3070.19,0
CUST_0409,Male,0,No,No,9,Month-to-Month,No,Electronic Check,DSL,No,No,2,50.23,434.4,0
CUST_0410,Male,0,No,No,20,One-Year,Yes,Electronic Check,Fiber Optic,Yes,No,2,85.77,1675.32,1
CUST_0411,Female,0,No,No,61,Month-to-Month,No,Credit Card (automatic),Fiber Optic,No,Yes,3,82.96,5180.03,0
CUST_0412,Male,0,Yes,No,48,Two-Year,Yes,Electronic Check,Fiber Optic,No,Yes,1,78.5,3907.4,0
CUST_0413,Female,0,Yes,Yes,5,Month-to-Month,Yes,Credit Card (automatic),DSL,No,No,1,54.72,261.88,0
CUST_0414,Male,0,No,No,42,Two-Year,Yes,Bank Transfer (automatic),No,No internet service,No internet service,3,23.32,1018.85,0
CUST_0415,Female,0,No,Yes,33,One-Year,No,Electronic Check,DSL,No,Yes,1,54.23,1711.14,0
CUST_0416,Male,0,Yes,No,5,Month-to-Month,No,Credit Card (automatic),Fiber Optic,Yes,No,2,82.21,416.55,0
CUST_0417,Female,0,No,No,16,Two-Year,Yes,Bank Transfer (automatic),No,No internet service,No internet service,0,18.5,281.85,0
CUST_0418,Male,0,No,No,14,One-Year,Yes,Electronic Check,Fiber Optic,Yes,Yes,5,94.49,1379.51,0
CUST_0419,Female,0,Yes,No,56,Two-Year,No,Electronic Check,Fiber Optic,No,Yes,1,80.14,4422.18,0
CUST_0420,Male,0,Yes,Yes,48,One-Year,No,Bank Transfer (automatic),Fiber Optic,No,Yes,2,91.55,4459.79,0
CUST_0421,Male,1,Yes,No,7,Month-to-Month,Yes,Mailed Check,Fiber Optic,No,Yes,0,85.05,576.57,1
CUST_0422,Female,0,No,No,30,One-Year,Yes,Mailed Check,Fiber Optic,No,No,1,59.88,1764.29,0
CUST_0423,Female,0,Yes,No,44,Two-Year,Yes,Electronic Check,Fiber Optic,No,No,2,77.36,3488.02,0
CUST_0424,Female,0,Yes,No,35,Month-to-Month,Yes,Electronic Check,Fiber Optic,Yes,Yes,1,95.61,3504.63,0
CUST_0425,Female,0,No,No,31,Month-to-Month,Yes,Credit Card (automatic),DSL,No,No,2,51.16,1664.0,0
CUST_0426,Female,0,Yes,Yes,53,Two-Year,Yes,Credit Card (automatic),Fiber Optic,No,No,3,71.11,3885.54,0
CUST_0427,Male,0,Yes,No,45,One-Year,Yes,Bank Transfer (automatic),DSL,Yes,No,4,57.61,2682.46,0
CUST_0428,Male,0,Yes,No,54,Two-Year,No,Electronic Check,DSL,Yes,Yes,2,65.66,3712.07,0
CUST_0429,Male,0,No,No,4,Month-to-Month,No,Credit Card (automatic),Fiber Optic,Yes,No,2,84.61,322.88,1
CUST_0430,Female,0,No,Yes,9,Two-Year,No,Bank Transfer (automatic),DSL,Yes,Yes,1,73.36,638.46,0
CUST_0431,Male,0,Yes,Yes,8,Month-to-Month,No,Credit Card (automatic),DSL,Yes,Yes,4,61.99,473.74,0
CUST_0432,Male,0,No,No,6,Month-to-Month,No,Electronic Check,Fiber Optic,No,No,1,66.72,400.37,1
CUST_0433,Female,0,No,Yes,52,One-Year,Yes,Mailed Check,Fiber Optic,No,No,1,65.07,3538.78,0
CUST_0434,Female,0,Yes,No,59,Two-Year,No,Credit Card (automatic),DSL,No,Yes,0,64.14,3815.46,0
CUST_0435,Male,0,Yes,No,22,One-Year,Yes,Electronic Check,DSL,Yes,No,1,61.48,1360.05,0
CUST_0436,Male,0,Yes,Yes,56,Two-Year,No,Bank Transfer (automatic),DSL,No,No,2,43.56,2519.05,0
CUST_0437,Male,0,Yes,Yes,68,Month-to-Month,No,Bank Transfer (automatic),Fiber Optic,Yes,No,1,86.3,6120.12,1
CUST_0438,Male,0,No,No,17,One-Year,No,Electronic Check,DSL,Yes,Yes,3,63.53,1101.45,0
CUST_0439,Male,0,No,Yes,52,Two-Year,Yes,Credit Card (automatic),DSL,No,Yes,2,58.22,3147.14,0
CUST_0440,Female,0,Yes,No,34,Month-to-Month,No,Electronic Check,No,No internet service,No internet service,0,23.74,780.94,0
CUST_0441,Female,0,Yes,No,21,One-Year,No,Bank Transfer (automatic),DSL,Yes,Yes,2,66.84,1404.12,0
CUST_0442,Female,0,Yes,Yes,41,Month-to-Month,Yes,Credit Card (automatic),Fiber Optic,Yes,Yes,3,93.97,3800.61,1
CUST_0443,Male,0,No,No,62,Two-Year,No,Credit Card (automatic),Fiber Optic,Yes,No,1,84.01,5121.39,0
CUST_0444,Female,0,Yes,No,47,Two-Year,Yes,Credit Card (automatic),Fiber Optic,No,No,0,74.62,3406.92,0
CUST_0445,Male,0,No,No,64,One-Year,No,Bank Transfer (automatic),DSL,No,Yes,3,50.9,3385.95,0
CUST_0446,Male,0,Yes,Yes,4,Month-to-Month,Yes,Bank Transfer (automatic),Fiber Optic,Yes,No,0,81.32,323.67,1
CUST_0447,Female,0,No,Yes,52,Two-Year,Yes,Bank Transfer (automatic),DSL,No,Yes,1,53.32,2781.03,0
CUST_0448,Male,0,No,No,69,Month-to-Month,No,Electronic Check,DSL,No,No,0,47.19,3183.27,0
CUST_0449,Male,0,Yes,No,12,Month-to-Month,Yes,Electronic Check,Fiber Optic,Yes,No,2,80.77,1014.1,0
CUST_0450,Female,0,No,No,52,One-Year,Yes,Bank Transfer (automatic),DSL,Yes,No,1,60.26,3168.37,0
CUST_0451,Male,0,No,No,4,Month-to-Month,Yes,Electronic Check,DSL,Yes,Yes,1,63.63,241.81,1
CUST_0452,Female,0,Yes,Yes,43,Month-to-Month,No,Credit Card (automatic),Fiber Optic,No,Yes,0,80.1,3364.36,0
CUST_0453,Male,0,No,No,3,Month-to-Month,Yes,Mailed Check,No,No internet service,No internet service,0,28.01,88.23,0
CUST_0454,Female,0,Yes,Yes,41,Month-to-Month,No,Electronic Check,DSL,Yes,No,0,56.19,2413.17,0
CUST_0455,Male,0,No,No,42,Two-Year,No,Mailed Check,Fiber Optic,Yes,No,1,86.33,3642.04,0
CUST_0456,Male,0,Yes,Yes,29,One-Year,Yes,Credit Card (automatic),DSL,No,No,2,40.77,1189.91,0
CUST_0457,Female,0,No,No,20,Month-to-Month,No,Credit Card (automatic),DSL,No,No,1,39.05,812.36,0
CUST_0458,Male,0,No,No,27,One-Year,Yes,Electronic Check,DSL,Yes,No,1,62.62,1726.0,0
CUST_0459,Male,0,No,No,53,Two-Year,Yes,Credit Card (automatic),DSL,Yes,Yes,1,72.22,3993.1,0
CUST_0460,Male,0,No,No,17,Month-to-Month,Yes,Bank Transfer (automatic),Fiber Optic,Yes,Yes,1,92.33,1566.33,1
CUST_0461,Male,1,No,No,14,One-Year,Yes,Bank Transfer (automatic),Fiber Optic,Yes,No,0,88.54,1298.55,0
CUST_0462,Male,0,Yes,No,7,Month-to-Month,Yes,Credit Card (automatic),DSL,Yes,Yes,0,66.52,467.48,0
CUST_0463,Male,0,No,No,54,Month-to-Month,Yes,Electronic Check,Fiber Optic,No,No,0,66.57,3646.85,1
CUST_0464,Female,0,No,No,35,Month-to-Month,No,Bank Transfer (automatic),DSL,No,No,1,45.06,1511.27,0
CUST_0465,Male,0,No,No,28,One-Year,Yes,Electronic Check,Fiber Optic,Yes,No,2,80.92,2291.05,0
CUST_0466,Male,0,No,No,69,Two-Year,No,Electronic Check,DSL,Yes,No,0,52.36,3709.58,0
CUST_0467,Male,0,No,No,35,Month-to-Month,Yes,Electronic Check,DSL,No,No,1,44.53,1549.09,0
CUST_0468,Male,0,No,No,61,Two-Year,Yes,Electronic Check,DSL,No,No,2,46.01,2807.29,0
CUST_0469,Female,0,Yes,No,27,One-Year,Yes,Bank Transfer (automatic),DSL,No,No,4,48.32,1290.72,0
CUST_0470,Male,0,Yes,No,9,Month-to-Month,Yes,Electronic Check,DSL,Yes,No,3,67.63,637.22,0
CUST_0471,Female,0,Yes,No,56,Month-to-Month,No,Bank Transfer (automatic),Fiber Optic,Yes,No,0,86.9,4855.02,0
CUST_0472,Male,0,Yes,No,67,Month-to-Month,Yes,Bank Transfer (automatic),Fiber Optic,No,No,2,65.76,4241.23,1
CUST_0473,Female,0,No,No,18,Month-to-Month,Yes,Credit Card (automatic),No,No internet service,No internet service,1,30.89,529.82,0
CUST_0474,Female,0,Yes,Yes,63,One-Year,Yes,Bank Transfer (automatic),No,No internet service,No internet service,0,20.2,1307.27,0
CUST_0475,Female,0,Yes,No,27,One-Year,Yes,Credit Card (automatic),Fiber Optic,No,No,0,71.33,1935.09,0
CUST_0476,Female,0,No,No,40,Two-Year,Yes,Electronic Check,Fiber Optic,No,Yes,1,79.28,3013.52,1
CUST_0477,Female,0,Yes,Yes,61,Month-to-Month,Yes,Bank Transfer (automatic),Fiber Optic,No,No,3,69.96,4217.43,0
CUST_0478,Male,0,Yes,No,37,One-Year,Yes,Electronic Check,No,No internet service,No internet service,2,19.9,766.79,0
CUST_0479,Male,1,Yes,No,16,Month-to-Month,Yes,Bank Transfer (automatic),Fiber Optic,No,No,3,72.72,1215.62,1
CUST_0480,Female,0,Yes,No,39,One-Year,Yes,Mailed Check,Fiber Optic,No,Yes,0,85.63,3190.48,0
CUST_0481,Male,0,No,No,29,One-Year,No,Bank Transfer (automatic),Fiber Optic,No,No,2,68.48,1911.13,0
CUST_0482,Male,0,No,No,29,Month-to-Month,Yes,Electronic Check,DSL,No,No,1,49.77,1371.87,0
CUST_0483,Female,0,No,No,40,Two-Year,Yes,Electronic Check,No,No internet service,No internet service,4,18.5,767.28,0
CUST_0484,Male,0,Yes,No,11,Two-Year,Yes,Bank Transfer (automatic),Fiber Optic,No,No,4,74.47,784.02,0
CUST_0485,Female,0,No,No,54,Two-Year,Yes,Credit Card (automatic),Fiber Optic,Yes,Yes,0,91.37,4740.52,0
CUST_0486,Female,0,Yes,Yes,71,Month-to-Month,Yes,Electronic Check,DSL,No,Yes,3,52.47,3623.9,0
CUST_0487,Female,0,Yes,Yes,44,One-Year,Yes,Credit Card (automatic),Fiber Optic,Yes,No,0,80.81,3704.0,0
CUST_0488,Female,0,Yes,No,49,Month-to-Month,Yes,Electronic Check,Fiber Optic,No,No,0,69.01,3445.14,1
CUST_0489,Male,0,Yes,Yes,30,One-Year,Yes,Bank Transfer (automatic),No,No internet service,No internet service,2,18.5,561.49,0
CUST_0490,Male,0,Yes,No,69,Two-Year,No,Credit Card (automatic),No,No internet service,No internet service,3,18.5,1312.84,0
CUST_0491,Male,0,Yes,Yes,4,Month-to-Month,No,Electronic Check,No,No internet service,No internet service,1,18.5,75.43,0
CUST_0492,Male,0,No,Yes,61,Two-Year,Yes,Mailed Check,DSL,No,Yes,1,57.01,3563.13,0
CUST_0493,Female,0,Yes,No,7,Month-to-Month,Yes,Electronic Check,Fiber Optic,Yes,No,4,84.19,564.2,0
CUST_0494,Female,0,Yes,Yes,56,Two-Year,No,Mailed Check,DSL,No,No,0,44.67,2523.97,0
CUST_0495,Male,0,Yes,No,55,One-Year,No,Bank Transfer (automatic),Fiber Optic,Yes,No,1,78.26,4413.29,0
CUST_0496,Male,0,No,No,59,Two-Year,No,Bank Transfer (automatic),Fiber Optic,No,Yes,1,80.54,4783.06,0
CUST_0497,Female,0,Yes,Yes,26,One-Year,Yes,Credit Card (automatic),Fiber Optic,Yes,No,1,85.96,2125.85,0
CUST_0498,Male,0,No,No,44,One-Year,Yes,Electronic Check,No,No internet service,No internet service,0,18.5,790.49,0
CUST_0499,Male,0,No,No,54,Two-Year,No,Bank Transfer (automatic),DSL,Yes,No,0,53.15,3002.96,0
CUST_0500,Male,0,Yes,Yes,51,Two-Year,No,Mailed Check,Fiber Optic,Yes,Yes,2,87.85,4572.06,0
CUST_0501,Female,0,Yes,No,69,One-Year,Yes,Credit Card (automatic),Fiber Optic,No,Yes,1,79.26,5572.03,0
CUST_0502,Female,1,Yes,Yes,6,One-Year,No,Electronic Check,No,No internet service,No internet service,0,23.3,142.04,0
CUST_0503,Female,0,No,No,16,Month-to-Month,Yes,Credit Card (automatic),DSL,Yes,No,0,54.08,833.07,0
CUST_0504,Female,0,Yes,No,52,One-Year,Yes,Mailed Check,DSL,Yes,No,0,56.85,2809.6,0
CUST_0505,Male,0,Yes,Yes,50,Month-to-Month,Yes,Bank Transfer (automatic),Fiber Optic,No,Yes,1,80.04,3978.25,0
CUST_0506,Male,0,Yes,Yes,28,One-Year,Yes,Mailed Check,DSL,Yes,No,0,54.8,1525.86,0
CUST_0507,Female,0,No,No,4,Month-to-Month,No,Credit Card (automatic),DSL,Yes,No,0,62.25,256.76,1
CUST_0508,Male,0,Yes,No,38,Month-to-Month,No,Bank Transfer (automatic),No,No internet service,No internet service,1,19.4,713.73,0
CUST_0509,Female,0,Yes,No,20,One-Year,No,Bank Transfer (automatic),Fiber Optic,No,Yes,0,76.98,1504.98,0
CUST_0510,Female,0,No,No,45,Month-to-Month,Yes,Bank Transfer (automatic),DSL,No,No,0,38.89,1676.24,0
CUST_0511,Female,0,No,No,41,Month-to-Month,Yes,Mailed Check,Fiber Optic,Yes,Yes,3,89.77,3643.72,0
CUST_0512,Female,0,No,No,55,One-Year,Yes,Electronic Check,Fiber Optic,No,No,1,65.31,3504.4,0
CUST_0513,Female,0,Yes,No,29,Month-to-Month,Yes,Credit Card (automatic),Fiber Optic,Yes,Yes,1,97.45,2759.04,0
CUST_0514,Female,0,No,No,70,One-Year,No,Electronic Check,No,No internet service,No internet service,2,19.17,1308.9,0
CUST_0515,Male,0,No,No,54,One-Year,Yes,Credit Card (automatic),Fiber Optic,Yes,No,1,82.26,4322.78,0
CUST_0516,Male,0,Yes,Yes,12,Month-to-Month,Yes,Bank Transfer (automatic),Fiber Optic,Yes,No,2,81.0,954.48,1
CUST_0517,Male,0,No,No,48,Month-to-Month,Yes,Mailed Check,Fiber Optic,No,No,3,69.19,3333.31,1
CUST_0518,Female,0,Yes,No,67,One-Year,Yes,Bank Transfer (automatic),No,No internet service,No internet service,4,23.77,1582.67,0
CUST_0519,Male,0,No,No,69,Two-Year,No,Bank Transfer (automatic),DSL,No,No,1,49.06,3237.36,0
CUST_0520,Female,0,Yes,No,45,One-Year,Yes,Bank Transfer (automatic),Fiber Optic,Yes,Yes,1,101.16,4518.45,0
CUST_0521,Male,0,No,No,39,Two-Year,No,Credit Card (automatic),Fiber Optic,No,No,2,66.49,2682.9,0
CUST_0522,Female,0,Yes,No,72,Month-to-Month,No,Electronic Check,DSL,No,Yes,0,55.44,3832.29,0
CUST_0523,Male,0,No,No,30,Month-to-Month,Yes,Credit Card (automatic),Fiber Optic,No,Yes,1,82.78,2593.75,1
CUST_0524,Female,0,Yes,No,7,Month-to-Month,Yes,Mailed Check,Fiber Optic,No,Yes,3,88.29,606.2,1
CUST_0525,Female,0,No,No,15,Two-Year,No,Credit Card (automatic),DSL,No,Yes,0,54.22,773.82,0
CUST_0526,Male,0,No,No,70,One-Year,Yes,Electronic Check,Fiber Optic,No,No,1,73.78,5037.11,0
CUST_0527,Male,0,Yes,Yes,64,Two-Year,No,Electronic Check,No,No internet service,No internet service,2,18.5,1133.05,0
CUST_0528,Female,0,No,No,56,Two-Year,Yes,Bank Transfer (automatic),Fiber Optic,No,No,1,73.89,4165.31,0
CUST_0529,Male,0,No,No,29,Month-to-Month,Yes,Electronic Check,Fiber Optic,Yes,No,2,82.37,2344.86,0
CUST_0530,Male,0,Yes,No,19,Two-Year,No,Credit Card (automatic),Fiber Optic,No,Yes,1,77.83,1524.15,0
CUST_0531,Female,0,Yes,No,44,One-Year,Yes,Electronic Check,DSL,No,No,2,44.53,2004.9,0
CUST_0532,Female,0,No,No,8,Month-to-Month,Yes,Electronic Check,Fiber Optic,No,No,0,72.46,577.86,0
CUST_0533,Female,0,Yes,Yes,1,Month-to-Month,Yes,Electronic Check,DSL,No,Yes,0,45.48,45.76,1
CUST_0534,Male,0,Yes,No,11,Month-to-Month,Yes,Electronic Check,Fiber Optic,No,Yes,0,85.64,952.29,1
CUST_0535,Male,0,Yes,Yes,30,Month-to-Month,Yes,Bank Transfer (automatic),Fiber Optic,No,No,1,64.14,1880.08,0
CUST_0536,Female,0,Yes,Yes,47,Two-Year,Yes,Mailed Check,No,No internet service,No internet service,0,19.13,866.69,0
CUST_0537,Female,0,Yes,Yes,30,Month-to-Month,Yes,Mailed Check,No,No internet service,No internet service,0,19.56,579.55,0
CUST_0538,Female,0,Yes,No,53,Two-Year,No,Electronic Check,DSL,No,No,1,34.09,1733.57,0
CUST_0539,Male,0,No,No,69,Month-to-Month,Yes,Electronic Check,DSL,No,No,3,42.54,2880.92,0
CUST_0540,Male,0,No,Yes,68,Two-Year,Yes,Electronic Check,Fiber Optic,No,Yes,0,83.67,5719.49,0
CUST_0541,Male,0,Yes,Yes,4,Month-to-Month,Yes,Bank Transfer (automatic),Fiber Optic,Yes,No,1,89.45,359.24,1
CUST_0542,Male,0,No,No,12,One-Year,Yes,Credit Card (automatic),Fiber Optic,No,No,1,73.29,846.11,1
CUST_0543,Male,0,No,No,50,Two-Year,Yes,Credit Card (automatic),No,No internet service,No internet service,3,23.62,1122.93,0
CUST_0544,Male,0,No,No,34,Month-to-Month,Yes,Credit Card (automatic),DSL,No,No,0,36.37,1185.75,0
CUST_0545,Female,0,Yes,Yes,14,Month-to-Month,No,Credit Card (automatic),Fiber Optic,No,Yes,0,80.79,1078.6,1
CUST_0546,Male,0,Yes,Yes,55,Month-to-Month,Yes,Mailed Check,Fiber Optic,Yes,Yes,1,101.28,5514.96,0
CUST_0547,Female,0,No,No,67,One-Year,Yes,Mailed Check,Fiber Optic,No,Yes,1,85.99,5697.81,0
CUST_0548,Female,0,No,No,64,Month-to-Month,No,Credit Card (automatic),Fiber Optic,No,Yes,2,79.95,4984.59,0
CUST_0549,Female,0,No,No,53,Two-Year,Yes,Bank Transfer (automatic),DSL,Yes,No,0,57.46,2958.72,0
CUST_0550,Male,0,No,No,26,Month-to-Month,No,Electronic Check,Fiber Optic,Yes,No,5,85.92,2210.78,1
CUST_0551,Female,0,Yes,Yes,18,One-Year,Yes,Bank Transfer (automatic),Fiber Optic,No,No,0,73.82,1273.83,0
CUST_0552,Female,0,No,Yes,14,Month-to-Month,No,Credit Card (automatic),Fiber Optic,No,No,3,69.49,945.07,0
CUST_0553,Female,0,Yes,No,22,Two-Year,No,Credit Card (automatic),DSL,Yes,No,2,56.02,1220.82,0
CUST_0554,Female,0,Yes,No,12,Month-to-Month,No,Electronic Check,DSL,Yes,Yes,3,70.77,814.83,1
CUST_0555,Female,0,No,No,31,Month-to-Month,Yes,Credit Card (automatic),Fiber Optic,Yes,No,1,85.9,2753.66,1
CUST_0556,Female,0,Yes,Yes,59,Month-to-Month,No,Credit Card (automatic),DSL,No,No,0,43.43,2607.47,0
CUST_0557,Male,0,Yes,No,62,Month-to-Month,Yes,Electronic Check,Fiber Optic,No,No,1,62.6,3835.84,0
CUST_0558,Female,0,No,No,57,Two-Year,No,Credit Card (automatic),Fiber Optic,No,No,1,69.68,3832.91,0
CUST_0559,Male,0,Yes,No,56,Two-Year,Yes,Credit Card (automatic),No,No internet service,No internet service,2,18.5,1004.32,0
CUST_0560,Female,0,No,No,56,Two-Year,Yes,Electronic Check,Fiber Optic,Yes,Yes,1,101.73,5480.45,0
CUST_0561,Male,0,No,No,23,One-Year,Yes,Bank Transfer (automatic),Fiber Optic,No,No,0,66.19,1470.62,0
CUST_0562,Male,1,No,Yes,67,Two-Year,Yes,Electronic Check,No,No internet service,No internet service,0,19.53,1298.37,0
CUST_0563,Female,0,Yes,No,20,One-Year,Yes,Bank Transfer (automatic),Fiber Optic,No,No,0,67.16,1309.04,0
CUST_0564,Female,0,Yes,Yes,57,One-Year,No,Credit Card (automatic),Fiber Optic,Yes,Yes,0,91.93,5441.53,0
CUST_0565,Male,0,Yes,No,5,Month-to-Month,Yes,Mailed Check,No,No internet service,No internet service,1,23.34,122.08,1
CUST_0566,Male,0,Yes,Yes,68,Month-to-Month,No,Mailed Check,Fiber Optic,No,Yes,1,86.21,5974.46,0
CUST_0567,Female,0,Yes,Yes,49,One-Year,Yes,Credit Card (automatic),DSL,Yes,No,1,59.62,3011.58,0
CUST_0568,Male,0,No,No,32,Month-to-Month,Yes,Credit Card (automatic),Fiber Optic,No,No,1,73.87,2305.95,1
CUST_0569,Female,0,Yes,No,6,Month-to-Month,Yes,Electronic Check,DSL,No,No,2,42.9,261.65,1
CUST_0570,Male,0,No,No,57,Month-to-Month,Yes,Credit Card (automatic),DSL,Yes,No,2,52.62,2866.77,0
CUST_0571,Female,0,Yes,Yes,29,One-Year,Yes,Electronic Check,Fiber Optic,No,Yes,2,79.0,2396.44,0
CUST_0572,Female,0,No,No,12,Two-Year,No,Electronic Check,DSL,No,No,1,46.72,570.18,0
CUST_0573,Male,0,No,No,43,One-Year,Yes,Credit Card (automatic),No,No internet service,No internet service,1,24.87,1049.82,0
CUST_0574,Male,0,Yes,No,17,One-Year,No,Credit Card (automatic),Fiber Optic,No,No,0,65.06,1136.22,0
CUST_0575,Male,0,Yes,No,8,One-Year,Yes,Bank Transfer (automatic),DSL,No,No,1,43.58,331.76,1
CUST_0576,Female,0,No,No,64,Two-Year,No,Electronic Check,Fiber Optic,No,No,1,68.91,4355.66,0
CUST_0577,Female,0,No,No,18,Month-to-Month,Yes,Electronic Check,Fiber Optic,No,No,1,66.91,1252.03,0
CUST_0578,Female,0,No,No,48,Two-Year,No,Credit Card (automatic),No,No internet service,No internet service,2,22.39,1049.27,0
CUST_0579,Male,0,Yes,Yes,26,Month-to-Month,Yes,Electronic Check,DSL,No,No,1,48.99,1295.13,1
CUST_0580,Male,0,Yes,No,9,Month-to-Month,Yes,Electronic Check,Fiber Optic,Yes,No,1,91.81,814.73,0
CUST_0581,Male,0,No,Yes,2,Month-to-Month,Yes,Credit Card (automatic),DSL,Yes,No,1,64.9,128.4,0
CUST_0582,Male,0,No,No,67,Two-Year,Yes,Bank Transfer (automatic),Fiber Optic,Yes,No,3,85.16,5846.04,0
CUST_0583,Female,0,Yes,Yes,71,Month-to-Month,Yes,Mailed Check,DSL,No,No,0,43.16,3190.06,0
CUST_0584,Female,1,No,No,70,Two-Year,Yes,Electronic Check,DSL,No,No,1,47.83,3236.51,0
CUST_0585,Female,0,Yes,Yes,38,One-Year,No,Credit Card (automatic),No,No internet service,No internet service,1,18.5,687.32,0
CUST_0586,Male,0,Yes,No,4,Month-to-Month,Yes,Credit Card (automatic),Fiber Optic,No,Yes,2,84.65,338.19,0
CUST_0587,Female,0,Yes,No,24,One-Year,Yes,Electronic Check,Fiber Optic,Yes,No,1,83.46,2025.84,0
CUST_0588,Female,0,Yes,No,26,Two-Year,Yes,Bank Transfer (automatic),Fiber Optic,No,No,2,70.31,1822.17,0
CUST_0589,Female,0,No,No,53,Two-Year,No,Electronic Check,Fiber Optic,No,No,2,66.87,3652.39,0
CUST_0590,Female,0,Yes,Yes,49,Two-Year,Yes,Credit Card (automatic),No,No internet service,No internet service,4,23.18,1166.27,0
CUST_0591,Male,0,Yes,No,37,Month-to-Month,Yes,Mailed Check,No,No internet service,No internet service,0,18.5,678.01,0
CUST_0592,Male,0,No,No,60,Month-to-Month,Yes,Bank Transfer (automatic),DSL,No,Yes,2,61.22,3504.46,0
CUST_0593,Female,0,No,No,2,Month-to-Month,Yes,Bank Transfer (automatic),DSL,No,No,3,47.4,91.9,1
CUST_0594,Male,0,No,No,58,Month-to-Month,Yes,Bank Transfer (automatic),No,No internet service,No internet service,0,21.72,1258.12,0
CUST_0595,Male,0,No,Yes,42,One-Year,No,Credit Card (automatic),Fiber Optic,No,Yes,4,78.06,3418.68,0
CUST_0596,Female,0,Yes,Yes,32,Month-to-Month,Yes,Mailed Check,Fiber Optic,No,No,2,67.39,2171.05,1
CUST_0597,Female,0,No,No,18,Month-to-Month,Yes,Credit Card (automatic),Fiber Optic,Yes,Yes,1,88.05,1589.72,0
CUST_0598,Female,0,No,Yes,30,Two-Year,No,Mailed Check,No,No internet service,No internet service,0,23.36,716.5,0
CUST_0599,Male,0,No,No,23,One-Year,Yes,Electronic Check,DSL,No,No,2,45.15,1002.34,0
CUST_0600,Male,0,Yes,No,4,Month-to-Month,No,Mailed Check,DSL,No,No,1,42.85,165.35,0
CUST_0601,Female,0,Yes,Yes,28,Month-to-Month,No,Mailed Check,Fiber Optic,No,No,2,69.45,1914.54,0
CUST_0602,Female,0,No,No,56,One-Year,No,Mailed Check,DSL,No,Yes,3,61.2,3596.8,0
CUST_0603,Female,0,Yes,No,33,Month-to-Month,Yes,Credit Card (automatic),No,No internet service,No internet service,0,18.5,633.45,0
CUST_0604,Female,0,No,No,68,One-Year,Yes,Bank Transfer (automatic),Fiber Optic,No,Yes,0,80.25,5555.29,0
CUST_0605,Female,0,No,No,14,One-Year,No,Credit Card (automatic),DSL,Yes,No,1,50.68,701.8,0
CUST_0606,Female,1,No,No,66,One-Year,Yes,Mailed Check,Fiber Optic,Yes,Yes,2,89.79,5958.54,0
CUST_0607,Male,0,No,Yes,33,One-Year,Yes,Electronic Check,DSL,No,Yes,0,56.0,1811.7,0
CUST_0608,Female,0,No,No,16,Two-Year,Yes,Electronic Check,DSL,No,No,1,49.34,803.2,0
CUST_0609,Female,0,Yes,No,11,Month-to-Month,Yes,Credit Card (automatic),Fiber Optic,No,Yes,2,84.57,922.72,0
CUST_0610,Female,0,No,No,9,Month-to-Month,No,Electronic Check,Fiber Optic,No,Yes,1,85.96,744.26,1
CUST_0611,Male,0,No,No,1,One-Year,No,Electronic Check,Fiber Optic,No,No,1,72.65,70.58,0
CUST_0612,Female,0,Yes,No,45,Two-Year,Yes,Electronic Check,No,No internet service,No internet service,1,18.5,841.55,0
CUST_0613,Male,0,Yes,No,12,One-Year,No,Mailed Check,No,No internet service,No internet service,2,26.78,327.61,0
CUST_0614,Female,0,Yes,Yes,41,Two-Year,Yes,Bank Transfer (automatic),DSL,No,Yes,1,59.97,2359.44,0
CUST_0615,Male,1,No,No,26,Month-to-Month,No,Electronic Check,Fiber Optic,Yes,No,0,89.19,2390.44,1
CUST_0616,Female,0,Yes,Yes,45,Month-to-Month,Yes,Mailed Check,DSL,No,No,0,51.7,2401.96,0
CUST_0617,Male,0,No,Yes,8,Month-to-Month,Yes,Mailed Check,DSL,No,Yes,0,56.63,463.15,0
CUST_0618,Male,0,Yes,No,49,Month-to-Month,Yes,Credit Card (automatic),Fiber Optic,Yes,No,1,80.04,3993.96,0
CUST_0619,Male,0,Yes,No,63,One-Year,Yes,Credit Card (automatic),Fiber Optic,No,No,3,61.06,3743.64,0
CUST_0620,Female,0,No,No,54,Month-to-Month,Yes,Bank Transfer (automatic),No,No internet service,No internet service,0,20.66,1162.45,0
CUST_0621,Male,0,Yes,No,66,Two-Year,Yes,Mailed Check,DSL,No,Yes,1,56.84,3664.62,0
CUST_0622,Male,0,No,No,26,One-Year,No,Electronic Check,DSL,Yes,No,2,54.44,1370.5,0
CUST_0623,Female,1,No,No,32,Month-to-Month,No,Credit Card (automatic),Fiber Optic,Yes,Yes,0,92.0,2984.78,1
CUST_0624,Male,0,No,No,22,Month-to-Month,No,Mailed Check,DSL,No,No,2,47.08,1021.68,0
CUST_0625,Female,0,Yes,No,44,One-Year,No,Mailed Check,DSL,Yes,Yes,2,61.46,2821.34,0
CUST_0626,Female,0,No,No,47,Month-to-Month,No,Credit Card (automatic),Fiber Optic,No,Yes,2,87.12,4078.36,0
CUST_0627,Female,0,No,No,18,One-Year,No,Credit Card (automatic),No,No internet service,No internet service,2,23.5,408.78,0
CUST_0628,Male,0,No,No,50,Two-Year,Yes,Credit Card (automatic),No,No internet service,No internet service,0,18.57,970.98,0
CUST_0629,Female,0,No,No,31,One-Year,No,Credit Card (automatic),No,No internet service,No internet service,0,19.7,611.64,0
CUST_0630,Male,0,No,No,6,Month-to-Month,Yes,Credit Card (automatic),DSL,Yes,Yes,0,70.27,422.4,0
CUST_0631,Male,0,No,No,11,Month-to-Month,Yes,Bank Transfer (automatic),DSL,Yes,No,0,60.26,655.29,0
CUST_0632,Male,0,No,No,2,Month-to-Month,Yes,Electronic Check,DSL,No,No,0,53.12,109.81,0
CUST_0633,Female,0,Yes,No,56,One-Year,Yes,Credit Card (automatic),No,No internet service,No internet service,0,18.5,1014.0,0
CUST_0634,Male,0,Yes,Yes,36,One-Year,No,Credit Card (automatic),DSL,No,No,0,50.46,1728.22,0
CUST_0635,Female,0,Yes,No,25,Two-Year,No,Electronic Check,Fiber Optic,Yes,No,2,81.11,2027.2,0
CUST_0636,Female,0,Yes,Yes,67,One-Year,No,Mailed Check,DSL,No,Yes,1,55.41,3870.58,0
CUST_0637,Male,0,Yes,Yes,37,Two-Year,No,Electronic Check,No,No internet service,No internet service,2,18.97,685.98,0
CUST_0638,Male,0,Yes,No,44,Month-to-Month,Yes,Credit Card (automatic),Fiber Optic,No,No,2,74.33,3194.09,1
CUST_0639,Female,0,No,No,31,Month-to-Month,No,Bank Transfer (automatic),DSL,No,Yes,3,54.71,1736.39,1
CUST_0640,Female,0,Yes,No,17,One-Year,Yes,Electronic Check,Fiber Optic,Yes,No,3,82.43,1439.92,1
CUST_0641,Female,0,No,No,55,Month-to-Month,Yes,Electronic Check,No,No internet service,No internet service,0,18.5,1010.94,0
CUST_0642,Male,0,Yes,No,59,One-Year,No,Credit Card (automatic),DSL,Yes,No,0,55.29,3370.95,0
CUST_0643,Male,0,Yes,Yes,42,Month-to-Month,Yes,Bank Transfer (automatic),DSL,Yes,No,1,62.4,2534.82,0
CUST_0644,Male,0,Yes,No,61,One-Year,No,Mailed Check,DSL,Yes,No,0,56.96,3428.36,0
CUST_0645,Male,0,Yes,No,38,One-Year,Yes,Mailed Check,DSL,No,No,3,42.34,1593.52,0
CUST_0646,Male,0,No,No,62,Two-Year,No,Electronic Check,No,No internet service,No internet service,1,18.5,1125.53,0
CUST_0647,Female,0,No,No,30,One-Year,Yes,Electronic Check,No,No internet service,No internet service,2,21.12,615.72,0
CUST_0648,Male,0,Yes,Yes,69,Two-Year,Yes,Bank Transfer (automatic),Fiber Optic,No,Yes,1,81.79,5552.17,0
CUST_0649,Male,0,Yes,Yes,10,Month-to-Month,Yes,Mailed Check,Fiber Optic,Yes,No,1,82.01,780.57,0
CUST_0650,Female,0,Yes,Yes,62,Two-Year,Yes,Mailed Check,DSL,No,No,1,43.8,2770.82,0
CUST_0651,Female,1,No,No,3,Month-to-Month,Yes,Bank Transfer (automatic),No,No internet service,No internet service,4,24.18,73.87,1
CUST_0652,Male,0,No,No,48,Two-Year,Yes,Electronic Check,Fiber Optic,No,No,4,72.31,3453.6,0
CUST_0653,Female,0,No,Yes,1,Month-to-Month,No,Credit Card (automatic),Fiber Optic,No,No,1,69.1,67.88,1
CUST_0654,Male,0,No,Yes,55,One-Year,Yes,Electronic Check,Fiber Optic,Yes,Yes,1,94.52,5164.34,0
CUST_0655,Male,1,No,No,30,One-Year,Yes,Electronic Check,Fiber Optic,No,No,1,66.74,2089.6,1
CUST_0656,Male,0,Yes,Yes,1,Month-to-Month,Yes,Electronic Check,DSL,No,No,5,44.71,45.17,1
CUST_0657,Female,0,Yes,Yes,9,One-Year,No,Electronic Check,Fiber Optic,Yes,No,1,79.24,729.66,0
CUST_0658,Male,0,No,No,44,One-Year,No,Electronic Check,Fiber Optic,Yes,No,3,82.78,3543.8,0
CUST_0659,Male,0,No,Yes,50,One-Year,Yes,Mailed Check,No,No internet service,No internet service,1,19.59,939.81,0
CUST_0660,Male,0,No,No,69,Two-Year,Yes,Bank Transfer (automatic),Fiber Optic,No,No,2,69.04,4565.2,0
CUST_0661,Female,0,No,No,49,One-Year,Yes,Electronic Check,DSL,Yes,No,2,57.57,2813.04,0
CUST_0662,Male,0,Yes,No,21,Two-Year,Yes,Mailed Check,Fiber Optic,Yes,No,1,83.19,1784.84,0
CUST_0663,Male,0,No,No,33,Two-Year,Yes,Credit Card (automatic),DSL,No,No,0,49.36,1673.53,0
CUST_0664,Male,0,No,No,2,Month-to-Month,Yes,Electronic Check,Fiber Optic,Yes,No,1,85.11,173.97,1
CUST_0665,Male,0,Yes,Yes,58,Month-to-Month,Yes,Credit Card (automatic),Fiber Optic,No,No,2,73.8,4457.08,0
CUST_0666,Female,0,No,No,51,One-Year,No,Electronic Check,Fiber Optic,No,No,3,68.59,3341.38,1
CUST_0667,Female,0,No,No,18,One-Year,Yes,Electronic Check,No,No internet service,No internet service,1,21.15,394.23,0
CUST_0668,Male,0,Yes,No,2,One-Year,Yes,Mailed Check,DSL,No,No,1,51.94,105.55,0
CUST_0669,Male,0,Yes,Yes,37,Month-to-Month,No,Electronic Check,Fiber Optic,No,No,1,69.61,2492.0,1
CUST_0670,Male,0,Yes,No,24,Month-to-Month,No,Credit Card (automatic),DSL,No,Yes,1,57.52,1405.66,0
CUST_0671,Male,0,No,No,45,Month-to-Month,No,Electronic Check,Fiber Optic,Yes,No,2,82.57,3720.02,0
CUST_0672,Male,0,Yes,Yes,5,Month-to-Month,Yes,Bank Transfer (automatic),No,No internet service,No internet service,1,19.58,96.52,0
CUST_0673,Female,0,No,No,2,One-Year,Yes,Bank Transfer (automatic),Fiber Optic,No,No,2,75.15,146.51,0
CUST_0674,Female,0,No,No,21,Month-to-Month,Yes,Electronic Check,DSL,No,Yes,1,55.23,1155.67,1
CUST_0675,Female,0,Yes,Yes,70,Month-to-Month,Yes,Bank Transfer (automatic),Fiber Optic,No,No,0,74.32,5066.69,0
CUST_0676,Female,0,No,No,33,One-Year,Yes,Mailed Check,DSL,No,Yes,5,60.08,1899.93,0
CUST_0677,Female,0,No,No,65,Two-Year,No,Bank Transfer (automatic),DSL,No,No,0,44.76,3010.1,0
CUST_0678,Female,0,Yes,No,18,One-Year,No,Credit Card (automatic),Fiber Optic,No,No,1,68.36,1241.9,0
CUST_0679,Male,0,Yes,No,63,Two-Year,No,Electronic Check,Fiber Optic,Yes,No,2,81.87,5087.49,0
CUST_0680,Female,0,No,No,58,Month-to-Month,No,Mailed Check,No,No internet service,No internet service,0,24.64,1421.5,0
CUST_0681,Male,0,No,No,71,One-Year,Yes,Electronic Check,DSL,No,No,3,49.31,3628.74,0
CUST_0682,Male,0,Yes,No,31,Two-Year,No,Electronic Check,DSL,No,No,1,48.2,1467.28,0
CUST_0683,Female,0,Yes,No,52,Two-Year,No,Electronic Check,DSL,Yes,Yes,1,68.65,3527.02,0
CUST_0684,Male,0,Yes,No,27,One-Year,Yes,Credit Card (automatic),DSL,No,No,0,45.17,1252.04,0
CUST_0685,Male,0,No,No,67,Two-Year,Yes,Mailed Check,Fiber Optic,Yes,No,1,84.51,5492.6,0
CUST_0686,Female,0,Yes,No,7,Two-Year,Yes,Electronic Check,No,No internet service,No internet service,1,19.05,135.47,0
CUST_0687,Male,0,No,No,7,Month-to-Month,Yes,Electronic Check,Fiber Optic,Yes,Yes,0,97.35,676.97,1
CUST_0688,Male,0,No,No,50,Month-to-Month,Yes,Electronic Check,DSL,Yes,Yes,1,69.61,3480.56,0
CUST_0689,Female,0,Yes,Yes,5,Month-to-Month,No,Electronic Check,DSL,No,No,0,49.06,252.34,0
CUST_0690,Female,0,No,No,54,Two-Year,Yes,Mailed Check,DSL,No,No,0,39.34,2229.12,0
CUST_0691,Female,0,Yes,Yes,27,One-Year,No,Electronic Check,No,No internet service,No internet service,3,18.5,516.06,0
CUST_0692,Male,0,No,No,33,One-Year,Yes,Electronic Check,Fiber Optic,Yes,No,1,80.67,2571.74,0
CUST_0693,Male,0,Yes,No,63,One-Year,Yes,Bank Transfer (automatic),DSL,No,No,1,46.65,2858.0,0
CUST_0694,Female,0,No,Yes,29,Month-to-Month,Yes,Credit Card (automatic),DSL,Yes,No,1,55.5,1595.0,0
CUST_0695,Female,0,No,No,5,Month-to-Month,No,Mailed Check,Fiber Optic,No,Yes,1,90.72,463.54,1
CUST_0696,Female,0,Yes,Yes,35,Two-Year,Yes,Credit Card (automatic),Fiber Optic,Yes,Yes,1,89.13,3122.47,0
CUST_0697,Male,0,Yes,Yes,8,Month-to-Month,No,Electronic Check,No,No internet service,No internet service,1,24.08,200.38,1
CUST_0698,Male,0,Yes,Yes,68,Month-to-Month,No,Credit Card (automatic),Fiber Optic,Yes,No,1,86.92,5643.8,0
CUST_0699,Female,0,Yes,Yes,69,Two-Year,No,Electronic Check,DSL,No,No,1,46.99,3164.01,0
CUST_0700,Male,0,No,Yes,70,One-Year,No,Credit Card (automatic),DSL,No,No,0,43.74,2975.85,0
CUST_0701,Female,0,No,No,54,Two-Year,No,Credit Card (automatic),DSL,Yes,No,2,56.92,3148.73,0
CUST_0702,Male,0,Yes,No,36,One-Year,Yes,Credit Card (automatic),No,No internet service,No internet service,1,23.27,834.77,0
CUST_0703,Female,0,No,No,67,Month-to-Month,No,Credit Card (automatic),Fiber Optic,No,No,2,63.61,4055.17,0
CUST_0704,Female,0,No,No,15,One-Year,Yes,Bank Transfer (automatic),DSL,Yes,No,1,54.46,839.24,0
CUST_0705,Female,0,No,No,68,Two-Year,Yes,Electronic Check,Fiber Optic,No,No,0,67.85,4550.04,1
CUST_0706,Male,0,Yes,No,10,Month-to-Month,Yes,Bank Transfer (automatic),Fiber Optic,No,Yes,1,84.18,821.64,0
CUST_0707,Female,0,Yes,No,45,Two-Year,No,Mailed Check,No,No internet service,No internet service,0,24.36,1061.42,0
CUST_0708,Female,0,Yes,Yes,67,One-Year,Yes,Electronic Check,Fiber Optic,No,No,2,77.92,5453.49,0
CUST_0709,Male,0,No,No,25,Month-to-Month,No,Mailed Check,Fiber Optic,Yes,No,1,74.54,1945.87,0
CUST_0710,Female,0,Yes,No,21,Month-to-Month,No,Bank Transfer (automatic),DSL,Yes,Yes,1,64.89,1304.99,0
CUST_0711,Female,0,Yes,Yes,51,Two-Year,Yes,Electronic Check,Fiber Optic,Yes,Yes,2,92.63,4597.89,0
CUST_0712,Female,0,Yes,Yes,27,One-Year,Yes,Bank Transfer (automatic),DSL,No,No,1,47.22,1293.57,0
CUST_0713,Female,0,No,No,16,Month-to-Month,No,Bank Transfer (automatic),No,No internet service,No internet service,4,23.06,375.25,0
CUST_0714,Male,0,Yes,Yes,68,Two-Year,Yes,Electronic Check,Fiber Optic,No,Yes,2,77.28,5211.78,0
CUST_0715,Male,0,Yes,Yes,40,Month-to-Month,Yes,Mailed Check,Fiber Optic,Yes,No,1,83.51,3363.29,0
CUST_0716,Male,0,Yes,No,52,Month-to-Month,No,Credit Card (automatic),Fiber Optic,No,Yes,1,71.76,3807.13,0
CUST_0717,Female,0,Yes,Yes,56,Month-to-Month,Yes,Credit Card (automatic),Fiber Optic,Yes,Yes,1,95.17,5569.62,0
CUST_0718,Female,0,No,No,71,Two-Year,Yes,Mailed Check,Fiber Optic,Yes,Yes,1,93.9,6816.98,0
CUST_0719,Female,0,Yes,No,52,One-Year,No,Mailed Check,No,No internet service,No internet service,0,19.6,979.48,0
CUST_0720,Male,0,Yes,Yes,39,Two-Year,Yes,Electronic Check,DSL,No,Yes,2,55.43,2208.86,0
CUST_0721,Male,0,No,No,33,Month-to-Month,Yes,Electronic Check,Fiber Optic,Yes,No,2,81.64,2577.66,0
CUST_0722,Female,0,Yes,Yes,27,Month-to-Month,No,Electronic Check,No,No internet service,No internet service,1,21.29,574.97,0
CUST_0723,Male,0,Yes,Yes,47,Two-Year,Yes,Credit Card (automatic),Fiber Optic,No,No,1,76.64,3611.77,0
CUST_0724,Male,0,No,No,22,Month-to-Month,Yes,Credit Card (automatic),DSL,Yes,No,3,51.86,1172.67,0
CUST_0725,Female,0,Yes,Yes,20,Two-Year,No,Credit Card (automatic),Fiber Optic,No,No,0,68.91,1310.88,0
CUST_0726,Male,0,Yes,No,19,Month-to-Month,No,Mailed Check,Fiber Optic,No,Yes,2,84.16,1658.96,0
CUST_0727,Male,0,Yes,No,67,Month-to-Month,No,Electronic Check,DSL,No,No,1,44.76,3048.07,0
CUST_0728,Male,0,No,No,16,Month-to-Month,No,Bank Transfer (automatic),DSL,Yes,No,1,57.5,876.87,1
CUST_0729,Male,0,No,No,6,Month-to-Month,Yes,Bank Transfer (automatic),DSL,No,No,1,42.65,247.2,0
CUST_0730,Female,0,No,No,59,Month-to-Month,No,Mailed Check,Fiber Optic,Yes,No,0,85.3,4800.95,0
CUST_0731,Male,0,No,No,57,One-Year,No,Bank Transfer (automatic),Fiber Optic,Yes,No,2,73.31,4289.8,0
CUST_0732,Male,0,Yes,No,18,Month-to-Month,Yes,Bank Transfer (automatic),DSL,No,No,2,41.03,714.24,0
CUST_0733,Male,0,Yes,No,72,Month-to-Month,No,Credit Card (automatic),DSL,No,No,1,52.82,3630.23,0
CUST_0734,Female,0,No,Yes,68,One-Year,No,Mailed Check,Fiber Optic,No,No,0,65.08,4265.23,0
CUST_0735,Male,0,No,No,67,One-Year,Yes,Credit Card (automatic),Fiber Optic,No,Yes,2,78.51,5291.5,0
CUST_0736,Female,0,Yes,No,28,Month-to-Month,No,Electronic Check,DSL,No,Yes,0,53.85,1507.12,0
CUST_0737,Male,0,No,No,18,Month-to-Month,No,Bank Transfer (automatic),DSL,Yes,Yes,2,66.84,1172.59,0
CUST_0738,Male,0,Yes,No,13,One-Year,Yes,Electronic Check,DSL,Yes,No,2,56.92,772.74,0
CUST_0739,Male,0,Yes,No,71,Two-Year,No,Electronic Check,DSL,No,Yes,1,61.32,4508.19,0
CUST_0740,Female,0,Yes,No,66,Two-Year,No,Electronic Check,No,No internet service,No internet service,1,21.91,1419.23,0
CUST_0741,Female,0,Yes,Yes,2,Month-to-Month,No,Electronic Check,Fiber Optic,No,No,1,69.06,137.77,1
CUST_0742,Male,0,No,No,19,Month-to-Month,Yes,Credit Card (automatic),DSL,No,No,5,52.0,989.66,1
CUST_0743,Female,0,No,No,45,One-Year,Yes,Mailed Check,DSL,Yes,No,1,55.33,2553.63,0
CUST_0744,Female,0,Yes,Yes,13,Two-Year,Yes,Credit Card (automatic),DSL,Yes,Yes,0,69.23,893.51,0
CUST_0745,Male,0,Yes,Yes,71,One-Year,No,Electronic Check,Fiber Optic,No,No,1,70.48,5027.33,0
CUST_0746,Female,0,No,Yes,27,Month-to-Month,Yes,Electronic Check,DSL,No,No,4,48.39,1295.11,0
CUST_0747,Male,0,Yes,No,59,Month-to-Month,Yes,Bank Transfer (automatic),DSL,No,Yes,1,52.4,3172.85,0
CUST_0748,Female,0,No,No,64,Two-Year,Yes,Mailed Check,DSL,Yes,Yes,2,64.9,4176.83,0
CUST_0749,Female,0,Yes,Yes,67,Two-Year,Yes,Bank Transfer (automatic),Fiber Optic,No,No,1,73.77,5104.6,0
CUST_0750,Female,0,No,No,11,Month-to-Month,No,Mailed Check,DSL,No,Yes,0,64.14,674.05,0
CUST_0751,Female,0,Yes,No,18,Month-to-Month,No,Credit Card (automatic),No,No internet service,No internet service,1,18.54,347.21,0
CUST_0752,Male,0,Yes,No,27,Two-Year,Yes,Mailed Check,No,No internet service,No internet service,3,18.5,515.45,0
CUST_0753,Female,0,Yes,No,62,Month-to-Month,Yes,Bank Transfer (automatic),DSL,Yes,No,1,52.24,3342.04,0
CUST_0754,Male,0,Yes,Yes,48,One-Year,Yes,Electronic Check,DSL,No,Yes,2,61.14,2829.16,0
CUST_0755,Male,0,Yes,No,49,Two-Year,Yes,Bank Transfer (automatic),Fiber Optic,No,No,0,63.25,3025.94,0
CUST_0756,Female,1,No,No,25,Month-to-Month,No,Bank Transfer (automatic),DSL,Yes,Yes,0,69.26,1814.66,0
CUST_0757,Female,0,Yes,No,3,Month-to-Month,Yes,Mailed Check,Fiber Optic,No,No,3,69.3,217.26,1
CUST_0758,Female,0,Yes,No,40,One-Year,Yes,Electronic Check,DSL,No,Yes,0,54.3,2112.61,0
CUST_0759,Male,0,No,No,8,One-Year,No,Bank Transfer (automatic),Fiber Optic,No,Yes,1,78.57,624.34,0
CUST_0760,Female,0,No,No,9,Month-to-Month,No,Credit Card (automatic),DSL,Yes,Yes,1,71.78,623.79,1
CUST_0761,Female,0,No,No,46,Two-Year,No,Electronic Check,DSL,No,No,1,48.11,2160.53,0
CUST_0762,Male,0,No,No,71,One-Year,No,Credit Card (automatic),No,No internet service,No internet service,1,24.67,1696.35,0
CUST_0763,Male,1,Yes,Yes,31,Two-Year,No,Bank Transfer (automatic),DSL,Yes,No,3,58.94,1750.57,0
CUST_0764,Male,0,No,No,31,Two-Year,No,Bank Transfer (automatic),DSL,No,Yes,2,57.03,1781.98,0
CUST_0765,Male,0,No,No,60,One-Year,No,Credit Card (automatic),DSL,No,No,4,45.65,2668.0,0
CUST_0766,Female,0,No,Yes,66,One-Year,No,Bank Transfer (automatic),Fiber Optic,No,No,1,73.96,5121.64,0
CUST_0767,Female,0,Yes,Yes,2,Month-to-Month,No,Credit Card (automatic),Fiber Optic,No,Yes,0,75.17,150.57,0
CUST_0768,Female,1,Yes,No,49,Two-Year,Yes,Mailed Check,Fiber Optic,Yes,Yes,3,95.78,4627.09,0
CUST_0769,Female,0,Yes,Yes,62,One-Year,Yes,Electronic Check,Fiber Optic,No,No,0,67.69,4370.18,0
CUST_0770,Male,1,No,No,27,One-Year,Yes,Bank Transfer (automatic),No,No internet service,No internet service,1,21.5,587.51,0
CUST_0771,Female,0,No,No,62,Month-to-Month,No,Credit Card (automatic),Fiber Optic,Yes,No,1,77.88,4648.49,0
CUST_0772,Male,0,No,Yes,18,Month-to-Month,No,Credit Card (automatic),DSL,Yes,No,3,60.4,1086.96,1
CUST_0773,Female,0,Yes,Yes,56,Two-Year,No,Electronic Check,Fiber Optic,Yes,No,1,84.35,4695.77,0
CUST_0774,Male,0,No,No,8,Month-to-Month,Yes,Electronic Check,No,No internet service,No internet service,1,18.5,151.92,0
CUST_0775,Female,0,No,Yes,60,One-Year,Yes,Mailed Check,Fiber Optic,Yes,No,2,80.13,4900.96,0
CUST_0776,Male,0,Yes,No,58,Two-Year,No,Bank Transfer (automatic),Fiber Optic,Yes,Yes,1,91.76,5253.31,0
CUST_0777,Male,0,No,Yes,71,Two-Year,Yes,Electronic Check,Fiber Optic,No,No,4,70.23,4971.11,0
CUST_0778,Female,0,Yes,No,28,Two-Year,Yes,Electronic Check,DSL,No,No,2,53.12,1490.15,0
CUST_0779,Male,0,No,Yes,2,Month-to-Month,No,Bank Transfer (automatic),Fiber Optic,No,No,3,62.73,124.49,1
CUST_0780,Female,0,No,No,35,One-Year,Yes,Bank Transfer (automatic),No,No internet service,No internet service,2,21.3,716.26,0
CUST_0781,Male,0,No,Yes,72,One-Year,Yes,Credit Card (automatic),DSL,No,No,1,46.72,3500.23,0
CUST_0782,Female,0,No,No,10,Month-to-Month,Yes,Credit Card (automatic),Fiber Optic,No,No,0,67.88,690.51,0
CUST_0783,Male,0,No,No,52,One-Year,Yes,Electronic Check,Fiber Optic,No,No,3,63.31,3282.15,0
CUST_0784,Male,0,No,No,39,One-Year,Yes,Credit Card (automatic),DSL,Yes,No,1,56.2,2207.05,0
CUST_0785,Male,0,Yes,Yes,14,Two-Year,Yes,Bank Transfer (automatic),Fiber Optic,Yes,Yes,0,89.13,1212.03,0
CUST_0786,Male,0,No,Yes,24,Month-to-Month,Yes,Credit Card (automatic),No,No internet service,No internet service,1,22.23,535.15,0
CUST_0787,Male,0,Yes,Yes,6,Month-to-Month,Yes,Electronic Check,Fiber Optic,No,No,0,64.47,396.34,1
CUST_0788,Male,0,Yes,No,53,Two-Year,No,Electronic Check,DSL,No,No,1,44.8,2382.4,0
CUST_0789,Male,0,No,No,70,One-Year,Yes,Bank Transfer (automatic),DSL,Yes,Yes,0,65.92,4605.48,0
CUST_0790,Male,0,No,Yes,33,Month-to-Month,Yes,Credit Card (automatic),DSL,Yes,Yes,1,73.47,2415.39,0
CUST_0791,Female,0,Yes,Yes,17,Month-to-Month,Yes,Credit Card (automatic),Fiber Optic,No,No,3,76.28,1330.69,1
CUST_0792,Female,0,Yes,Yes,15,One-Year,Yes,Bank Transfer (automatic),No,No internet service,No internet service,2,18.56,285.45,1
CUST_0793,Male,0,Yes,No,45,One-Year,Yes,Mailed Check,DSL,Yes,Yes,1,64.8,2988.92,0
CUST_0794,Female,0,Yes,Yes,29,Month-to-Month,Yes,Bank Transfer (automatic),DSL,No,No,1,51.69,1460.96,1
CUST_0795,Female,0,Yes,No,35,Month-to-Month,No,Credit Card (automatic),DSL,Yes,Yes,2,68.45,2423.99,0
CUST_0796,Male,0,No,No,6,Month-to-Month,No,Bank Transfer (automatic),DSL,No,No,4,46.26,285.3,1
CUST_0797,Female,0,Yes,Yes,31,Month-to-Month,Yes,Bank Transfer (automatic),No,No internet service,No internet service,1,19.51,608.55,0
CUST_0798,Male,0,Yes,Yes,39,Two-Year,Yes,Electronic Check,No,No internet service,No internet service,2,19.18,768.89,0
CUST_0799,Female,0,Yes,No,17,Month-to-Month,Yes,Bank Transfer (automatic),Fiber Optic,No,No,3,68.03,1197.5,1
CUST_0800,Male,0,No,No,45,Month-to-Month,Yes,Mailed Check,Fiber Optic,No,No,1,62.44,2718.17,0
CUST_0801,Female,0,Yes,No,15,Two-Year,No,Credit Card (automatic),No,No internet service,No internet service,0,27.07,398.19,0
CUST_0802,Female,0,Yes,No,70,Two-Year,Yes,Bank Transfer (automatic),Fiber Optic,Yes,Yes,1,94.79,6702.52,0
CUST_0803,Male,0,Yes,Yes,5,Month-to-Month,No,Bank Transfer (automatic),No,No internet service,No internet service,1,19.67,96.28,1
CUST_0804,Male,0,No,No,13,Month-to-Month,No,Credit Card (automatic),DSL,No,Yes,2,60.71,824.07,1
CUST_0805,Female,0,No,No,20,Two-Year,Yes,Electronic Check,Fiber Optic,Yes,Yes,1,91.76,1779.07,0
CUST_0806,Male,0,Yes,Yes,13,Month-to-Month,Yes,Electronic Check,Fiber Optic,No,No,1,71.48,915.95,1
CUST_0807,Female,0,Yes,No,44,One-Year,Yes,Bank Transfer (automatic),DSL,Yes,No,2,53.92,2489.75,0
CUST_0808,Female,0,Yes,No,3,Month-to-Month,Yes,Electronic Check,No,No internet service,No internet service,1,18.62,54.12,0
CUST_0809,Female,0,No,No,45,One-Year,No,Mailed Check,Fiber Optic,No,No,1,72.34,3238.64,0
CUST_0810,Female,0,No,No,37,Two-Year,Yes,Credit Card (automatic),Fiber Optic,No,No,1,71.1,2581.71,0
CUST_0811,Female,0,Yes,Yes,40,One-Year,Yes,Bank Transfer (automatic),No,No internet service,No internet service,0,18.7,771.17,0
CUST_0812,Female,0,Yes,Yes,51,Month-to-Month,No,Electronic Check,Fiber Optic,No,No,3,72.92,3646.08,1
CUST_0813,Male,0,Yes,Yes,27,One-Year,Yes,Electronic Check,DSL,No,Yes,0,53.89,1405.77,0
CUST_0814,Male,0,Yes,No,13,Month-to-Month,Yes,Electronic Check,DSL,No,Yes,3,53.34,723.45,1
CUST_0815,Male,0,No,No,10,Month-to-Month,Yes,Bank Transfer (automatic),Fiber Optic,No,Yes,1,80.19,787.26,0
CUST_0816,Female,0,Yes,No,7,Month-to-Month,No,Electronic Check,Fiber Optic,Yes,Yes,3,93.08,667.31,1
CUST_0817,Female,0,Yes,No,42,Two-Year,Yes,Credit Card (automatic),Fiber Optic,No,Yes,2,80.67,3317.18,0
CUST_0818,Male,0,Yes,No,72,One-Year,No,Bank Transfer (automatic),Fiber Optic,No,Yes,2,80.29,5595.07,0
CUST_0819,Female,0,No,No,51,Two-Year,Yes,Electronic Check,DSL,No,Yes,1,60.61,3184.59,1
CUST_0820,Male,0,No,No,69,Month-to-Month,Yes,Electronic Check,DSL,Yes,No,3,63.01,4154.47,0
CUST_0821,Male,0,Yes,Yes,62,Two-Year,Yes,Bank Transfer (automatic),DSL,Yes,Yes,1,68.48,4174.42,0
CUST_0822,Female,0,Yes,No,71,Two-Year,No,Electronic Check,DSL,No,No,3,47.37,3457.47,0
CUST_0823,Male,1,Yes,No,8,One-Year,Yes,Mailed Check,Fiber Optic,No,No,0,67.06,537.13,1
CUST_0824,Female,0,No,Yes,2,Month-to-Month,Yes,Credit Card (automatic),Fiber Optic,No,No,3,69.62,141.88,1
CUST_0825,Male,0,Yes,No,10,Month-to-Month,No,Mailed Check,Fiber Optic,No,No,1,71.85,687.38,0
CUST_0826,Female,0,No,No,59,Month-to-Month,No,Electronic Check,Fiber Optic,Yes,No,2,78.64,4755.67,0
CUST_0827,Female,0,No,No,30,Month-to-Month,No,Credit Card (automatic),No,No internet service,No internet service,1,23.0,667.36,0
CUST_0828,Male,0,No,Yes,9,Month-to-Month,Yes,Electronic Check,Fiber Optic,Yes,No,0,79.09,733.78,1
CUST_0829,Female,0,Yes,No,40,Month-to-Month,Yes,Electronic Check,Fiber Optic,Yes,Yes,1,98.09,3948.78,1
CUST_0830,Female,0,No,No,41,Two-Year,Yes,Electronic Check,DSL,No,Yes,2,60.4,2535.63,0
CUST_0831,Male,0,No,No,41,Two-Year,No,Credit Card (automatic),DSL,Yes,Yes,4,73.46,2925.37,0
CUST_0832,Male,0,Yes,Yes,38,Month-to-Month,Yes,Credit Card (automatic),No,No internet service,No internet service,0,24.1,906.22,0
CUST_0833,Female,0,Yes,No,43,One-Year,Yes,Electronic Check,Fiber Optic,Yes,Yes,1,101.73,4506.53,0
CUST_0834,Male,0,Yes,Yes,64,Two-Year,Yes,Bank Transfer (automatic),Fiber Optic,No,No,0,72.03,4799.3,0
CUST_0835,Male,0,Yes,No,45,One-Year,Yes,Electronic Check,Fiber Optic,No,No,0,64.21,2810.44,0
CUST_0836,Male,0,Yes,Yes,67,One-Year,No,Bank Transfer (automatic),Fiber Optic,No,Yes,2,82.52,5691.05,0
CUST_0837,Male,0,No,No,6,Month-to-Month,No,Electronic Check,DSL,No,No,2,43.17,248.88,0
CUST_0838,Female,0,Yes,No,70,Month-to-Month,No,Electronic Check,No,No internet service,No internet service,2,18.5,1285.38,0
CUST_0839,Male,0,No,No,9,Month-to-Month,Yes,Credit Card (automatic),DSL,Yes,No,1,62.12,583.61,0
CUST_0840,Male,0,Yes,Yes,2,Two-Year,No,Electronic Check,Fiber Optic,Yes,Yes,0,92.78,193.82,0
CUST_0841,Male,0,No,No,13,Month-to-Month,Yes,Electronic Check,Fiber Optic,Yes,No,2,76.04,968.42,1
CUST_0842,Male,0,Yes,No,37,One-Year,Yes,Credit Card (automatic),No,No internet service,No internet service,0,18.5,663.48,0
CUST_0843,Female,0,No,Yes,38,One-Year,Yes,Credit Card (automatic),DSL,No,No,1,54.06,1982.27,0
CUST_0844,Male,0,Yes,Yes,3,One-Year,Yes,Bank Transfer (automatic),No,No internet service,No internet service,1,25.47,76.26,1
CUST_0845,Female,0,Yes,No,50,Two-Year,Yes,Credit Card (automatic),DSL,No,No,1,47.92,2298.26,0
CUST_0846,Male,0,No,No,6,Month-to-Month,Yes,Mailed Check,No,No internet service,No internet service,1,22.52,133.19,0
CUST_0847,Male,0,Yes,Yes,67,Two-Year,No,Electronic Check,No,No internet service,No internet service,3,18.5,1179.63,0
CUST_0848,Female,1,No,No,64,Month-to-Month,No,Electronic Check,Fiber Optic,Yes,No,0,78.09,4877.51,0
CUST_0849,Male,0,No,No,50,Month-to-Month,Yes,Electronic Check,DSL,No,No,2,47.23,2456.03,0
CUST_0850,Female,0,Yes,No,72,Two-Year,Yes,Electronic Check,DSL,No,No,2,51.35,3677.6,0
CUST_0851,Female,0,No,No,47,One-Year,Yes,Bank Transfer (automatic),Fiber Optic,No,Yes,2,77.93,3506.59,0
CUST_0852,Male,0,No,No,3,Month-to-Month,Yes,Electronic Check,Fiber Optic,No,Yes,1,81.61,248.43,0
CUST_0853,Male,0,Yes,Yes,19,One-Year,Yes,Mailed Check,Fiber Optic,No,No,3,70.94,1409.27,0
CUST_0854,Female,0,No,No,40,Month-to-Month,Yes,Electronic Check,Fiber Optic,Yes,No,2,80.07,3191.08,1
CUST_0855,Male,0,No,No,39,One-Year,No,Mailed Check,Fiber Optic,Yes,No,4,81.3,3210.11,0
CUST_0856,Male,0,Yes,Yes,7,Month-to-Month,Yes,Bank Transfer (automatic),DSL,Yes,Yes,0,64.89,473.28,0
CUST_0857,Male,0,Yes,No,2,Month-to-Month,Yes,Mailed Check,No,No internet service,No internet service,2,21.24,42.14,0
CUST_0858,Male,0,No,No,44,Month-to-Month,No,Mailed Check,DSL,Yes,Yes,2,69.69,3116.83,0
CUST_0859,Female,0,Yes,Yes,64,Month-to-Month,No,Credit Card (automatic),Fiber Optic,Yes,No,1,84.47,5374.02,0
CUST_0860,Male,0,Yes,No,3,Month-to-Month,Yes,Bank Transfer (automatic),Fiber Optic,Yes,Yes,0,93.18,292.46,0
CUST_0861,Male,0,Yes,No,51,Two-Year,Yes,Mailed Check,Fiber Optic,No,No,0,72.85,3716.76,0
CUST_0862,Female,0,No,No,6,Month-to-Month,No,Bank Transfer (automatic),DSL,No,Yes,3,58.35,363.6,1
CUST_0863,Male,0,Yes,Yes,68,One-Year,No,Bank Transfer (automatic),No,No internet service,No internet service,0,24.94,1697.14,0
CUST_0864,Male,1,Yes,Yes,65,Two-Year,Yes,Electronic Check,Fiber Optic,No,Yes,1,80.94,5349.69,0
CUST_0865,Female,0,No,No,44,Two-Year,Yes,Electronic Check,DSL,No,No,1,48.77,2121.45,0
CUST_0866,Male,0,Yes,No,50,One-Year,Yes,Bank Transfer (automatic),DSL,No,Yes,1,56.1,2922.12,0
CUST_0867,Female,0,No,No,43,Two-Year,No,Mailed Check,Fiber Optic,Yes,No,1,84.57,3689.95,0
CUST_0868,Female,0,No,No,15,One-Year,Yes,Electronic Check,Fiber Optic,No,Yes,1,87.31,1246.78,0
CUST_0869,Male,0,No,No,60,Two-Year,Yes,Electronic Check,DSL,Yes,No,2,61.7,3522.69,0
CUST_0870,Female,1,No,Yes,57,Month-to-Month,No,Electronic Check,DSL,No,No,0,44.18,2562.63,0
CUST_0871,Male,0,Yes,No,10,Two-Year,Yes,Credit Card (automatic),Fiber Optic,Yes,No,1,79.9,768.18,0
CUST_0872,Male,0,No,No,54,One-Year,Yes,Electronic Check,Fiber Optic,Yes,No,1,85.88,4737.77,1
CUST_0873,Female,0,Yes,Yes,65,Two-Year,Yes,Electronic Check,DSL,Yes,No,2,55.19,3523.5,0
CUST_0874,Female,0,Yes,No,68,One-Year,Yes,Bank Transfer (automatic),Fiber Optic,Yes,Yes,5,97.96,6687.21,0
CUST_0875,Male,0,Yes,No,36,One-Year,Yes,Bank Transfer (automatic),DSL,No,No,2,40.22,1400.78,0
CUST_0876,Female,1,Yes,No,63,Two-Year,Yes,Bank Transfer (automatic),Fiber Optic,Yes,No,4,83.9,5151.56,0
CUST_0877,Female,0,No,No,14,One-Year,No,Mailed Check,Fiber Optic,No,No,0,68.53,953.37,0
CUST_0878,Female,0,Yes,Yes,63,Two-Year,Yes,Mailed Check,Fiber Optic,No,Yes,2,75.34,4824.96,0
CUST_0879,Female,0,No,No,56,One-Year,No,Credit Card (automatic),No,No internet service,No internet service,0,18.5,1000.33,0
CUST_0880,Male,0,No,No,67,Two-Year,No,Electronic Check,DSL,No,No,0,43.45,2847.48,0
CUST_0881,Male,1,No,No,66,Two-Year,Yes,Mailed Check,No,No internet service,No internet service,1,27.7,1774.63,0
CUST_0882,Female,0,Yes,Yes,3,Month-to-Month,No,Credit Card (automatic),Fiber Optic,No,No,0,58.02,180.37,1
CUST_0883,Male,0,No,Yes,29,One-Year,No,Electronic Check,DSL,No,Yes,1,55.67,1638.32,0
CUST_0884,Female,0,Yes,No,5,One-Year,Yes,Electronic Check,No,No internet service,No internet service,0,18.6,92.71,0
CUST_0885,Male,0,Yes,Yes,64,Two-Year,No,Electronic Check,Fiber Optic,No,No,2,66.12,4420.81,0
CUST_0886,Male,1,No,No,2,Month-to-Month,Yes,Electronic Check,No,No internet service,No internet service,1,18.5,37.87,1
CUST_0887,Male,0,Yes,Yes,19,Two-Year,Yes,Electronic Check,No,No internet service,No internet service,1,19.41,384.73,0
CUST_0888,Female,0,Yes,No,57,Two-Year,Yes,Electronic Check,No,No internet service,No internet service,2,18.5,1064.79,0
CUST_0889,Male,0,No,Yes,64,Two-Year,No,Electronic Check,No,No internet service,No internet service,2,21.43,1321.88,0
CUST_0890,Female,0,Yes,No,58,Two-Year,Yes,Mailed Check,DSL,Yes,No,2,63.33,3737.58,0
CUST_0891,Male,0,No,No,2,One-Year,No,Electronic Check,No,No internet service,No internet service,1,19.8,38.42,0
CUST_0892,Male,0,Yes,Yes,20,One-Year,No,Bank Transfer (automatic),Fiber Optic,Yes,Yes,5,91.25,1796.89,0
CUST_0893,Male,0,Yes,No,71,Month-to-Month,Yes,Credit Card (automatic),DSL,Yes,Yes,0,68.56,4872.44,0
CUST_0894,Female,0,Yes,Yes,6,Month-to-Month,Yes,Mailed Check,Fiber Optic,No,No,1,68.61,397.56,0
CUST_0895,Male,0,Yes,No,55,One-Year,Yes,Credit Card (automatic),DSL,Yes,No,0,61.39,3214.64,0
CUST_0896,Male,0,Yes,No,66,Two-Year,Yes,Bank Transfer (automatic),DSL,Yes,No,0,55.14,3576.31,0
CUST_0897,Male,0,No,No,71,One-Year,No,Bank Transfer (automatic),DSL,Yes,No,1,58.95,4321.19,0
CUST_0898,Male,0,No,No,19,Month-to-Month,Yes,Electronic Check,No,No internet service,No internet service,0,21.16,382.56,1
CUST_0899,Female,0,No,No,10,Month-to-Month,Yes,Credit Card (automatic),Fiber Optic,No,No,2,70.43,676.79,0
CUST_0900,Female,0,Yes,Yes,3,Month-to-Month,Yes,Credit Card (automatic),DSL,No,No,0,40.46,125.1,0
CUST_0901,Male,0,No,No,23,Two-Year,No,Electronic Check,Fiber Optic,Yes,No,1,79.54,1793.9,1
CUST_0902,Female,0,No,No,30,Two-Year,Yes,Bank Transfer (automatic),Fiber Optic,No,No,1,69.24,2168.23,0
CUST_0903,Female,0,No,No,8,Month-to-Month,No,Bank Transfer (automatic),DSL,No,No,1,40.24,318.06,0
CUST_0904,Male,0,Yes,Yes,68,One-Year,No,Electronic Check,DSL,No,Yes,1,53.08,3716.53,0
CUST_0905,Female,0,No,No,71,One-Year,No,Mailed Check,Fiber Optic,No,No,1,68.08,4717.09,0
CUST_0906,Female,0,No,No,21,Month-to-Month,Yes,Electronic Check,Fiber Optic,No,No,0,71.37,1433.1,0
CUST_0907,Male,0,Yes,Yes,50,Two-Year,Yes,Electronic Check,Fiber Optic,No,No,0,75.63,3925.78,0
CUST_0908,Male,0,No,No,28,Month-to-Month,Yes,Electronic Check,DSL,No,Yes,1,58.07,1695.44,0
CUST_0909,Female,0,Yes,No,69,Month-to-Month,Yes,Bank Transfer (automatic),DSL,No,Yes,3,57.51,4050.77,0
CUST_0910,Female,1,No,No,58,One-Year,No,Bank Transfer (automatic),Fiber Optic,Yes,No,3,82.28,4901.12,0
CUST_0911,Male,0,No,No,23,Month-to-Month,Yes,Credit Card (automatic),DSL,No,No,4,43.64,954.25,0
CUST_0912,Male,0,No,No,32,Month-to-Month,Yes,Bank Transfer (automatic),Fiber Optic,No,No,5,69.62,2284.39,1
CUST_0913,Male,0,Yes,Yes,45,One-Year,Yes,Electronic Check,DSL,Yes,Yes,0,71.25,3197.34,0
CUST_0914,Female,0,Yes,Yes,10,Month-to-Month,Yes,Electronic Check,Fiber Optic,No,No,0,73.78,734.32,1
CUST_0915,Female,0,No,No,30,Month-to-Month,Yes,Credit Card (automatic),No,No internet service,No internet service,2,18.5,557.22,0
CUST_0916,Female,0,Yes,No,69,One-Year,Yes,Mailed Check,Fiber Optic,No,Yes,1,84.89,5723.4,0
CUST_0917,Male,0,Yes,Yes,38,Two-Year,No,Bank Transfer (automatic),DSL,No,No,2,43.82,1697.85,0
CUST_0918,Female,0,No,No,21,Two-Year,Yes,Electronic Check,DSL,Yes,Yes,2,70.98,1460.11,0
CUST_0919,Female,0,No,No,48,One-Year,No,Mailed Check,Fiber Optic,No,Yes,2,83.44,4028.59,0
CUST_0920,Male,0,Yes,Yes,4,Month-to-Month,Yes,Electronic Check,Fiber Optic,Yes,No,1,81.47,314.05,1
CUST_0921,Male,0,Yes,No,28,Two-Year,Yes,Electronic Check,Fiber Optic,Yes,Yes,3,96.1,2737.91,0
CUST_0922,Female,0,Yes,No,26,Month-to-Month,No,Credit Card (automatic),DSL,Yes,Yes,0,70.14,1767.04,0
CUST_0923,Female,0,No,Yes,16,Month-to-Month,No,Mailed Check,Fiber Optic,No,No,0,69.85,1080.77,0
CUST_0924,Male,0,No,No,4,Month-to-Month,Yes,Electronic Check,DSL,Yes,Yes,0,68.56,261.19,1
CUST_0925,Female,0,No,Yes,59,One-Year,No,Credit Card (automatic),DSL,Yes,Yes,0,65.05,3692.79,0
CUST_0926,Male,0,No,No,69,Two-Year,Yes,Mailed Check,Fiber Optic,No,Yes,1,82.06,5510.72,0
CUST_0927,Female,0,No,No,7,Month-to-Month,No,Electronic Check,Fiber Optic,No,No,3,62.04,422.22,0
CUST_0928,Female,0,No,No,43,Two-Year,No,Credit Card (automatic),No,No internet service,No internet service,1,21.15,893.78,0
CUST_0929,Female,0,Yes,No,30,Month-to-Month,Yes,Electronic Check,Fiber Optic,Yes,Yes,1,97.0,2780.34,0
CUST_0930,Female,0,No,Yes,2,One-Year,No,Credit Card (automatic),Fiber Optic,No,No,1,64.21,134.01,1
CUST_0931,Female,0,Yes,No,64,Two-Year,Yes,Credit Card (automatic),DSL,No,No,4,43.89,2701.99,0
CUST_0932,Male,1,No,No,62,Two-Year,No,Electronic Check,Fiber Optic,No,No,2,75.68,4786.92,0
CUST_0933,Female,0,No,No,2,Month-to-Month,No,Mailed Check,DSL,No,No,1,53.73,107.84,1
CUST_0934,Male,0,Yes,No,42,Month-to-Month,Yes,Electronic Check,Fiber Optic,Yes,No,0,81.61,3445.71,0
CUST_0935,Male,0,No,No,41,Two-Year,Yes,Mailed Check,No,No internet service,No internet service,1,20.25,797.5,0
CUST_0936,Male,0,Yes,Yes,1,Month-to-Month,No,Bank Transfer (automatic),Fiber Optic,Yes,Yes,2,93.71,91.3,1
CUST_0937,Male,0,No,No,24,Two-Year,Yes,Electronic Check,No,No internet service,No internet service,2,20.6,508.24,0
CUST_0938,Female,0,Yes,Yes,2,Month-to-Month,No,Electronic Check,Fiber Optic,Yes,Yes,2,98.94,197.16,1
CUST_0939,Male,0,No,No,66,One-Year,Yes,Mailed Check,Fiber Optic,No,No,2,70.01,4600.82,0
CUST_0940,Female,0,Yes,No,7,One-Year,No,Bank Transfer (automatic),No,No internet service,No internet service,3,18.5,130.09,0
CUST_0941,Female,0,Yes,Yes,1,Month-to-Month,Yes,Bank Transfer (automatic),Fiber Optic,Yes,No,0,83.03,82.48,0
CUST_0942,Male,0,Yes,No,62,Month-to-Month,Yes,Bank Transfer (automatic),Fiber Optic,No,No,2,68.46,4374.46,1
CUST_0943,Female,0,Yes,No,32,Month-to-Month,No,Bank Transfer (automatic),Fiber Optic,Yes,No,2,77.52,2542.33,0
CUST_0944,Male,0,Yes,No,56,Two-Year,No,Credit Card (automatic),No,No internet service,No internet service,1,18.5,1017.04,0
CUST_0945,Male,1,No,Yes,35,One-Year,Yes,Electronic Check,Fiber Optic,No,No,2,69.56,2510.58,0
CUST_0946,Female,0,Yes,No,46,Two-Year,Yes,Bank Transfer (automatic),DSL,Yes,No,1,59.51,2742.55,0
CUST_0947,Male,0,Yes,No,30,Two-Year,No,Mailed Check,DSL,Yes,Yes,2,71.28,2165.72,0
CUST_0948,Male,0,Yes,No,43,Month-to-Month,No,Credit Card (automatic),Fiber Optic,No,No,2,74.82,3335.07,0
CUST_0949,Female,0,No,No,26,One-Year,No,Mailed Check,Fiber Optic,No,Yes,0,78.97,2048.29,1
CUST_0950,Female,0,No,No,5,Month-to-Month,No,Credit Card (automatic),No,No internet service,No internet service,0,18.52,94.97,0
CUST_0951,Male,0,No,No,37,Two-Year,Yes,Credit Card (automatic),DSL,No,Yes,2,59.54,2231.2,0
CUST_0952,Female,0,No,No,49,One-Year,No,Bank Transfer (automatic),DSL,Yes,No,1,59.88,2912.63,0
CUST_0953,Female,0,Yes,No,9,Month-to-Month,No,Mailed Check,Fiber Optic,No,No,1,67.92,628.95,0
CUST_0954,Female,0,Yes,Yes,60,Month-to-Month,Yes,Mailed Check,Fiber Optic,Yes,Yes,1,91.25,5258.82,0
CUST_0955,Male,0,Yes,No,60,Month-to-Month,Yes,Bank Transfer (automatic),DSL,No,No,1,46.88,2835.65,0
CUST_0956,Female,0,No,No,52,One-Year,Yes,Electronic Check,DSL,Yes,No,2,60.52,3004.29,0
CUST_0957,Female,0,No,No,60,Month-to-Month,No,Credit Card (automatic),DSL,Yes,No,1,56.05,3247.37,0
CUST_0958,Female,0,No,No,62,One-Year,No,Credit Card (automatic),Fiber Optic,No,No,0,71.84,4498.12,0
CUST_0959,Female,0,Yes,No,34,Month-to-Month,No,Credit Card (automatic),No,No internet service,No internet service,0,20.01,667.25,0
CUST_0960,Male,0,Yes,Yes,14,One-Year,Yes,Mailed Check,Fiber Optic,No,No,1,67.39,921.05,0
CUST_0961,Male,0,Yes,No,61,Two-Year,No,Electronic Check,Fiber Optic,No,Yes,1,84.94,5417.53,0
CUST_0962,Male,0,No,No,69,One-Year,No,Bank Transfer (automatic),No,No internet service,No internet service,0,19.09,1299.55,0
CUST_0963,Male,0,Yes,No,41,One-Year,Yes,Mailed Check,DSL,No,No,2,38.94,1606.88,0
CUST_0964,Female,0,No,Yes,34,Two-Year,Yes,Credit Card (automatic),Fiber Optic,No,Yes,2,79.37,2707.82,0
CUST_0965,Male,0,Yes,No,52,One-Year,No,Credit Card (automatic),DSL,No,Yes,2,48.0,2386.68,0
CUST_0966,Female,0,No,No,39,Two-Year,No,Electronic Check,DSL,No,Yes,3,67.82,2691.08,0
CUST_0967,Female,0,No,No,51,Month-to-Month,Yes,Bank Transfer (automatic),Fiber Optic,Yes,Yes,2,99.2,5065.73,0
CUST_0968,Male,1,No,No,69,Two-Year,Yes,Bank Transfer (automatic),DSL,No,No,2,39.72,2708.18,0
CUST_0969,Male,0,No,No,9,Month-to-Month,Yes,Bank Transfer (automatic),Fiber Optic,No,No,4,67.64,582.34,1
CUST_0970,Female,0,No,No,63,Month-to-Month,Yes,Mailed Check,Fiber Optic,No,No,1,70.9,4374.25,0
CUST_0971,Female,0,No,No,52,Two-Year,Yes,Electronic Check,Fiber Optic,No,Yes,4,88.4,4773.36,0
CUST_0972,Male,0,No,No,3,Two-Year,Yes,Electronic Check,DSL,Yes,No,0,59.9,173.84,0
CUST_0973,Male,0,No,No,45,One-Year,No,Credit Card (automatic),Fiber Optic,Yes,No,3,82.88,3624.92,0
CUST_0974,Female,0,No,No,1,Two-Year,No,Electronic Check,No,No internet service,No internet service,2,18.5,20.0,0
CUST_0975,Female,0,No,No,58,Month-to-Month,Yes,Credit Card (automatic),DSL,Yes,No,1,58.91,3550.31,0
CUST_0976,Male,0,No,No,62,Two-Year,No,Bank Transfer (automatic),Fiber Optic,Yes,No,0,83.75,5296.35,0
CUST_0977,Female,0,No,No,6,Month-to-Month,No,Credit Card (automatic),DSL,Yes,No,2,57.14,355.93,0
CUST_0978,Male,0,Yes,No,72,One-Year,Yes,Credit Card (automatic),DSL,No,Yes,1,56.68,4249.81,0
CUST_0979,Male,0,Yes,Yes,57,Two-Year,Yes,Bank Transfer (automatic),DSL,Yes,No,0,55.21,3281.65,0
CUST_0980,Male,0,No,No,8,Month-to-Month,No,Mailed Check,Fiber Optic,No,Yes,1,87.15,696.2,1
CUST_0981,Male,0,No,No,16,Month-to-Month,No,Mailed Check,Fiber Optic,No,Yes,1,75.23,1200.82,0
CUST_0982,Male,0,No,No,17,Month-to-Month,Yes,Electronic Check,No,No internet service,No internet service,0,21.23,372.78,1
CUST_0983,Male,0,Yes,No,29,Month-to-Month,Yes,Electronic Check,Fiber Optic,Yes,No,2,82.07,2340.03,1
CUST_0984,Male,0,No,No,19,One-Year,No,Bank Transfer (automatic),Fiber Optic,Yes,No,1,74.13,1341.17,1
CUST_0985,Male,0,No,No,46,Month-to-Month,Yes,Credit Card (automatic),DSL,Yes,No,0,55.49,2509.54,0
CUST_0986,Male,0,Yes,Yes,38,Two-Year,No,Electronic Check,Fiber Optic,No,No,0,65.92,2559.15,0
CUST_0987,Female,0,No,No,21,Month-to-Month,No,Mailed Check,No,No internet service,No internet service,2,18.5,373.88,0
CUST_0988,Male,0,No,No,72,One-Year,Yes,Bank Transfer (automatic),No,No internet service,No internet service,0,18.5,1369.93,0
CUST_0989,Male,0,Yes,No,41,One-Year,Yes,Credit Card (automatic),DSL,Yes,Yes,3,73.98,3128.87,0
CUST_0990,Female,0,No,No,68,Two-Year,Yes,Electronic Check,No,No internet service,No internet service,3,19.76,1290.06,0
CUST_0991,Female,0,No,No,26,Month-to-Month,Yes,Electronic Check,DSL,No,Yes,0,59.98,1496.76,0
CUST_0992,Male,0,Yes,No,54,One-Year,Yes,Credit Card (automatic),DSL,No,No,2,40.19,2104.89,1
CUST_0993,Female,0,Yes,Yes,35,Month-to-Month,Yes,Electronic Check,DSL,Yes,No,1,54.52,1880.8,0
CUST_0994,Female,0,No,No,4,One-Year,Yes,Bank Transfer (automatic),Fiber Optic,No,No,0,68.3,274.09,0
CUST_0995,Female,0,Yes,No,56,Month-to-Month,Yes,Bank Transfer (automatic),No,No internet service,No internet service,0,20.64,1154.17,0
CUST_0996,Male,0,Yes,Yes,26,One-Year,No,Mailed Check,No,No internet service,No internet service,0,22.13,595.7,0
CUST_0997,Female,1,Yes,No,62,Month-to-Month,No,Mailed Check,No,No internet service,No internet service,1,21.08,1260.2,0
CUST_0998,Male,0,No,Yes,32,Month-to-Month,No,Credit Card (automatic),DSL,No,No,1,41.77,1363.05,0
CUST_0999,Female,0,No,No,68,Month-to-Month,Yes,Electronic Check,Fiber Optic,Yes,Yes,1,96.96,6625.51,0
CUST_1000,Female,0,No,Yes,57,Month-to-Month,Yes,Electronic Check,Fiber Optic,No,No,0,67.56,3942.12,0
CUST_1001,Male,0,Yes,No,54,One-Year,Yes,Mailed Check,Fiber Optic,Yes,Yes,2,95.07,5052.64,0
CUST_1002,Female,0,No,No,28,Two-Year,Yes,Mailed Check,Fiber Optic,No,No,0,64.5,1800.83,0
CUST_1003,Male,0,Yes,Yes,38,Month-to-Month,No,Bank Transfer (automatic),Fiber Optic,Yes,No,1,80.98,2932.18,1
CUST_1004,Female,0,Yes,Yes,14,Month-to-Month,Yes,Credit Card (automatic),DSL,No,No,1,47.07,633.68,0
CUST_1005,Male,0,Yes,No,53,One-Year,No,Credit Card (automatic),DSL,Yes,Yes,5,69.41,3632.74,0
CUST_1006,Male,0,Yes,No,71,One-Year,Yes,Electronic Check,Fiber Optic,No,No,1,66.73,4728.95,0
CUST_1007,Male,0,No,No,33,Month-to-Month,Yes,Electronic Check,DSL,No,No,0,47.17,1492.13,0
CUST_1008,Female,0,No,No,44,Two-Year,No,Electronic Check,Fiber Optic,Yes,No,3,78.89,3583.97,0
CUST_1009,Male,0,Yes,Yes,17,Month-to-Month,Yes,Credit Card (automatic),DSL,No,No,1,38.01,674.99,0
CUST_1010,Male,0,No,No,34,One-Year,Yes,Mailed Check,No,No internet service,No internet service,1,24.13,828.33,0
CUST_1011,Male,0,No,No,43,One-Year,Yes,Mailed Check,DSL,No,No,0,40.99,1683.85,0
CUST_1012,Female,0,No,No,51,One-Year,No,Credit Card (automatic),Fiber Optic,No,No,0,73.16,3820.27,0
CUST_1013,Female,1,Yes,No,2,Month-to-Month,Yes,Mailed Check,DSL,No,Yes,2,56.05,108.93,0
CUST_1014,Male,0,No,No,8,Month-to-Month,Yes,Electronic Check,DSL,No,No,3,47.58,389.53,1
CUST_1015,Male,0,Yes,No,9,Month-to-Month,No,Mailed Check,DSL,No,No,0,41.86,374.27,0
CUST_1016,Male,0,No,Yes,5,Month-to-Month,No,Bank Transfer (automatic),No,No internet service,No internet service,0,23.42,111.87,0
CUST_1017,Male,0,Yes,Yes,58,One-Year,No,Bank Transfer (automatic),Fiber Optic,No,No,0,67.82,3846.53,0
CUST_1018,Male,0,No,No,71,Two-Year,Yes,Bank Transfer (automatic),Fiber Optic,Yes,No,1,80.9,5701.99,0
CUST_1019,Female,0,Yes,Yes,66,Month-to-Month,No,Electronic Check,Fiber Optic,No,No,0,61.38,4146.79,0
CUST_1020,Male,0,Yes,Yes,39,Two-Year,No,Electronic Check,DSL,No,No,3,38.52,1447.16,0
CUST_1021,Male,0,No,No,67,One-Year,Yes,Bank Transfer (automatic),DSL,No,Yes,2,60.03,3936.34,0
CUST_1022,Male,0,No,No,36,Two-Year,Yes,Credit Card (automatic),Fiber Optic,No,Yes,0,79.33,2736.94,0
CUST_1023,Female,0,No,No,36,One-Year,No,Electronic Check,Fiber Optic,Yes,No,1,74.15,2700.31,0
CUST_1024,Female,1,No,Yes,36,Month-to-Month,No,Electronic Check,DSL,No,No,2,42.5,1526.06,0
CUST_1025,Female,0,Yes,Yes,45,Two-Year,No,Bank Transfer (automatic),No,No internet service,No internet service,0,22.15,1039.51,0
CUST_1026,Male,0,No,No,9,Month-to-Month,No,Bank Transfer (automatic),Fiber Optic,Yes,No,0,77.21,711.61,1
CUST_1027,Male,0,Yes,No,20,One-Year,Yes,Electronic Check,Fiber Optic,No,Yes,1,86.14,1770.67,0
CUST_1028,Male,0,Yes,No,55,One-Year,Yes,Bank Transfer (automatic),DSL,Yes,No,1,54.8,2912.85,0
CUST_1029,Male,0,No,No,33,Month-to-Month,Yes,Credit Card (automatic),Fiber Optic,No,Yes,0,80.46,2593.21,0
CUST_1030,Female,0,No,No,22,Two-Year,Yes,Bank Transfer (automatic),DSL,No,No,1,41.9,923.01,0
CUST_1031,Female,0,No,No,13,One-Year,Yes,Mailed Check,DSL,Yes,No,0,49.48,611.95,0
CUST_1032,Female,0,No,No,25,One-Year,Yes,Credit Card (automatic),DSL,No,Yes,3,55.76,1445.6,0
CUST_1033,Female,0,No,No,58,Two-Year,No,Electronic Check,No,No internet service,No internet service,0,19.61,1168.97,0
CUST_1034,Male,0,Yes,No,64,One-Year,Yes,Mailed Check,Fiber Optic,No,No,1,71.43,4369.43,0
CUST_1035,Female,0,Yes,No,62,Month-to-Month,Yes,Bank Transfer (automatic),DSL,Yes,No,2,53.86,3455.87,0
CUST_1036,Male,0,No,Yes,20,One-Year,No,Mailed Check,No,No internet service,No internet service,1,18.5,351.67,0
CUST_1037,Male,0,Yes,Yes,33,Month-to-Month,Yes,Credit Card (automatic),Fiber Optic,Yes,Yes,2,100.77,3197.12,0
CUST_1038,Female,0,Yes,Yes,39,Month-to-Month,Yes,Electronic Check,Fiber Optic,Yes,No,1,82.64,3079.66,0
CUST_1039,Male,0,Yes,No,30,Month-to-Month,No,Electronic Check,DSL,Yes,No,2,56.6,1694.46,0
CUST_1040,Male,0,No,No,15,Two-Year,No,Credit Card (automatic),DSL,Yes,No,0,61.11,942.69,0
CUST_1041,Male,0,Yes,Yes,13,Month-to-Month,Yes,Electronic Check,Fiber Optic,No,Yes,2,78.0,981.4,1
CUST_1042,Female,0,No,No,50,Two-Year,Yes,Mailed Check,Fiber Optic,No,No,2,65.35,3356.21,0
CUST_1043,Female,0,No,No,26,Month-to-Month,Yes,Bank Transfer (automatic),DSL,No,No,1,47.43,1194.33,1
CUST_1044,Male,0,Yes,Yes,7,Month-to-Month,No,Credit Card (automatic),Fiber Optic,Yes,No,0,89.08,654.15,0
CUST_1045,Female,0,No,No,67,Two-Year,Yes,Bank Transfer (automatic),DSL,Yes,No,3,51.24,3554.43,0
CUST_1046,Male,0,No,No,41,Two-Year,Yes,Mailed Check,DSL,No,No,1,44.74,1877.85,0
CUST_1047,Male,0,No,No,37,One-Year,No,Bank Transfer (automatic),No,No internet service,No internet service,1,21.21,791.97,0
CUST_1048,Female,0,No,No,43,One-Year,Yes,Credit Card (automatic),DSL,No,No,1,46.62,1953.05,0
CUST_1049,Female,0,Yes,No,8,Month-to-Month,Yes,Credit Card (automatic),DSL,No,Yes,0,55.57,427.63,1
CUST_1050,Female,0,No,No,4,Month-to-Month,Yes,Electronic Check,DSL,Yes,Yes,1,65.13,259.49,0
CUST_1051,Male,0,Yes,Yes,15,Month-to-Month,Yes,Credit Card (automatic),Fiber Optic,Yes,Yes,3,85.51,1270.16,1
CUST_1052,Female,0,No,No,4,Month-to-Month,No,Credit Card (automatic),DSL,No,No,0,52.83,215.01,1
CUST_1053,Female,0,No,No,60,Two-Year,No,Bank Transfer (automatic),DSL,No,No,1,51.18,2969.49,0
CUST_1054,Female,0,No,No,37,One-Year,Yes,Bank Transfer (automatic),No,No internet service,No internet service,1,18.5,688.75,0
CUST_1055,Male,0,Yes,No,10,Month-to-Month,Yes,Mailed Check,DSL,Yes,No,1,56.83,579.29,1
CUST_1056,Female,0,Yes,Yes,60,Two-Year,Yes,Bank Transfer (automatic),DSL,No,No,2,42.31,2487.57,0
CUST_1057,Female,0,Yes,Yes,66,Two-Year,No,Bank Transfer (automatic),Fiber Optic,Yes,No,1,80.55,5465.16,0
CUST_1058,Male,0,Yes,Yes,70,Two-Year,No,Electronic Check,No,No internet service,No internet service,2,19.17,1332.75,0
CUST_1059,Male,0,Yes,Yes,70,One-Year,Yes,Electronic Check,Fiber Optic,Yes,Yes,0,88.88,6011.7,0
CUST_1060,Male,0,No,Yes,47,Two-Year,Yes,Electronic Check,No,No internet service,No internet service,0,19.45,886.25,0
CUST_1061,Female,0,Yes,No,6,Month-to-Month,Yes,Credit Card (automatic),Fiber Optic,No,No,0,70.2,411.89,0
CUST_1062,Female,0,No,No,66,Month-to-Month,Yes,Bank Transfer (automatic),Fiber Optic,Yes,No,2,75.19,4792.88,0
CUST_1063,Female,0,Yes,No,56,Two-Year,No,Mailed Check,No,No internet service,No internet service,1,18.5,1042.52,0
CUST_1064,Female,0,No,No,45,Month-to-Month,No,Credit Card (automatic),DSL,No,No,0,39.12,1839.47,0
CUST_1065,Female,0,No,Yes,41,Two-Year,No,Bank Transfer (automatic),DSL,Yes,Yes,0,64.55,2751.37,0
CUST_1066,Male,0,No,Yes,6,Month-to-Month,Yes,Credit Card (automatic),Fiber Optic,No,No,0,68.79,405.47,0
CUST_1067,Male,0,No,No,58,Two-Year,Yes,Electronic Check,No,No internet service,No internet service,1,19.13,1150.0,0
CUST_1068,Male,0,Yes,No,25,Month-to-Month,Yes,Mailed Check,DSL,Yes,No,2,56.16,1467.74,0
CUST_1069,Male,0,No,No,11,Month-to-Month,Yes,Bank Transfer (automatic),DSL,Yes,Yes,2,77.12,830.86,0
CUST_1070,Male,0,Yes,No,16,Month-to-Month,Yes,Electronic Check,No,No internet service,No internet service,1,21.01,349.78,0
CUST_1071,Female,0,Yes,No,36,Two-Year,Yes,Electronic Check,DSL,No,Yes,1,58.31,2203.58,0
CUST_1072,Male,0,No,Yes,70,Two-Year,Yes,Mailed Check,Fiber Optic,No,Yes,1,82.25,5928.88,0
CUST_1073,Male,0,No,No,27,Month-to-Month,Yes,Credit Card (automatic),DSL,Yes,No,2,51.01,1362.15,0
CUST_1074,Male,0,No,No,10,Month-to-Month,No,Mailed Check,DSL,No,No,3,44.29,447.71,0
CUST_1075,Male,0,Yes,Yes,56,Two-Year,No,Mailed Check,No,No internet service,No internet service,3,19.81,1094.29,0
CUST_1076,Female,0,Yes,No,14,Month-to-Month,Yes,Mailed Check,Fiber Optic,No,Yes,1,84.74,1245.2,0
CUST_1077,Female,0,Yes,Yes,1,Month-to-Month,Yes,Electronic Check,DSL,No,Yes,4,52.36,50.1,1
CUST_1078,Female,0,Yes,No,61,One-Year,Yes,Credit Card (automatic),DSL,No,No,0,42.52,2695.67,0
CUST_1079,Male,0,Yes,No,33,One-Year,No,Electronic Check,Fiber Optic,Yes,No,1,77.45,2447.11,0
CUST_1080,Female,0,Yes,Yes,67,Month-to-Month,No,Bank Transfer (automatic),Fiber Optic,No,No,1,67.12,4291.16,0
CUST_1081,Female,0,Yes,No,14,One-Year,No,Electronic Check,DSL,Yes,No,0,55.61,812.79,0
CUST_1082,Female,0,No,No,16,Two-Year,No,Mailed Check,DSL,No,No,3,40.01,663.67,0
CUST_1083,Male,0,Yes,Yes,5,Month-to-Month,Yes,Credit Card (automatic),DSL,No,Yes,2,60.1,296.34,0
CUST_1084,Female,1,No,No,64,Month-to-Month,Yes,Credit Card (automatic),DSL,Yes,No,2,52.85,3537.16,0
CUST_1085,Female,0,Yes,Yes,56,Two-Year,Yes,Mailed Check,DSL,Yes,No,2,59.56,3456.05,0
CUST_1086,Female,0,No,No,64,Month-to-Month,Yes,Electronic Check,DSL,Yes,No,0,55.02,3662.83,0
CUST_1087,Female,0,No,Yes,2,Month-to-Month,Yes,Electronic Check,Fiber Optic,Yes,Yes,0,91.92,185.59,1
CUST_1088,Male,0,Yes,Yes,10,Month-to-Month,No,Electronic Check,Fiber Optic,No,No,1,73.23,765.86,0
CUST_1089,Female,0,No,No,35,Month-to-Month,No,Bank Transfer (automatic),DSL,No,Yes,2,59.37,2142.28,0
CUST_1090,Male,0,Yes,No,35,Month-to-Month,Yes,Mailed Check,DSL,Yes,No,1,58.68,2144.16,0
CUST_1091,Female,0,No,No,54,Month-to-Month,No,Credit Card (automatic),DSL,No,No,0,37.94,2004.0,0
CUST_1092,Male,0,Yes,Yes,71,Two-Year,Yes,Bank Transfer (automatic),DSL,Yes,No,2,61.76,4399.03,0
CUST_1093,Male,0,No,No,1,One-Year,No,Electronic Check,DSL,Yes,No,0,62.74,65.05,1
CUST_1094,Male,0,Yes,Yes,54,One-Year,No,Credit Card (automatic),Fiber Optic,Yes,Yes,2,92.82,5052.24,0
CUST_1095,Female,0,Yes,Yes,38,Month-to-Month,Yes,Credit Card (automatic),DSL,No,Yes,3,53.01,2075.03,0
CUST_1096,Male,0,No,No,72,Two-Year,Yes,Bank Transfer (automatic),DSL,No,No,1,40.02,3017.76,0
CUST_1097,Female,0,Yes,Yes,54,One-Year,Yes,Credit Card (automatic),DSL,No,Yes,1,55.66,3097.18,0
CUST_1098,Female,0,No,No,51,One-Year,No,Credit Card (automatic),DSL,Yes,No,1,52.49,2627.56,0
CUST_1099,Male,0,Yes,Yes,38,One-Year,Yes,Bank Transfer (automatic),DSL,Yes,Yes,2,67.97,2484.38,0
CUST_1100,Male,0,No,No,7,Month-to-Month,No,Credit Card (automatic),Fiber Optic,No,No,2,67.63,462.65,0
CUST_1101,Male,0,Yes,No,67,One-Year,Yes,Bank Transfer (automatic),Fiber Optic,No,No,5,64.51,4392.53,0
CUST_1102,Female,0,No,No,37,Two-Year,No,Bank Transfer (automatic),Fiber Optic,No,Yes,2,79.16,2785.68,0
CUST_1103,Female,1,No,No,2,Month-to-Month,No,Mailed Check,DSL,No,No,1,45.21,87.61,0
CUST_1104,Male,0,Yes,Yes,64,Two-Year,No,Credit Card (automatic),Fiber Optic,No,No,1,66.21,4164.09,0
CUST_1105,Male,0,Yes,Yes,14,Month-to-Month,Yes,Electronic Check,Fiber Optic,No,No,0,68.45,994.26,1
CUST_1106,Female,0,Yes,Yes,44,One-Year,Yes,Mailed Check,No,No internet service,No internet service,2,23.44,985.05,0
CUST_1107,Female,0,No,Yes,36,One-Year,Yes,Bank Transfer (automatic),DSL,Yes,No,0,53.86,1851.69,1
CUST_1108,Female,0,Yes,Yes,3,Month-to-Month,Yes,Bank Transfer (automatic),Fiber Optic,No,Yes,3,78.15,235.66,0
CUST_1109,Female,0,Yes,Yes,3,Month-to-Month,Yes,Bank Transfer (automatic),DSL,Yes,Yes,1,69.35,201.35,0
CUST_1110,Male,1,Yes,Yes,41,Month-to-Month,Yes,Mailed Check,DSL,Yes,No,2,61.51,2456.9,0
CUST_1111,Male,0,Yes,No,14,One-Year,No,Electronic Check,DSL,Yes,No,1,58.6,794.49,0
CUST_1112,Male,0,No,No,11,Month-to-Month,Yes,Credit Card (automatic),DSL,No,Yes,2,54.18,600.84,0
CUST_1113,Male,0,No,No,26,One-Year,No,Bank Transfer (automatic),Fiber Optic,No,Yes,1,79.17,1966.93,0
CUST_1114,Male,0,No,No,71,Two-Year,Yes,Credit Card (automatic),Fiber Optic,Yes,Yes,0,91.92,6813.48,0
CUST_1115,Male,0,No,No,22,One-Year,Yes,Electronic Check,Fiber Optic,No,No,1,68.55,1451.27,0
CUST_1116,Male,0,No,No,21,Month-to-Month,Yes,Bank Transfer (automatic),Fiber Optic,No,No,2,79.85,1752.58,0
CUST_1117,Female,1,Yes,Yes,58,One-Year,Yes,Bank Transfer (automatic),DSL,No,No,0,45.37,2704.65,0
CUST_1118,Female,0,Yes,No,46,Two-Year,Yes,Mailed Check,Fiber Optic,No,Yes,3,89.15,4235.42,0
CUST_1119,Female,0,No,No,70,One-Year,Yes,Credit Card (automatic),DSL,No,No,1,48.28,3269.02,0
CUST_1120,Female,0,No,No,51,Two-Year,No,Electronic Check,DSL,Yes,Yes,0,58.87,3053.3,0
CUST_1121,Male,0,No,No,58,Two-Year,Yes,Bank Transfer (automatic),Fiber Optic,Yes,Yes,2,91.95,5502.2,0
CUST_1122,Female,0,Yes,No,24,One-Year,Yes,Bank Transfer (automatic),Fiber Optic,Yes,No,1,81.71,1972.42,0
CUST_1123,Male,0,Yes,No,23,One-Year,Yes,Bank Transfer (automatic),Fiber Optic,No,No,2,70.65,1633.25,0
CUST_1124,Female,0,Yes,No,39,One-Year,No,Bank Transfer (automatic),Fiber Optic,No,Yes,0,82.25,3098.5,0
CUST_1125,Male,0,No,No,13,One-Year,No,Electronic Check,DSL,Yes,Yes,4,62.1,800.38,0
CUST_1126,Female,0,No,No,59,Two-Year,No,Bank Transfer (automatic),DSL,No,Yes,2,49.94,2843.49,0
CUST_1127,Male,0,No,No,26,Month-to-Month,Yes,Electronic Check,DSL,No,Yes,4,56.81,1546.9,0
CUST_1128,Male,0,Yes,No,67,One-Year,Yes,Mailed Check,DSL,Yes,Yes,3,67.36,4596.55,0
CUST_1129,Female,0,No,Yes,13,One-Year,Yes,Electronic Check,Fiber Optic,No,Yes,1,87.08,1080.92,1
CUST_1130,Male,0,Yes,No,20,One-Year,No,Mailed Check,DSL,Yes,No,2,57.01,1137.55,0
CUST_1131,Female,0,Yes,No,71,One-Year,Yes,Bank Transfer (automatic),DSL,No,No,0,48.07,3460.06,0
CUST_1132,Female,0,No,No,46,Two-Year,No,Credit Card (automatic),Fiber Optic,No,No,1,72.59,3204.12,0
CUST_1133,Female,0,Yes,No,30,Month-to-Month,Yes,Mailed Check,No,No internet service,No internet service,2,19.71,601.06,0
CUST_1134,Female,0,Yes,Yes,2,One-Year,Yes,Electronic Check,Fiber Optic,Yes,No,3,86.41,167.24,0
CUST_1135,Female,0,No,No,34,One-Year,Yes,Mailed Check,DSL,No,No,2,43.13,1452.91,0
CUST_1136,Male,0,No,No,35,Month-to-Month,No,Bank Transfer (automatic),DSL,No,No,2,44.78,1586.98,0
CUST_1137,Female,0,Yes,Yes,8,Month-to-Month,Yes,Mailed Check,No,No internet service,No internet service,0,20.27,159.97,0
CUST_1138,Female,0,No,No,31,One-Year,No,Mailed Check,No,No internet service,No internet service,2,18.5,566.67,0
CUST_1139,Female,0,Yes,No,21,Two-Year,Yes,Bank Transfer (automatic),No,No internet service,No internet service,1,18.5,401.85,0
CUST_1140,Male,0,No,No,33,Month-to-Month,Yes,Electronic Check,DSL,No,Yes,0,51.84,1678.09,0
CUST_1141,Female,0,No,No,5,Month-to-Month,Yes,Electronic Check,DSL,No,No,2,40.81,207.22,1
CUST_1142,Female,0,No,Yes,29,Month-to-Month,No,Electronic Check,Fiber Optic,No,No,1,69.45,2084.37,0
CUST_1143,Female,0,No,No,50,One-Year,Yes,Mailed Check,DSL,No,No,4,46.22,2230.73,0
CUST_1144,Male,0,Yes,Yes,68,Two-Year,Yes,Electronic Check,No,No internet service,No internet service,1,18.5,1200.88,0
CUST_1145,Male,0,Yes,No,16,Month-to-Month,Yes,Bank Transfer (automatic),DSL,No,Yes,1,57.21,945.16,0
CUST_1146,Male,0,Yes,No,54,Two-Year,Yes,Electronic Check,Fiber Optic,No,Yes,0,80.97,4394.74,0
CUST_1147,Female,0,Yes,No,72,Two-Year,Yes,Mailed Check,Fiber Optic,Yes,No,1,85.71,6373.35,0
CUST_1148,Female,0,No,No,49,Two-Year,Yes,Electronic Check,Fiber Optic,No,No,1,67.98,3235.43,0
CUST_1149,Male,0,Yes,Yes,63,Month-to-Month,No,Bank Transfer (automatic),Fiber Optic,No,Yes,1,88.34,5750.54,0
CUST_1150,Male,0,Yes,Yes,52,Two-Year,No,Credit Card (automatic),Fiber Optic,No,No,3,73.05,3644.87,0
CUST_1151,Male,0,Yes,Yes,50,Two-Year,No,Bank Transfer (automatic),Fiber Optic,No,No,1,68.67,3565.07,0
CUST_1152,Male,0,No,No,6,Month-to-Month,Yes,Bank Transfer (automatic),Fiber Optic,Yes,No,1,79.81,494.3,1
CUST_1153,Female,0,Yes,No,48,One-Year,Yes,Bank Transfer (automatic),Fiber Optic,No,No,2,73.54,3553.69,0
CUST_1154,Female,0,No,No,67,Two-Year,No,Electronic Check,No,No internet service,No internet service,1,18.66,1263.76,0
CUST_1155,Male,0,Yes,No,32,Month-to-Month,No,Electronic Check,DSL,No,No,1,45.15,1422.53,0
CUST_1156,Female,0,Yes,No,62,Two-Year,Yes,Electronic Check,DSL,Yes,No,0,54.96,3305.85,0
CUST_1157,Male,0,No,No,52,One-Year,Yes,Electronic Check,DSL,No,No,0,42.77,2214.13,0
CUST_1158,Female,1,No,No,31,Month-to-Month,No,Electronic Check,Fiber Optic,Yes,Yes,1,89.11,2805.9,0
CUST_1159,Male,0,No,No,64,One-Year,Yes,Bank Transfer (automatic),DSL,Yes,Yes,1,74.48,5004.32,0
CUST_1160,Male,0,No,No,71,One-Year,No,Electronic Check,No,No internet service,No internet service,1,18.5,1355.17,0
CUST_1161,Male,0,Yes,No,44,One-Year,Yes,Credit Card (automatic),Fiber Optic,Yes,No,3,82.54,3607.9,1
CUST_1162,Female,1,Yes,Yes,6,Month-to-Month,Yes,Credit Card (automatic),Fiber Optic,No,No,0,71.96,442.26,1
CUST_1163,Female,0,No,No,66,One-Year,Yes,Credit Card (automatic),DSL,No,Yes,3,62.43,3958.88,0
CUST_1164,Female,0,Yes,No,25,Month-to-Month,Yes,Electronic Check,Fiber Optic,No,No,0,67.76,1679.61,1
CUST_1165,Male,0,No,No,11,Month-to-Month,Yes,Credit Card (automatic),No,No internet service,No internet service,1,18.5,201.97,0
CUST_1166,Male,1,No,Yes,59,Two-Year,No,Credit Card (automatic),DSL,No,Yes,1,57.36,3553.05,0
CUST_1167,Male,0,Yes,No,20,Month-to-Month,No,Credit Card (automatic),Fiber Optic,No,Yes,1,84.0,1661.69,1
CUST_1168,Female,0,No,Yes,21,One-Year,No,Bank Transfer (automatic),Fiber Optic,Yes,No,1,79.84,1606.77,0
CUST_1169,Male,0,Yes,No,31,One-Year,No,Credit Card (automatic),DSL,No,No,3,47.19,1399.58,0
CUST_1170,Female,0,Yes,No,39,One-Year,Yes,Electronic Check,Fiber Optic,Yes,No,0,82.0,3261.44,0
CUST_1171,Female,0,Yes,No,63,Month-to-Month,Yes,Electronic Check,No,No internet service,No internet service,1,18.59,1146.47,1
CUST_1172,Female,0,No,No,50,Two-Year,No,Electronic Check,Fiber Optic,No,Yes,2,87.3,4526.03,0
CUST_1173,Male,0,Yes,No,14,One-Year,Yes,Credit Card (automatic),No,No internet service,No internet service,3,18.72,261.63,0
CUST_1174,Male,0,No,No,4,Month-to-Month,Yes,Electronic Check,Fiber Optic,No,Yes,1,88.63,348.51,1
CUST_1175,Male,0,No,No,5,Month-to-Month,No,Electronic Check,DSL,No,Yes,1,57.13,293.05,1
CUST_1176,Female,0,No,No,43,Month-to-Month,Yes,Credit Card (automatic),Fiber Optic,No,Yes,1,78.67,3354.91,0
CUST_1177,Female,0,No,No,28,Month-to-Month,No,Electronic Check,Fiber Optic,Yes,Yes,1,86.38,2476.05,0
CUST_1178,Male,0,Yes,Yes,17,One-Year,No,Credit Card (automatic),DSL,No,No,0,49.76,864.03,0
CUST_1179,Male,0,Yes,No,23,Month-to-Month,Yes,Credit Card (automatic),Fiber Optic,Yes,Yes,2,97.82,2300.08,0
CUST_1180,Female,0,Yes,No,32,Two-Year,Yes,Electronic Check,Fiber Optic,No,No,3,73.18,2425.39,0
CUST_1181,Female,0,No,No,10,One-Year,No,Electronic Check,Fiber Optic,No,No,0,75.14,777.58,0
CUST_1182,Male,0,No,No,44,Two-Year,Yes,Bank Transfer (automatic),DSL,No,No,0,52.19,2334.16,0
CUST_1183,Female,0,No,No,58,Month-to-Month,Yes,Credit Card (automatic),DSL,No,No,2,36.44,2210.1,0
CUST_1184,Male,0,No,No,48,One-Year,Yes,Credit Card (automatic),DSL,Yes,No,2,49.92,2281.32,0
CUST_1185,Male,0,No,No,54,One-Year,Yes,Electronic Check,Fiber Optic,No,No,1,68.88,3879.62,0
CUST_1186,Female,0,Yes,No,49,One-Year,No,Mailed Check,Fiber Optic,No,Yes,2,85.91,4061.52,0
CUST_1187,Female,0,No,No,70,Month-to-Month,No,Mailed Check,Fiber Optic,Yes,Yes,1,95.15,6468.44,0
CUST_1188,Female,0,No,No,56,One-Year,No,Bank Transfer (automatic),No,No internet service,No internet service,1,21.16,1222.57,0
CUST_1189,Male,0,Yes,Yes,1,Month-to-Month,No,Mailed Check,No,No internet service,No internet service,3,18.5,20.0,0
CUST_1190,Female,0,No,No,64,Two-Year,Yes,Electronic Check,DSL,No,No,0,41.62,2643.79,0
CUST_1191,Male,0,Yes,Yes,37,Two-Year,No,Bank Transfer (automatic),No,No internet service,No internet service,2,19.61,708.25,0
CUST_1192,Male,0,No,No,38,One-Year,Yes,Mailed Check,DSL,Yes,Yes,2,67.98,2512.06,0
CUST_1193,Female,0,No,No,1,Month-to-Month,Yes,Electronic Check,Fiber Optic,Yes,Yes,2,92.2,88.57,0
CUST_1194,Male,0,No,No,17,Month-to-Month,No,Credit Card (automatic),Fiber Optic,Yes,Yes,0,96.52,1591.09,0
CUST_1195,Female,0,Yes,No,39,One-Year,Yes,Bank Transfer (automatic),Fiber Optic,No,No,0,69.96,2746.65,0
CUST_1196,Female,0,No,No,37,Two-Year,No,Mailed Check,Fiber Optic,Yes,No,2,83.77,3163.53,0
CUST_1197,Male,0,No,No,37,Two-Year,Yes,Bank Transfer (automatic),DSL,No,Yes,2,56.55,2142.32,0
CUST_1198,Male,0,Yes,No,55,Month-to-Month,No,Mailed Check,DSL,No,Yes,0,59.75,3243.57,0
CUST_1199,Male,0,No,No,47,One-Year,Yes,Bank Transfer (automatic),DSL,Yes,Yes,1,64.58,3163.33,0
CUST_1200,Male,0,No,No,36,Two-Year,Yes,Credit Card (automatic),Fiber Optic,No,No,2,64.34,2276.57,0
CUST_1201,Female,0,No,No,39,One-Year,Yes,Bank Transfer (automatic),DSL,No,No,1,43.65,1636.15,0
CUST_1202,Female,0,Yes,No,71,Month-to-Month,Yes,Bank Transfer (automatic),Fiber Optic,Yes,No,1,85.06,6308.14,0
CUST_1203,Male,0,No,No,54,Two-Year,Yes,Bank Transfer (automatic),DSL,No,No,3,43.55,2361.27,0
CUST_1204,Male,0,No,Yes,1,Month-to-Month,No,Bank Transfer (automatic),No,No internet service,No internet service,2,28.14,29.47,1
CUST_1205,Female,0,Yes,Yes,45,One-Year,No,Electronic Check,Fiber Optic,No,No,2,65.92,2934.86,1
CUST_1206,Female,0,Yes,No,53,One-Year,Yes,Electronic Check,Fiber Optic,No,No,0,69.23,3763.63,0
CUST_1207,Male,0,No,No,9,One-Year,Yes,Bank Transfer (automatic),DSL,Yes,Yes,0,61.65,533.21,0
CUST_1208,Male,0,No,No,56,Two-Year,Yes,Mailed Check,No,No internet service,No internet service,1,25.91,1502.34,0
CUST_1209,Female,0,No,No,10,Month-to-Month,Yes,Mailed Check,Fiber Optic,Yes,Yes,1,93.52,904.4,1
CUST_1210,Male,0,Yes,Yes,15,Month-to-Month,Yes,Bank Transfer (automatic),DSL,Yes,Yes,1,59.58,855.15,0
CUST_1211,Male,0,Yes,Yes,24,Month-to-Month,Yes,Electronic Check,No,No internet service,No internet service,2,18.74,431.67,1
CUST_1212,Female,0,Yes,Yes,6,Month-to-Month,No,Bank Transfer (automatic),Fiber Optic,Yes,No,0,71.71,432.73,0
CUST_1213,Female,0,Yes,No,9,Month-to-Month,Yes,Mailed Check,Fiber Optic,No,Yes,0,86.88,765.65,1
CUST_1214,Female,0,No,No,64,One-Year,Yes,Mailed Check,DSL,Yes,Yes,0,65.36,4375.86,0
CUST_1215,Female,0,No,No,60,Month-to-Month,No,Mailed Check,Fiber Optic,No,No,3,70.16,4358.06,0
CUST_1216,Female,0,No,No,29,Two-Year,Yes,Electronic Check,Fiber Optic,No,No,1,67.04,2003.13,0
CUST_1217,Male,0,Yes,Yes,70,Month-to-Month,No,Electronic Check,No,No internet service,No internet service,0,19.2,1385.62,0
CUST_1218,Male,0,No,No,20,Month-to-Month,Yes,Mailed Check,DSL,No,Yes,2,60.21,1251.25,0
CUST_1219,Male,0,Yes,Yes,54,Month-to-Month,No,Mailed Check,Fiber Optic,No,No,1,68.38,3827.37,0
CUST_1220,Male,1,Yes,Yes,10,Month-to-Month,Yes,Bank Transfer (automatic),Fiber Optic,Yes,No,2,84.23,878.37,0
CUST_1221,Female,0,No,No,53,Month-to-Month,No,Mailed Check,DSL,Yes,No,1,45.75,2530.07,1
CUST_1222,Female,0,No,Yes,35,One-Year,No,Credit Card (automatic),DSL,No,No,1,39.91,1368.68,0
CUST_1223,Female,0,No,No,9,Month-to-Month,Yes,Bank Transfer (automatic),DSL,No,No,1,45.21,395.48,0
CUST_1224,Female,0,Yes,No,64,Two-Year,Yes,Electronic Check,DSL,No,No,0,42.13,2734.9,1
CUST_1225,Male,0,No,No,28,One-Year,Yes,Electronic Check,DSL,No,No,2,49.7,1339.18,0
CUST_1226,Male,0,No,No,6,Month-to-Month,Yes,Electronic Check,No,No internet service,No internet service,1,23.35,136.05,0
CUST_1227,Female,0,No,No,65,Month-to-Month,No,Credit Card (automatic),No,No internet service,No internet service,2,25.45,1699.4,0
CUST_1228,Female,0,Yes,No,64,Two-Year,Yes,Credit Card (automatic),Fiber Optic,No,No,3,70.39,4572.24,0
CUST_1229,Female,0,No,No,50,Month-to-Month,No,Electronic Check,Fiber Optic,Yes,Yes,1,91.03,4620.16,1
CUST_1230,Female,1,No,No,56,One-Year,Yes,Bank Transfer (automatic),Fiber Optic,Yes,Yes,1,96.45,5644.6,0
CUST_1231,Female,0,No,No,51,Two-Year,Yes,Credit Card (automatic),Fiber Optic,Yes,Yes,1,89.78,4655.53,0
CUST_1232,Female,0,Yes,No,1,Month-to-Month,No,Bank Transfer (automatic),Fiber Optic,Yes,No,1,80.84,80.28,1
CUST_1233,Male,0,Yes,Yes,8,One-Year,Yes,Mailed Check,Fiber Optic,Yes,No,0,83.63,654.34,1
CUST_1234,Female,1,Yes,Yes,13,Two-Year,Yes,Electronic Check,Fiber Optic,Yes,No,2,79.18,1012.72,0
CUST_1235,Female,0,Yes,Yes,67,Two-Year,No,Electronic Check,Fiber Optic,No,Yes,3,91.56,5998.22,0
CUST_1236,Male,0,No,No,38,Two-Year,No,Bank Transfer (automatic),Fiber Optic,No,No,1,72.88,2640.66,0
CUST_1237,Female,0,Yes,No,9,Month-to-Month,No,Credit Card (automatic),Fiber Optic,Yes,Yes,2,90.32,793.5,0
CUST_1238,Male,0,Yes,Yes,28,Two-Year,No,Bank Transfer (automatic),DSL,No,No,4,48.83,1413.09,0
CUST_1239,Female,0,Yes,Yes,15,Month-to-Month,No,Electronic Check,Fiber Optic,Yes,No,0,88.53,1358.26,1
CUST_1240,Male,0,Yes,No,67,One-Year,Yes,Credit Card (automatic),No,No internet service,No internet service,0,18.5,1254.6,0
CUST_1241,Female,0,Yes,Yes,8,Month-to-Month,No,Credit Card (automatic),Fiber Optic,No,No,0,75.12,625.13,1
CUST_1242,Male,0,No,No,12,Month-to-Month,No,Electronic Check,No,No internet service,No internet service,2,18.5,216.76,1
CUST_1243,Female,0,No,No,23,One-Year,Yes,Electronic Check,Fiber Optic,No,No,2,69.97,1621.81,0
CUST_1244,Male,0,Yes,Yes,20,Month-to-Month,Yes,Bank Transfer (automatic),DSL,Yes,No,1,57.7,1099.92,0
CUST_1245,Male,0,Yes,No,55,One-Year,Yes,Electronic Check,Fiber Optic,No,Yes,3,79.36,4535.9,0
CUST_1246,Male,0,Yes,No,28,One-Year,No,Electronic Check,DSL,Yes,Yes,0,66.35,1848.09,0
CUST_1247,Female,0,Yes,Yes,47,One-Year,Yes,Electronic Check,Fiber Optic,Yes,Yes,2,90.58,4120.12,0
CUST_1248,Male,0,No,No,24,Month-to-Month,No,Credit Card (automatic),No,No internet service,No internet service,1,18.5,432.43,0
CUST_1249,Male,0,No,No,27,Month-to-Month,Yes,Credit Card (automatic),Fiber Optic,No,No,3,66.02,1844.62,0
CUST_1250,Female,0,No,No,8,Month-to-Month,Yes,Electronic Check,Fiber Optic,Yes,No,0,86.45,664.55,1
CUST_1251,Female,0,No,No,15,Month-to-Month,Yes,Credit Card (automatic),DSL,No,Yes,1,51.12,799.4,0
CUST_1252,Female,0,Yes,Yes,19,Month-to-Month,Yes,Bank Transfer (automatic),DSL,Yes,Yes,1,76.19,1429.29,0
CUST_1253,Male,0,No,No,5,Month-to-Month,No,Electronic Check,No,No internet service,No internet service,2,19.47,94.93,0
CUST_1254,Female,0,No,No,66,Two-Year,Yes,Credit Card (automatic),Fiber Optic,No,Yes,1,73.62,4777.22,0
CUST_1255,Male,0,No,No,6,Month-to-Month,Yes,Bank Transfer (automatic),DSL,Yes,Yes,4,72.09,428.6,0
CUST_1256,Male,0,Yes,No,58,Month-to-Month,Yes,Credit Card (automatic),DSL,No,No,0,43.45,2532.22,0
CUST_1257,Female,0,No,No,8,One-Year,Yes,Mailed Check,DSL,No,No,1,40.23,324.63,0
CUST_1258,Female,0,No,No,2,One-Year,Yes,Mailed Check,DSL,Yes,No,2,55.63,110.68,0
CUST_1259,Female,0,No,No,58,Two-Year,No,Electronic Check,Fiber Optic,Yes,Yes,4,90.9,5243.92,0
CUST_1260,Male,0,Yes,No,56,One-Year,No,Mailed Check,Fiber Optic,No,No,2,75.15,4118.05,0
CUST_1261,Male,0,No,No,54,Two-Year,No,Bank Transfer (automatic),DSL,Yes,Yes,1,65.88,3516.19,0
CUST_1262,Male,0,No,Yes,22,Month-to-Month,Yes,Credit Card (automatic),DSL,Yes,No,1,51.7,1133.66,0
CUST_1263,Female,0,No,No,65,Two-Year,Yes,Bank Transfer (automatic),No,No internet service,No internet service,4,18.5,1214.23,0
CUST_1264,Male,0,No,No,16,Two-Year,Yes,Electronic Check,No,No internet service,No internet service,1,18.5,285.07,0
CUST_1265,Male,0,No,No,24,Two-Year,No,Electronic Check,No,No internet service,No internet service,2,24.31,598.84,0
CUST_1266,Male,0,Yes,Yes,14,Month-to-Month,Yes,Credit Card (automatic),Fiber Optic,Yes,No,1,82.8,1180.13,0
CUST_1267,Female,0,No,No,63,Two-Year,No,Mailed Check,Fiber Optic,No,Yes,1,76.13,4699.68,0
CUST_1268,Male,0,Yes,No,38,Month-to-Month,Yes,Electronic Check,Fiber Optic,No,Yes,2,77.78,2943.62,0
CUST_1269,Female,0,No,No,2,Month-to-Month,Yes,Credit Card (automatic),No,No internet service,No internet service,5,18.5,38.65,0
CUST_1270,Male,0,Yes,No,29,One-Year,Yes,Credit Card (automatic),Fiber Optic,No,No,0,62.63,1729.18,0
CUST_1271,Female,0,No,No,15,One-Year,No,Bank Transfer (automatic),Fiber Optic,No,Yes,2,77.57,1199.78,1
CUST_1272,Male,0,No,No,5,Month-to-Month,Yes,Electronic Check,Fiber Optic,No,Yes,2,83.3,416.99,1
CUST_1273,Female,0,No,No,5,Month-to-Month,Yes,Mailed Check,Fiber Optic,No,No,0,77.26,390.89,0
CUST_1274,Female,0,No,No,45,Month-to-Month,No,Bank Transfer (automatic),Fiber Optic,No,No,1,62.65,2871.27,0
CUST_1275,Male,0,No,No,33,One-Year,No,Credit Card (automatic),Fiber Optic,No,Yes,2,92.91,3052.55,0
CUST_1276,Female,0,No,Yes,56,Two-Year,Yes,Credit Card (automatic),Fiber Optic,No,Yes,2,83.5,4531.91,0
CUST_1277,Male,1,Yes,No,16,One-Year,Yes,Mailed Check,No,No internet service,No internet service,2,18.5,308.12,0
CUST_1278,Female,0,Yes,No,44,One-Year,Yes,Credit Card (automatic),DSL,Yes,No,1,63.11,2843.54,0
CUST_1279,Female,0,Yes,Yes,34,Two-Year,Yes,Electronic Check,DSL,No,Yes,0,58.67,2006.67,0
CUST_1280,Male,0,Yes,Yes,22,One-Year,No,Electronic Check,DSL,No,No,0,48.38,1058.87,1
CUST_1281,Male,0,No,No,17,One-Year,Yes,Mailed Check,DSL,Yes,No,2,60.3,1025.03,0
CUST_1282,Male,0,No,No,66,Two-Year,No,Credit Card (automatic),No,No internet service,No internet service,0,24.3,1655.69,0
CUST_1283,Male,0,No,No,64,Two-Year,Yes,Electronic Check,No,No internet service,No internet service,0,18.5,1126.28,0
CUST_1284,Male,0,Yes,Yes,46,Two-Year,Yes,Electronic Check,Fiber Optic,No,No,1,73.23,3491.65,0
CUST_1285,Male,0,Yes,No,32,One-Year,No,Credit Card (automatic),No,No internet service,No internet service,0,20.21,617.41,0
CUST_1286,Male,0,No,No,64,One-Year,Yes,Electronic Check,Fiber Optic,No,Yes,4,84.32,5459.03,0
CUST_1287,Female,0,No,No,31,One-Year,No,Electronic Check,Fiber Optic,No,No,2,67.3,2051.48,0
CUST_1288,Male,0,Yes,No,71,One-Year,No,Bank Transfer (automatic),Fiber Optic,No,No,1,67.41,4871.42,0
CUST_1289,Male,0,No,Yes,63,Two-Year,Yes,Bank Transfer (automatic),DSL,Yes,No,0,54.68,3302.07,0
CUST_1290,Female,0,No,No,34,Month-to-Month,Yes,Mailed Check,DSL,Yes,No,0,59.92,2048.74,0
CUST_1291,Male,0,Yes,No,53,One-Year,Yes,Credit Card (automatic),Fiber Optic,No,No,3,69.66,3823.13,0
CUST_1292,Male,1,No,No,61,One-Year,No,Electronic Check,DSL,Yes,No,0,54.84,3343.45,0
CUST_1293,Male,0,Yes,No,25,One-Year,Yes,Credit Card (automatic),Fiber Optic,Yes,Yes,1,92.65,2219.97,0
CUST_1294,Female,0,No,No,49,Two-Year,Yes,Bank Transfer (automatic),Fiber Optic,Yes,No,1,87.0,4065.78,0
CUST_1295,Female,0,Yes,Yes,21,Month-to-Month,Yes,Mailed Check,Fiber Optic,No,Yes,2,83.98,1784.95,0
CUST_1296,Male,0,Yes,Yes,68,One-Year,No,Credit Card (automatic),DSL,No,No,1,46.83,3047.36,1
CUST_1297,Female,0,No,No,30,Month-to-Month,Yes,Electronic Check,Fiber Optic,Yes,No,0,83.07,2385.26,1
CUST_1298,Female,0,Yes,Yes,2,Month-to-Month,Yes,Electronic Check,Fiber Optic,No,No,2,74.29,147.47,1
CUST_1299,Female,0,No,No,12,Month-to-Month,No,Credit Card (automatic),No,No internet service,No internet service,2,18.5,215.55,0
CUST_1300,Female,0,Yes,No,25,One-Year,Yes,Electronic Check,No,No internet service,No internet service,0,23.54,571.09,0
CUST_1301,Female,0,Yes,Yes,10,One-Year,Yes,Electronic Check,Fiber Optic,No,No,4,70.31,701.76,1
CUST_1302,Male,0,Yes,No,25,Month-to-Month,No,Mailed Check,DSL,No,Yes,2,53.27,1302.56,0
CUST_1303,Male,0,No,No,22,One-Year,No,Electronic Check,Fiber Optic,No,No,1,69.92,1495.06,0
CUST_1304,Male,0,No,No,39,Two-Year,Yes,Credit Card (automatic),DSL,No,Yes,0,55.9,2183.24,0
CUST_1305,Female,0,Yes,No,36,Two-Year,Yes,Credit Card (automatic),DSL,Yes,Yes,0,70.37,2480.34,0
CUST_1306,Female,0,No,No,46,Two-Year,Yes,Mailed Check,Fiber Optic,No,No,0,73.6,3243.48,0
CUST_1307,Female,0,No,No,12,Month-to-Month,Yes,Mailed Check,Fiber Optic,Yes,Yes,0,89.48,1093.38,0
CUST_1308,Female,0,No,No,55,One-Year,No,Bank Transfer (automatic),Fiber Optic,No,No,0,76.87,4264.04,0
CUST_1309,Male,0,No,No,51,Month-to-Month,Yes,Electronic Check,DSL,No,Yes,0,50.28,2490.46,0
CUST_1310,Female,0,No,No,42,Two-Year,No,Electronic Check,No,No internet service,No internet service,0,18.5,783.39,0
CUST_1311,Female,0,No,No,30,One-Year,Yes,Electronic Check,No,No internet service,No internet service,0,27.88,874.51,0
CUST_1312,Female,0,Yes,No,6,Month-to-Month,No,Mailed Check,No,No internet service,No internet service,0,18.5,116.07,0
CUST_1313,Female,0,Yes,Yes,71,Two-Year,Yes,Bank Transfer (automatic),No,No internet service,No internet service,1,18.5,1317.7,0
CUST_1314,Female,0,Yes,Yes,6,Month-to-Month,No,Credit Card (automatic),Fiber Optic,No,No,1,66.89,385.21,0
CUST_1315,Male,0,Yes,Yes,61,Two-Year,Yes,Bank Transfer (automatic),DSL,Yes,Yes,3,59.32,3603.39,0
CUST_1316,Female,0,No,No,36,Month-to-Month,No,Bank Transfer (automatic),Fiber Optic,Yes,Yes,1,93.56,3208.84,0
CUST_1317,Male,0,Yes,Yes,45,Month-to-Month,Yes,Electronic Check,No,No internet service,No internet service,1,21.78,971.79,0
CUST_1318,Female,0,Yes,Yes,21,Month-to-Month,Yes,Credit Card (automatic),DSL,No,No,2,46.76,1022.16,0
CUST_1319,Female,0,No,Yes,65,Month-to-Month,No,Credit Card (automatic),Fiber Optic,No,No,0,67.62,4380.99,0
CUST_1320,Male,0,Yes,No,22,One-Year,Yes,Credit Card (automatic),DSL,No,No,1,37.07,819.66,0
CUST_1321,Female,0,Yes,Yes,47,Month-to-Month,Yes,Electronic Check,Fiber Optic,Yes,No,0,79.19,3594.65,0
CUST_1322,Male,0,Yes,No,40,Two-Year,No,Bank Transfer (automatic),Fiber Optic,No,Yes,1,78.36,2982.59,0
CUST_1323,Male,0,No,Yes,1,Month-to-Month,No,Bank Transfer (automatic),No,No internet service,No internet service,3,20.99,22.03,0
CUST_1324,Male,0,Yes,Yes,39,One-Year,Yes,Electronic Check,No,No internet service,No internet service,0,18.5,709.83,0
CUST_1325,Female,0,Yes,Yes,17,One-Year,Yes,Credit Card (automatic),Fiber Optic,No,No,2,71.56,1189.68,0
CUST_1326,Female,0,No,No,66,Two-Year,Yes,Electronic Check,Fiber Optic,No,No,1,62.21,4135.13,0
CUST_1327,Female,0,No,No,43,One-Year,No,Electronic Check,Fiber Optic,No,Yes,2,84.43,3719.55,0
CUST_1328,Male,0,No,No,56,Two-Year,Yes,Mailed Check,No,No internet service,No internet service,2,21.94,1198.1,0
CUST_1329,Female,0,No,No,41,Two-Year,No,Electronic Check,No,No internet service,No internet service,3,18.5,760.33,0
CUST_1330,Female,0,Yes,No,45,One-Year,Yes,Credit Card (automatic),DSL,No,No,4,42.0,1858.37,0
CUST_1331,Male,0,Yes,No,16,One-Year,Yes,Mailed Check,DSL,Yes,No,0,55.57,887.43,0
CUST_1332,Male,0,Yes,No,4,Month-to-Month,Yes,Mailed Check,DSL,Yes,Yes,0,73.19,282.84,1
CUST_1333,Male,0,Yes,Yes,67,One-Year,No,Bank Transfer (automatic),Fiber Optic,No,No,1,68.69,4606.89,0
CUST_1334,Female,0,Yes,Yes,9,Month-to-Month,Yes,Electronic Check,No,No internet service,No internet service,2,21.21,182.25,0
CUST_1335,Female,0,Yes,No,52,One-Year,Yes,Bank Transfer (automatic),DSL,No,No,1,44.86,2412.03,0
CUST_1336,Female,0,No,No,64,Month-to-Month,Yes,Credit Card (automatic),Fiber Optic,No,Yes,1,85.51,5542.5,0
CUST_1337,Male,0,No,No,37,Month-to-Month,Yes,Mailed Check,Fiber Optic,Yes,No,0,82.54,3188.81,0
CUST_1338,Female,0,Yes,Yes,66,Two-Year,Yes,Credit Card (automatic),DSL,No,Yes,1,51.9,3459.56,0
CUST_1339,Male,0,No,No,43,Two-Year,Yes,Bank Transfer (automatic),Fiber Optic,No,No,0,68.84,2866.04,0
CUST_1340,Male,0,Yes,Yes,11,Month-to-Month,No,Bank Transfer (automatic),DSL,No,No,2,48.89,536.93,1
CUST_1341,Female,0,Yes,Yes,28,Two-Year,Yes,Credit Card (automatic),No,No internet service,No internet service,3,21.19,603.09,0
CUST_1342,Male,0,No,No,11,Month-to-Month,Yes,Bank Transfer (automatic),DSL,No,Yes,1,52.0,564.81,1
CUST_1343,Female,0,Yes,No,72,Two-Year,No,Mailed Check,DSL,Yes,Yes,1,76.0,5500.81,0
CUST_1344,Male,0,Yes,No,31,Two-Year,Yes,Electronic Check,DSL,No,No,0,42.47,1272.16,0
CUST_1345,Female,0,Yes,No,13,One-Year,No,Bank Transfer (automatic),Fiber Optic,No,No,2,73.62,983.58,0
CUST_1346,Male,0,No,No,44,One-Year,Yes,Credit Card (automatic),DSL,Yes,No,1,62.57,2865.83,0
CUST_1347,Female,0,No,No,4,Month-to-Month,Yes,Mailed Check,Fiber Optic,No,Yes,1,86.16,338.26,1
CUST_1348,Male,0,Yes,Yes,25,Month-to-Month,Yes,Electronic Check,No,No internet service,No internet service,1,18.5,476.07,1
CUST_1349,Male,0,No,No,47,Two-Year,Yes,Mailed Check,No,No internet service,No internet service,1,24.31,1095.95,0
CUST_1350,Female,0,No,No,43,One-Year,Yes,Bank Transfer (automatic),Fiber Optic,Yes,No,0,82.91,3474.83,0
CUST_1351,Male,0,No,No,9,Month-to-Month,Yes,Electronic Check,DSL,No,No,3,39.68,355.76,1
CUST_1352,Female,0,No,No,24,Month-to-Month,No,Credit Card (automatic),DSL,No,No,2,44.63,1058.95,1
CUST_1353,Female,0,Yes,No,43,Month-to-Month,Yes,Credit Card (automatic),No,No internet service,No internet service,1,18.5,805.02,0
CUST_1354,Male,0,Yes,Yes,24,One-Year,Yes,Bank Transfer (automatic),DSL,No,No,1,46.55,1124.24,0
CUST_1355,Male,0,No,No,36,Two-Year,Yes,Electronic Check,DSL,Yes,Yes,0,72.14,2489.85,0
CUST_1356,Female,0,No,No,4,Month-to-Month,No,Bank Transfer (automatic),DSL,No,Yes,1,61.49,236.9,0
CUST_1357,Female,0,No,No,61,Month-to-Month,Yes,Electronic Check,Fiber Optic,No,Yes,0,81.68,4759.12,1
CUST_1358,Female,0,No,No,42,One-Year,Yes,Mailed Check,Fiber Optic,No,No,1,66.32,2911.51,0
CUST_1359,Female,0,No,No,22,One-Year,No,Electronic Check,Fiber Optic,Yes,Yes,2,89.17,1990.25,0
CUST_1360,Female,0,No,No,26,Month-to-Month,No,Bank Transfer (automatic),Fiber Optic,Yes,Yes,0,96.7,2603.6,0
CUST_1361,Male,0,No,No,43,Month-to-Month,Yes,Electronic Check,Fiber Optic,No,No,1,73.88,3189.95,0
CUST_1362,Female,0,No,No,5,Month-to-Month,No,Credit Card (automatic),DSL,No,No,0,47.18,228.68,1
CUST_1363,Female,0,No,No,59,Two-Year,Yes,Credit Card (automatic),DSL,Yes,No,1,53.57,3200.64,0
CUST_1364,Male,0,Yes,Yes,71,Month-to-Month,No,Credit Card (automatic),No,No internet service,No internet service,2,18.5,1314.2,0
CUST_1365,Male,0,Yes,No,68,One-Year,No,Electronic Check,Fiber Optic,No,Yes,0,79.7,5369.84,0
CUST_1366,Male,0,No,No,2,Month-to-Month,No,Electronic Check,No,No internet service,No internet service,1,18.5,36.53,1
CUST_1367,Male,0,No,No,12,Month-to-Month,No,Mailed Check,DSL,No,Yes,1,59.01,718.75,0
CUST_1368,Female,0,No,No,12,Month-to-Month,Yes,Electronic Check,DSL,Yes,No,3,56.42,685.01,0
CUST_1369,Male,0,No,No,5,Month-to-Month,Yes,Electronic Check,DSL,No,No,0,50.72,244.76,0
CUST_1370,Male,0,Yes,No,64,Two-Year,Yes,Bank Transfer (automatic),DSL,No,Yes,0,53.1,3505.86,0
CUST_1371,Male,0,Yes,Yes,68,One-Year,Yes,Bank Transfer (automatic),Fiber Optic,No,No,1,69.41,4784.11,0
CUST_1372,Female,0,No,No,48,One-Year,Yes,Electronic Check,DSL,Yes,No,2,52.01,2505.42,0
CUST_1373,Female,0,Yes,No,55,One-Year,No,Mailed Check,DSL,Yes,No,2,55.47,3126.79,0
CUST_1374,Male,0,Yes,No,55,Two-Year,Yes,Bank Transfer (automatic),No,No internet service,No internet service,1,23.16,1229.68,0
CUST_1375,Male,0,Yes,Yes,34,Month-to-Month,Yes,Electronic Check,No,No internet service,No internet service,1,20.22,716.33,0
CUST_1376,Female,0,Yes,No,54,One-Year,Yes,Credit Card (automatic),DSL,Yes,No,2,53.13,2803.2,0
CUST_1377,Female,0,No,Yes,32,One-Year,No,Electronic Check,DSL,No,No,1,39.0,1218.39,0
CUST_1378,Male,0,Yes,Yes,50,Two-Year,Yes,Electronic Check,No,No internet service,No internet service,0,18.66,962.38,0
CUST_1379,Male,0,No,No,21,One-Year,Yes,Electronic Check,No,No internet service,No internet service,4,20.82,429.96,0
CUST_1380,Male,1,Yes,Yes,17,Month-to-Month,No,Electronic Check,DSL,Yes,No,1,60.28,1058.65,1
CUST_1381,Male,0,No,No,32,Month-to-Month,No,Credit Card (automatic),DSL,Yes,No,0,54.01,1698.59,0
CUST_1382,Female,0,Yes,No,62,One-Year,No,Electronic Check,Fiber Optic,No,No,0,66.91,4169.45,0
CUST_1383,Female,1,No,No,4,Month-to-Month,No,Bank Transfer (automatic),No,No internet service,No internet service,1,28.49,110.89,0
CUST_1384,Male,0,No,No,20,One-Year,Yes,Mailed Check,Fiber Optic,Yes,No,2,81.9,1675.92,0
CUST_1385,Female,0,Yes,Yes,68,Two-Year,No,Bank Transfer (automatic),DSL,Yes,Yes,1,72.81,4786.18,0
CUST_1386,Male,0,No,No,25,Month-to-Month,Yes,Credit Card (automatic),Fiber Optic,No,No,0,64.94,1688.35,1
CUST_1387,Female,0,No,No,17,One-Year,Yes,Credit Card (automatic),Fiber Optic,No,Yes,2,83.29,1397.76,0
CUST_1388,Female,0,Yes,No,5,One-Year,Yes,Electronic Check,Fiber Optic,No,No,2,72.95,363.71,0
CUST_1389,Male,0,Yes,No,40,Two-Year,Yes,Credit Card (automatic),No,No internet service,No internet service,4,20.23,770.68,0
CUST_1390,Male,0,No,No,60,Two-Year,Yes,Mailed Check,DSL,Yes,No,0,50.04,3145.25,0
CUST_1391,Female,0,No,No,3,Month-to-Month,Yes,Mailed Check,DSL,No,Yes,3,53.37,165.12,1
CUST_1392,Male,0,Yes,Yes,1,Month-to-Month,Yes,Bank Transfer (automatic),DSL,No,No,2,46.47,46.22,1
CUST_1393,Male,1,Yes,Yes,51,Month-to-Month,Yes,Credit Card (automatic),No,No internet service,No internet service,1,18.5,983.15,0
CUST_1394,Female,0,No,No,14,Month-to-Month,No,Electronic Check,Fiber Optic,Yes,Yes,2,104.13,1520.66,0
CUST_1395,Female,0,No,No,56,One-Year,Yes,Credit Card (automatic),DSL,No,Yes,0,61.56,3458.75,0
CUST_1396,Male,0,No,No,8,Month-to-Month,No,Electronic Check,DSL,No,Yes,1,50.97,396.91,1
CUST_1397,Female,0,Yes,Yes,53,One-Year,Yes,Mailed Check,No,No internet service,No internet service,4,21.05,1114.21,1
CUST_1398,Male,0,No,No,28,One-Year,No,Credit Card (automatic),Fiber Optic,No,No,3,70.3,1933.91,1
CUST_1399,Female,0,Yes,Yes,57,One-Year,No,Bank Transfer (automatic),No,No internet service,No internet service,2,24.36,1381.3,0
CUST_1400,Female,0,Yes,No,3,Month-to-Month,No,Electronic Check,Fiber Optic,No,Yes,1,72.01,224.92,1
CUST_1401,Female,0,No,No,34,Month-to-Month,Yes,Mailed Check,Fiber Optic,No,No,1,70.68,2350.69,0
CUST_1402,Male,0,No,No,39,Month-to-Month,Yes,Credit Card (automatic),Fiber Optic,No,Yes,3,77.19,3112.45,0
CUST_1403,Female,0,Yes,Yes,13,Month-to-Month,Yes,Bank Transfer (automatic),Fiber Optic,No,Yes,0,83.76,1136.28,1
CUST_1404,Female,0,Yes,Yes,43,Two-Year,Yes,Electronic Check,DSL,No,No,1,40.65,1801.27,0
CUST_1405,Male,0,No,Yes,5,Month-to-Month,Yes,Mailed Check,DSL,No,Yes,2,62.48,313.25,0
CUST_1406,Male,0,No,No,51,One-Year,No,Credit Card (automatic),Fiber Optic,Yes,No,0,83.24,4272.4,0
CUST_1407,Male,0,No,No,15,Month-to-Month,Yes,Bank Transfer (automatic),DSL,Yes,Yes,4,61.79,956.48,0
CUST_1408,Male,0,No,No,52,Two-Year,Yes,Bank Transfer (automatic),No,No internet service,No internet service,0,18.5,918.18,0
CUST_1409,Female,0,Yes,Yes,67,Two-Year,Yes,Credit Card (automatic),No,No internet service,No internet service,2,21.99,1508.09,0
CUST_1410,Male,0,No,No,9,Month-to-Month,Yes,Electronic Check,DSL,Yes,No,1,54.22,489.39,0
CUST_1411,Male,0,No,No,42,Two-Year,No,Bank Transfer (automatic),No,No internet service,No internet service,2,22.29,926.55,0
CUST_1412,Female,0,No,Yes,21,One-Year,No,Mailed Check,DSL,Yes,No,2,54.36,1172.03,0
CUST_1413,Male,0,No,No,1,Month-to-Month,Yes,Electronic Check,Fiber Optic,No,No,1,74.81,73.06,1
CUST_1414,Female,1,No,No,18,Month-to-Month,Yes,Electronic Check,Fiber Optic,Yes,No,0,86.04,1609.98,1
CUST_1415,Male,0,Yes,Yes,1,Month-to-Month,No,Credit Card (automatic),Fiber Optic,Yes,Yes,1,95.73,97.53,0
CUST_1416,Female,0,Yes,Yes,49,One-Year,Yes,Electronic Check,DSL,Yes,Yes,0,65.4,3239.9,0
CUST_1417,Female,0,No,Yes,14,One-Year,Yes,Electronic Check,No,No internet service,No internet service,1,18.5,259.6,0
CUST_1418,Female,0,Yes,No,50,Month-to-Month,No,Electronic Check,No,No internet service,No internet service,1,18.96,920.77,1
CUST_1419,Male,0,Yes,Yes,36,One-Year,Yes,Electronic Check,Fiber Optic,No,No,2,65.8,2396.5,0
CUST_1420,Female,0,No,No,22,Month-to-Month,Yes,Mailed Check,DSL,Yes,No,1,59.65,1341.82,0
CUST_1421,Male,0,No,Yes,51,One-Year,Yes,Credit Card (automatic),DSL,No,No,0,43.7,2119.87,0
CUST_1422,Male,0,Yes,No,20,Two-Year,No,Electronic Check,No,No internet service,No internet service,1,19.27,380.25,0
CUST_1423,Male,0,No,No,25,Month-to-Month,Yes,Electronic Check,Fiber Optic,Yes,Yes,0,91.92,2374.4,0
CUST_1424,Female,0,No,No,64,Month-to-Month,Yes,Bank Transfer (automatic),DSL,Yes,Yes,1,68.93,4469.85,0
CUST_1425,Male,0,No,No,61,Two-Year,No,Bank Transfer (automatic),No,No internet service,No internet service,1,20.7,1277.26,0
CUST_1426,Female,0,No,No,31,Month-to-Month,No,Bank Transfer (automatic),No,No internet service,No internet service,1,18.5,557.94,0
CUST_1427,Male,1,Yes,No,3,Month-to-Month,Yes,Electronic Check,Fiber Optic,No,No,1,69.05,209.89,0
CUST_1428,Male,0,Yes,Yes,23,Month-to-Month,Yes,Credit Card (automatic),Fiber Optic,Yes,No,2,80.14,1895.96,1
CUST_1429,Female,0,Yes,No,47,Month-to-Month,Yes,Mailed Check,DSL,Yes,No,4,55.15,2566.58,0
CUST_1430,Male,0,No,No,13,Month-to-Month,Yes,Bank Transfer (automatic),No,No internet service,No internet service,3,20.08,252.74,1
CUST_1431,Female,0,No,No,2,Month-to-Month,Yes,Electronic Check,Fiber Optic,Yes,No,4,71.77,137.47,1
CUST_1432,Male,0,No,No,63,Month-to-Month,No,Electronic Check,No,No internet service,No internet service,1,25.61,1614.35,0
CUST_1433,Female,0,No,No,18,One-Year,Yes,Credit Card (automatic),Fiber Optic,No,No,0,73.05,1339.08,1
CUST_1434,Female,0,No,Yes,61,Month-to-Month,Yes,Electronic Check,DSL,No,No,2,45.64,2690.12,0
CUST_1435,Male,0,No,No,22,Two-Year,Yes,Electronic Check,DSL,Yes,Yes,2,72.35,1579.2,0
CUST_1436,Male,0,Yes,No,28,Month-to-Month,Yes,Bank Transfer (automatic),Fiber Optic,No,No,0,64.57,1820.37,0
CUST_1437,Female,0,Yes,Yes,57,Two-Year,No,Bank Transfer (automatic),Fiber Optic,No,No,1,63.01,3467.97,0
CUST_1438,Female,0,No,No,31,One-Year,No,Bank Transfer (automatic),DSL,Yes,No,0,49.44,1497.37,0
CUST_1439,Male,0,Yes,No,38,One-Year,No,Bank Transfer (automatic),No,No internet service,No internet service,2,21.73,834.69,0
CUST_1440,Male,0,Yes,Yes,13,One-Year,No,Mailed Check,Fiber Optic,Yes,Yes,2,94.56,1256.94,0
CUST_1441,Female,0,No,No,2,One-Year,No,Mailed Check,DSL,Yes,No,1,58.44,118.47,0
CUST_1442,Female,0,Yes,No,64,One-Year,Yes,Credit Card (automatic),DSL,No,No,2,48.74,3186.0,0
CUST_1443,Male,0,No,No,44,Two-Year,Yes,Bank Transfer (automatic),DSL,No,No,1,35.5,1574.73,0
CUST_1444,Male,0,Yes,Yes,30,Month-to-Month,Yes,Bank Transfer (automatic),No,No internet service,No internet service,1,18.5,573.64,0
CUST_1445,Male,0,Yes,No,24,Month-to-Month,Yes,Electronic Check,DSL,Yes,No,1,54.39,1348.01,0
CUST_1446,Female,0,Yes,No,68,Two-Year,Yes,Credit Card (automatic),DSL,No,No,3,47.66,3336.89,0
CUST_1447,Male,0,No,No,50,Month-to-Month,Yes,Electronic Check,DSL,No,No,0,45.6,2297.2,1
CUST_1448,Female,0,Yes,No,2,Month-to-Month,Yes,Bank Transfer (automatic),DSL,Yes,No,2,67.53,141.73,0
CUST_1449,Male,0,No,No,38,Two-Year,Yes,Mailed Check,Fiber Optic,Yes,No,1,77.63,2813.98,0
CUST_1450,Male,0,No,No,24,Two-Year,No,Bank Transfer (automatic),No,No internet service,No internet service,3,22.09,514.02,0
CUST_1451,Female,0,No,Yes,70,One-Year,Yes,Mailed Check,Fiber Optic,No,Yes,1,85.8,6191.51,0
CUST_1452,Female,0,Yes,Yes,47,Two-Year,No,Bank Transfer (automatic),DSL,No,No,1,50.86,2468.42,0
CUST_1453,Female,0,Yes,No,29,Month-to-Month,Yes,Electronic Check,DSL,Yes,No,1,56.18,1681.15,0
CUST_1454,Male,1,No,Yes,5,Month-to-Month,Yes,Mailed Check,Fiber Optic,No,No,1,64.79,336.02,1
CUST_1455,Female,0,No,No,4,Month-to-Month,Yes,Credit Card (automatic),Fiber Optic,No,No,0,72.62,288.23,1
CUST_1456,Female,0,No,No,46,Two-Year,Yes,Electronic Check,Fiber Optic,No,No,2,71.17,3415.19,1
CUST_1457,Male,0,Yes,Yes,15,Month-to-Month,No,Electronic Check,Fiber Optic,Yes,Yes,0,96.3,1402.49,1
CUST_1458,Male,0,No,No,32,One-Year,Yes,Mailed Check,No,No internet service,No internet service,1,25.4,848.32,0
CUST_1459,Male,0,Yes,Yes,57,One-Year,Yes,Credit Card (automatic),No,No internet service,No internet service,0,19.05,1092.0,0
CUST_1460,Male,0,Yes,Yes,54,One-Year,Yes,Electronic Check,Fiber Optic,Yes,No,3,77.85,4062.6,0
CUST_1461,Female,0,Yes,No,57,Two-Year,Yes,Electronic Check,Fiber Optic,No,Yes,1,84.27,4916.79,0
CUST_1462,Male,0,Yes,No,24,Month-to-Month,Yes,Bank Transfer (automatic),No,No internet service,No internet service,0,21.23,499.12,0
CUST_1463,Female,0,No,Yes,61,One-Year,Yes,Electronic Check,Fiber Optic,No,No,3,68.73,4075.33,0
CUST_1464,Female,0,Yes,Yes,32,One-Year,Yes,Mailed Check,No,No internet service,No internet service,0,18.5,572.59,0
CUST_1465,Female,0,No,No,46,One-Year,No,Credit Card (automatic),Fiber Optic,No,Yes,1,83.37,3654.55,0
CUST_1466,Female,0,Yes,Yes,40,Two-Year,No,Electronic Check,DSL,Yes,Yes,2,72.43,2973.88,0
CUST_1467,Male,0,No,No,27,Month-to-Month,Yes,Bank Transfer (automatic),Fiber Optic,No,No,0,63.63,1715.69,0
CUST_1468,Male,0,Yes,No,3,Month-to-Month,Yes,Mailed Check,Fiber Optic,No,Yes,0,82.18,258.34,0
CUST_1469,Male,0,Yes,No,61,Month-to-Month,No,Credit Card (automatic),Fiber Optic,No,Yes,1,84.36,5114.71,0
CUST_1470,Female,0,Yes,No,17,Month-to-Month,No,Credit Card (automatic),DSL,Yes,No,3,64.2,1128.87,1
CUST_1471,Male,0,Yes,No,64,Two-Year,Yes,Mailed Check,Fiber Optic,Yes,No,2,82.27,5511.74,0
CUST_1472,Female,0,No,No,61,One-Year,Yes,Bank Transfer (automatic),DSL,Yes,Yes,0,75.22,4369.31,0
CUST_1473,Male,0,Yes,No,31,Two-Year,Yes,Bank Transfer (automatic),Fiber Optic,No,Yes,0,85.35,2541.42,0
CUST_1474,Male,0,No,No,15,One-Year,Yes,Electronic Check,Fiber Optic,Yes,No,1,85.44,1262.1,1
CUST_1475,Male,0,Yes,No,23,Month-to-Month,Yes,Electronic Check,DSL,Yes,No,0,53.78,1282.72,0
CUST_1476,Female,0,No,No,45,Two-Year,Yes,Credit Card (automatic),Fiber Optic,No,No,2,79.91,3717.48,0
CUST_1477,Female,0,No,No,54,Two-Year,No,Mailed Check,Fiber Optic,Yes,No,2,82.25,4382.31,0
CUST_1478,Male,0,Yes,Yes,49,Two-Year,Yes,Electronic Check,DSL,No,Yes,1,57.81,2747.68,0
CUST_1479,Female,0,Yes,No,31,One-Year,Yes,Credit Card (automatic),DSL,Yes,No,5,57.08,1822.98,0
CUST_1480,Male,0,Yes,No,55,Month-to-Month,Yes,Bank Transfer (automatic),No,No internet service,No internet service,1,24.96,1386.1,0
CUST_1481,Female,0,No,No,13,One-Year,No,Electronic Check,DSL,No,No,3,52.83,654.62,0
CUST_1482,Female,0,Yes,No,16,Month-to-Month,Yes,Electronic Check,Fiber Optic,Yes,No,4,84.64,1395.44,1
CUST_1483,Male,0,No,No,11,Month-to-Month,Yes,Electronic Check,Fiber Optic,Yes,No,2,80.46,925.5,1
CUST_1484,Female,0,No,No,28,Two-Year,Yes,Credit Card (automatic),Fiber Optic,Yes,No,2,88.79,2372.28,0
CUST_1485,Male,0,No,No,29,Month-to-Month,Yes,Credit Card (automatic),Fiber Optic,Yes,No,0,76.95,2183.77,1
CUST_1486,Female,0,No,No,21,One-Year,Yes,Electronic Check,Fiber Optic,No,Yes,0,79.22,1716.77,0
CUST_1487,Male,0,No,No,20,Month-to-Month,Yes,Credit Card (automatic),Fiber Optic,Yes,No,1,76.45,1541.94,0
CUST_1488,Female,0,Yes,No,59,Month-to-Month,Yes,Mailed Check,Fiber Optic,No,No,2,68.53,4241.13,1
CUST_1489,Male,0,No,No,40,One-Year,No,Bank Transfer (automatic),Fiber Optic,Yes,No,0,86.02,3583.77,0
CUST_1490,Female,0,No,No,29,One-Year,Yes,Electronic Check,Fiber Optic,Yes,No,2,81.11,2276.51,0
CUST_1491,Female,0,Yes,Yes,36,One-Year,Yes,Mailed Check,Fiber Optic,Yes,No,1,82.24,3012.16,0
CUST_1492,Female,1,No,No,2,Month-to-Month,Yes,Electronic Check,Fiber Optic,Yes,No,1,83.46,169.48,0
CUST_1493,Female,0,Yes,No,63,Two-Year,No,Electronic Check,DSL,Yes,No,1,56.09,3396.16,0
CUST_1494,Female,0,No,No,66,Month-to-Month,No,Electronic Check,Fiber Optic,No,Yes,3,77.53,4906.94,0
CUST_1495,Male,0,No,No,21,Month-to-Month,No,Electronic Check,Fiber Optic,No,No,0,63.38,1340.22,0
CUST_1496,Male,1,Yes,No,19,One-Year,No,Credit Card (automatic),Fiber Optic,No,Yes,2,87.23,1641.29,0
CUST_1497,Male,1,No,No,67,Two-Year,Yes,Credit Card (automatic),DSL,No,Yes,3,54.46,3665.4,0
CUST_1498,Female,0,Yes,Yes,35,Month-to-Month,Yes,Credit Card (automatic),No,No internet service,No internet service,1,18.5,630.59,0
CUST_1499,Male,0,Yes,No,59,Two-Year,Yes,Electronic Check,Fiber Optic,No,Yes,0,76.02,4510.59,0
CUST_1500,Female,0,Yes,No,29,Month-to-Month,Yes,Mailed Check,DSL,Yes,Yes,3,68.45,1961.9,0
CUST_1501,Female,0,No,No,2,Month-to-Month,Yes,Mailed Check,DSL,No,No,1,47.17,98.0,0
CUST_1502,Male,0,Yes,Yes,58,Two-Year,Yes,Mailed Check,DSL,Yes,No,2,55.54,3158.85,0
CUST_1503,Male,0,Yes,Yes,13,Two-Year,Yes,Electronic Check,No,No internet service,No internet service,0,21.4,288.52,0
CUST_1504,Male,0,No,No,14,Month-to-Month,Yes,Bank Transfer (automatic),No,No internet service,No internet service,0,18.5,256.15,0
CUST_1505,Male,0,Yes,Yes,20,Month-to-Month,No,Electronic Check,Fiber Optic,Yes,No,2,82.68,1666.53,0
CUST_1506,Male,0,Yes,No,9,Month-to-Month,Yes,Credit Card (automatic),Fiber Optic,No,No,2,68.36,602.1,0
CUST_1507,Male,0,Yes,Yes,52,One-Year,Yes,Bank Transfer (automatic),DSL,No,No,1,39.24,2103.55,0
CUST_1508,Female,0,Yes,No,44,Two-Year,Yes,Mailed Check,No,No internet service,No internet service,1,18.5,841.97,0
CUST_1509,Female,0,Yes,Yes,50,One-Year,No,Bank Transfer (automatic),DSL,No,No,1,41.56,2142.22,0
CUST_1510,Male,0,Yes,Yes,21,Month-to-Month,No,Electronic Check,Fiber Optic,Yes,No,2,77.14,1642.59,0
CUST_1511,Male,0,No,No,44,One-Year,Yes,Electronic Check,Fiber Optic,No,No,2,71.39,3079.84,0
CUST_1512,Male,0,No,No,49,Two-Year,Yes,Electronic Check,DSL,Yes,Yes,4,70.74,3513.57,0
CUST_1513,Female,0,Yes,No,35,Month-to-Month,No,Credit Card (automatic),DSL,No,No,1,45.69,1672.63,0
CUST_1514,Female,0,Yes,Yes,14,One-Year,Yes,Electronic Check,DSL,No,No,0,46.51,660.8,0
CUST_1515,Male,0,Yes,Yes,40,Two-Year,No,Bank Transfer (automatic),DSL,No,Yes,1,50.72,2121.39,0
CUST_1516,Male,0,No,No,35,Month-to-Month,Yes,Electronic Check,Fiber Optic,Yes,No,1,84.03,2883.58,1
CUST_1517,Female,0,Yes,No,14,One-Year,Yes,Electronic Check,No,No internet service,No internet service,4,22.67,328.36,0
CUST_1518,Female,0,Yes,Yes,71,Two-Year,No,Electronic Check,No,No internet service,No internet service,0,21.1,1530.83,0
CUST_1519,Male,0,No,Yes,43,Month-to-Month,Yes,Bank Transfer (automatic),DSL,Yes,No,2,56.61,2511.93,0
CUST_1520,Female,1,Yes,No,34,Month-to-Month,Yes,Bank Transfer (automatic),DSL,No,No,2,42.03,1459.14,1
CUST_1521,Male,0,Yes,No,6,Month-to-Month,Yes,Bank Transfer (automatic),DSL,Yes,No,2,58.35,349.41,0
CUST_1522,Male,0,No,No,12,One-Year,No,Electronic Check,Fiber Optic,No,No,2,68.47,836.97,0
CUST_1523,Female,0,No,No,3,Month-to-Month,Yes,Electronic Check,Fiber Optic,Yes,No,1,85.69,268.18,1
CUST_1524,Female,0,Yes,No,5,Month-to-Month,Yes,Bank Transfer (automatic),Fiber Optic,No,Yes,1,83.11,412.12,1
CUST_1525,Male,0,No,Yes,42,Two-Year,Yes,Electronic Check,No,No internet service,No internet service,0,19.33,848.54,0
CUST_1526,Female,0,Yes,Yes,34,Month-to-Month,No,Electronic Check,Fiber Optic,Yes,No,6,80.63,2617.89,1
CUST_1527,Male,1,No,No,65,One-Year,Yes,Electronic Check,Fiber Optic,Yes,Yes,2,93.37,5774.2,0
CUST_1528,Female,0,No,No,3,Month-to-Month,Yes,Bank Transfer (automatic),DSL,Yes,No,3,56.38,169.04,1
CUST_1529,Male,0,No,No,43,Two-Year,Yes,Bank Transfer (automatic),Fiber Optic,Yes,No,3,81.69,3635.09,0
CUST_1530,Female,0,No,Yes,35,Month-to-Month,No,Electronic Check,Fiber Optic,Yes,No,1,76.83,2621.24,0
CUST_1531,Female,0,No,No,56,Month-to-Month,No,Bank Transfer (automatic),DSL,No,No,2,45.95,2622.97,0
CUST_1532,Male,0,No,No,53,Month-to-Month,Yes,Bank Transfer (automatic),DSL,No,No,2,45.68,2432.4,0
CUST_1533,Female,0,No,No,48,Month-to-Month,No,Mailed Check,DSL,No,No,1,40.29,1893.46,0
CUST_1534,Female,0,Yes,Yes,61,Month-to-Month,Yes,Electronic Check,DSL,Yes,No,2,57.92,3457.44,0
CUST_1535,Female,0,Yes,No,56,Two-Year,Yes,Bank Transfer (automatic),DSL,Yes,No,2,56.95,3053.11,0
CUST_1536,Male,0,No,No,19,One-Year,No,Bank Transfer (automatic),Fiber Optic,No,No,3,66.68,1271.51,0
CUST_1537,Female,0,No,No,9,Month-to-Month,Yes,Electronic Check,DSL,No,No,1,47.43,424.74,0
CUST_1538,Female,0,Yes,Yes,22,Month-to-Month,Yes,Bank Transfer (automatic),Fiber Optic,No,No,0,75.36,1623.01,0
CUST_1539,Male,0,No,No,18,Month-to-Month,No,Mailed Check,Fiber Optic,Yes,Yes,1,91.71,1728.44,0
CUST_1540,Female,0,No,No,36,Two-Year,Yes,Bank Transfer (automatic),Fiber Optic,Yes,Yes,1,94.42,3507.37,0
CUST_1541,Male,0,No,Yes,20,Month-to-Month,Yes,Electronic Check,Fiber Optic,No,No,0,75.0,1503.74,0
CUST_1542,Male,1,No,No,37,Two-Year,No,Electronic Check,Fiber Optic,Yes,Yes,2,85.23,3160.35,0
CUST_1543,Female,0,Yes,Yes,16,Two-Year,Yes,Bank Transfer (automatic),Fiber Optic,No,No,1,77.57,1203.09,0
CUST_1544,Female,0,Yes,No,3,Month-to-Month,Yes,Mailed Check,DSL,No,No,2,45.32,137.99,0
CUST_1545,Female,0,Yes,Yes,41,Month-to-Month,Yes,Mailed Check,DSL,No,Yes,2,60.03,2572.88,0
CUST_1546,Male,0,Yes,No,58,One-Year,Yes,Bank Transfer (automatic),Fiber Optic,Yes,No,2,75.19,4534.71,0
CUST_1547,Female,0,No,Yes,2,Month-to-Month,No,Bank Transfer (automatic),No,No internet service,No internet service,2,18.5,35.46,1
CUST_1548,Male,0,No,No,11,Month-to-Month,Yes,Bank Transfer (automatic),DSL,Yes,No,2,53.14,558.42,0
CUST_1549,Male,0,No,No,39,Two-Year,No,Electronic Check,No,No internet service,No internet service,2,18.5,754.78,0
CUST_1550,Male,0,No,No,33,One-Year,No,Bank Transfer (automatic),DSL,Yes,No,0,47.68,1526.22,0
CUST_1551,Female,0,Yes,No,29,Month-to-Month,Yes,Mailed Check,Fiber Optic,Yes,No,2,77.24,2251.25,0
CUST_1552,Female,0,Yes,Yes,14,One-Year,Yes,Electronic Check,No,No internet service,No internet service,2,18.5,247.98,0
CUST_1553,Female,0,Yes,No,4,Month-to-Month,No,Electronic Check,No,No internet service,No internet service,1,18.5,76.54,0
CUST_1554,Female,0,Yes,Yes,36,Month-to-Month,No,Electronic Check,DSL,No,No,0,50.95,1764.11,0
CUST_1555,Male,0,No,Yes,38,One-Year,Yes,Mailed Check,Fiber Optic,No,No,1,72.55,2796.53,0
CUST_1556,Female,0,Yes,No,34,One-Year,Yes,Electronic Check,Fiber Optic,No,Yes,0,79.06,2568.86,0
CUST_1557,Male,0,Yes,Yes,16,Month-to-Month,Yes,Credit Card (automatic),DSL,Yes,No,0,59.32,916.53,0
CUST_1558,Male,0,Yes,Yes,44,Month-to-Month,Yes,Credit Card (automatic),Fiber Optic,No,Yes,0,83.34,3671.41,0
CUST_1559,Male,0,No,Yes,20,Month-to-Month,Yes,Credit Card (automatic),DSL,No,No,1,38.11,727.57,0
CUST_1560,Female,0,Yes,No,66,Two-Year,No,Mailed Check,DSL,Yes,Yes,0,70.72,4525.45,0
CUST_1561,Female,0,No,No,66,Month-to-Month,Yes,Credit Card (automatic),Fiber Optic,No,Yes,0,80.33,5108.89,0
CUST_1562,Female,0,Yes,No,67,Month-to-Month,No,Electronic Check,DSL,No,No,0,47.76,3052.91,0
CUST_1563,Male,0,No,No,6,One-Year,No,Bank Transfer (automatic),DSL,No,Yes,2,52.67,330.9,0
CUST_1564,Male,0,Yes,Yes,16,One-Year,Yes,Mailed Check,Fiber Optic,Yes,No,1,84.18,1340.17,0
CUST_1565,Female,0,No,No,65,Two-Year,Yes,Electronic Check,DSL,No,No,0,49.21,3313.46,0
CUST_1566,Male,0,No,No,65,One-Year,No,Electronic Check,No,No internet service,No internet service,1,21.59,1383.45,0
CUST_1567,Female,0,No,No,25,One-Year,No,Bank Transfer (automatic),DSL,No,No,0,37.83,902.49,0
CUST_1568,Female,0,No,No,61,Two-Year,No,Electronic Check,DSL,No,No,1,54.83,3410.07,0
CUST_1569,Male,0,Yes,Yes,64,Two-Year,Yes,Bank Transfer (automatic),Fiber Optic,No,No,1,72.38,4418.66,0
CUST_1570,Female,0,Yes,No,4,Month-to-Month,Yes,Credit Card (automatic),Fiber Optic,Yes,No,0,81.04,325.87,1
CUST_1571,Female,0,Yes,No,6,Month-to-Month,No,Electronic Check,No,No internet service,No internet service,1,22.49,130.07,0
CUST_1572,Male,0,No,No,19,Month-to-Month,Yes,Mailed Check,DSL,No,No,1,53.45,1032.9,0
CUST_1573,Female,0,Yes,Yes,18,One-Year,No,Bank Transfer (automatic),Fiber Optic,No,Yes,0,76.35,1428.27,0
CUST_1574,Male,0,Yes,Yes,23,One-Year,Yes,Electronic Check,DSL,No,Yes,0,61.37,1475.84,0
CUST_1575,Female,0,No,No,35,Month-to-Month,No,Credit Card (automatic),DSL,Yes,No,3,56.33,1977.03,0
CUST_1576,Female,0,No,No,4,Month-to-Month,Yes,Credit Card (automatic),Fiber Optic,No,Yes,1,80.73,323.98,1
CUST_1577,Female,0,Yes,No,1,Month-to-Month,No,Electronic Check,No,No internet service,No internet service,2,18.97,20.0,1
CUST_1578,Female,0,No,No,55,One-Year,Yes,Electronic Check,Fiber Optic,Yes,No,0,73.63,4158.94,0
CUST_1579,Male,0,No,No,39,Two-Year,No,Credit Card (automatic),DSL,Yes,No,1,58.92,2402.71,0
CUST_1580,Female,0,Yes,No,16,One-Year,Yes,Credit Card (automatic),DSL,Yes,No,2,47.29,751.97,0
CUST_1581,Male,0,Yes,No,20,Month-to-Month,Yes,Mailed Check,Fiber Optic,Yes,No,0,79.91,1645.14,1
CUST_1582,Female,0,No,No,11,Month-to-Month,Yes,Electronic Check,DSL,No,No,1,42.99,486.96,1
CUST_1583,Female,0,No,No,70,Month-to-Month,No,Bank Transfer (automatic),DSL,Yes,No,2,55.47,3993.83,0
CUST_1584,Male,0,Yes,No,6,Month-to-Month,Yes,Electronic Check,DSL,No,No,2,36.37,223.86,0
CUST_1585,Male,0,Yes,No,17,Month-to-Month,Yes,Credit Card (automatic),Fiber Optic,No,No,2,73.56,1214.89,0
CUST_1586,Female,0,No,No,48,Two-Year,Yes,Credit Card (automatic),No,No internet service,No internet service,0,18.5,910.33,0
CUST_1587,Female,0,No,No,17,One-Year,Yes,Bank Transfer (automatic),Fiber Optic,No,Yes,2,78.29,1283.6,0
CUST_1588,Male,0,No,No,69,One-Year,Yes,Electronic Check,DSL,No,No,2,42.82,3017.37,0
CUST_1589,Male,0,Yes,No,35,One-Year,Yes,Bank Transfer (automatic),No,No internet service,No internet service,2,18.74,623.34,0
CUST_1590,Male,0,Yes,Yes,52,Two-Year,No,Electronic Check,Fiber Optic,No,No,5,71.52,3874.8,0
CUST_1591,Female,0,No,No,12,Month-to-Month,Yes,Electronic Check,Fiber Optic,Yes,No,1,82.08,1017.21,1
CUST_1592,Male,0,Yes,Yes,63,One-Year,No,Mailed Check,No,No internet service,No internet service,0,27.72,1778.31,0
CUST_1593,Female,0,No,Yes,71,One-Year,No,Mailed Check,No,No internet service,No internet service,2,21.39,1457.1,0
CUST_1594,Male,0,No,No,63,One-Year,No,Credit Card (automatic),DSL,No,Yes,2,58.1,3779.26,0
CUST_1595,Female,0,Yes,Yes,35,Month-to-Month,No,Credit Card (automatic),DSL,No,Yes,3,54.7,1986.33,0
CUST_1596,Male,0,No,No,30,Month-to-Month,Yes,Mailed Check,DSL,No,No,1,46.21,1412.36,0
CUST_1597,Female,0,Yes,Yes,23,Month-to-Month,Yes,Mailed Check,Fiber Optic,No,No,1,68.05,1639.63,0
CUST_1598,Male,1,No,No,62,Month-to-Month,Yes,Mailed Check,Fiber Optic,No,No,2,68.08,4049.12,0
CUST_1599,Female,0,Yes,Yes,3,One-Year,Yes,Electronic Check,Fiber Optic,No,No,1,82.68,253.22,0
CUST_1600,Male,0,Yes,No,60,Two-Year,No,Bank Transfer (automatic),Fiber Optic,No,No,0,76.17,4581.53,0
CUST_1601,Female,0,No,No,3,Month-to-Month,No,Bank Transfer (automatic),DSL,No,No,0,41.52,120.15,0
CUST_1602,Female,0,No,No,62,One-Year,Yes,Credit Card (automatic),DSL,Yes,No,0,59.6,3753.74,0
CUST_1603,Male,0,Yes,No,30,One-Year,Yes,Bank Transfer (automatic),DSL,No,No,3,46.08,1423.81,0
CUST_1604,Female,0,No,No,8,Two-Year,Yes,Electronic Check,DSL,No,No,3,42.35,327.44,0
CUST_1605,Female,0,Yes,Yes,6,Month-to-Month,Yes,Electronic Check,No,No internet service,No internet service,2,28.34,175.03,1
CUST_1606,Male,0,Yes,No,55,Two-Year,Yes,Mailed Check,Fiber Optic,No,Yes,3,81.2,4284.22,0
CUST_1607,Male,0,Yes,No,57,One-Year,Yes,Mailed Check,Fiber Optic,No,No,0,75.54,4345.13,0
CUST_1608,Male,0,Yes,No,54,Two-Year,Yes,Mailed Check,DSL,No,Yes,1,54.37,3023.61,0
CUST_1609,Female,0,Yes,Yes,66,Two-Year,Yes,Electronic Check,Fiber Optic,No,No,0,74.4,4736.55,0
CUST_1610,Female,0,Yes,No,20,Two-Year,No,Credit Card (automatic),Fiber Optic,Yes,Yes,0,99.34,2001.01,0
CUST_1611,Male,0,Yes,Yes,29,Month-to-Month,No,Electronic Check,DSL,Yes,No,0,53.12,1528.91,0
CUST_1612,Female,0,Yes,No,52,One-Year,No,Bank Transfer (automatic),Fiber Optic,Yes,Yes,2,92.69,4871.59,0
CUST_1613,Female,0,Yes,No,34,Month-to-Month,Yes,Electronic Check,No,No internet service,No internet service,2,19.65,663.04,0
CUST_1614,Female,0,No,Yes,45,One-Year,No,Mailed Check,DSL,No,No,1,51.54,2261.53,0
CUST_1615,Female,0,Yes,No,28,Month-to-Month,Yes,Electronic Check,Fiber Optic,Yes,Yes,3,100.21,2736.8,0
CUST_1616,Female,1,No,No,21,Month-to-Month,No,Mailed Check,DSL,No,Yes,0,55.42,1206.26,0
CUST_1617,Female,0,No,No,65,Two-Year,Yes,Mailed Check,DSL,Yes,Yes,0,67.47,4234.89,0
CUST_1618,Male,0,No,No,45,One-Year,Yes,Bank Transfer (automatic),DSL,No,No,0,45.98,1991.12,0
CUST_1619,Female,0,No,No,28,Two-Year,Yes,Bank Transfer (automatic),No,No internet service,No internet service,0,18.5,497.13,0
CUST_1620,Male,0,No,No,29,Month-to-Month,Yes,Bank Transfer (automatic),DSL,No,No,0,50.09,1390.75,0
CUST_1621,Male,0,Yes,Yes,68,One-Year,Yes,Credit Card (automatic),Fiber Optic,No,No,1,66.55,4305.69,0
CUST_1622,Male,0,No,No,56,Two-Year,No,Credit Card (automatic),Fiber Optic,No,No,1,70.39,3807.98,0
CUST_1623,Female,0,No,No,53,Two-Year,Yes,Bank Transfer (automatic),DSL,No,Yes,2,62.61,3216.37,0
CUST_1624,Female,0,No,No,26,Month-to-Month,Yes,Electronic Check,Fiber Optic,Yes,No,0,83.78,2128.12,0
CUST_1625,Male,1,No,Yes,5,One-Year,Yes,Credit Card (automatic),DSL,Yes,Yes,0,67.41,324.38,0
CUST_1626,Male,0,Yes,Yes,66,One-Year,Yes,Credit Card (automatic),DSL,No,Yes,1,52.91,3350.34,0
CUST_1627,Male,0,No,No,34,Two-Year,No,Bank Transfer (automatic),DSL,Yes,Yes,0,68.78,2348.22,1
CUST_1628,Female,0,No,No,24,Two-Year,Yes,Mailed Check,Fiber Optic,No,Yes,2,80.84,1982.59,0
CUST_1629,Male,0,Yes,Yes,30,One-Year,No,Electronic Check,DSL,No,Yes,1,67.5,2051.36,0
CUST_1630,Female,0,Yes,No,61,Two-Year,Yes,Bank Transfer (automatic),Fiber Optic,Yes,No,1,78.78,4832.83,0
CUST_1631,Male,0,No,No,18,One-Year,No,Credit Card (automatic),DSL,No,No,1,42.87,767.07,0
CUST_1632,Male,0,No,No,38,Two-Year,Yes,Bank Transfer (automatic),DSL,Yes,Yes,0,64.99,2502.71,0
CUST_1633,Male,0,No,No,72,Two-Year,No,Bank Transfer (automatic),DSL,No,Yes,0,55.96,4191.04,0
CUST_1634,Male,0,No,No,52,Two-Year,Yes,Electronic Check,Fiber Optic,No,No,0,72.09,3796.45,0
CUST_1635,Female,0,Yes,Yes,8,Month-to-Month,No,Mailed Check,DSL,No,No,0,41.21,315.2,0
CUST_1636,Male,0,Yes,No,42,Month-to-Month,Yes,Bank Transfer (automatic),DSL,No,Yes,0,58.41,2470.5,0
CUST_1637,Male,0,Yes,Yes,36,Two-Year,Yes,Electronic Check,Fiber Optic,No,No,0,65.15,2351.08,1
CUST_1638,Male,0,Yes,No,62,Two-Year,Yes,Bank Transfer (automatic),No,No internet service,No internet service,1,23.73,1464.2,0
CUST_1639,Male,1,Yes,No,6,Month-to-Month,Yes,Credit Card (automatic),DSL,Yes,No,2,55.17,333.3,0
CUST_1640,Male,0,Yes,No,40,One-Year,Yes,Electronic Check,DSL,Yes,No,2,55.69,2266.05,0
CUST_1641,Male,0,No,No,15,One-Year,Yes,Electronic Check,Fiber Optic,Yes,No,3,87.63,1253.63,1
CUST_1642,Female,0,No,No,67,One-Year,Yes,Credit Card (automatic),No,No internet service,No internet service,0,18.5,1237.05,0
CUST_1643,Female,0,Yes,No,54,Month-to-Month,No,Electronic Check,DSL,No,No,0,46.59,2595.67,0
CUST_1644,Male,0,Yes,No,43,Month-to-Month,No,Mailed Check,DSL,No,Yes,2,59.82,2580.18,0
CUST_1645,Male,0,Yes,Yes,22,One-Year,Yes,Bank Transfer (automatic),DSL,Yes,No,0,62.2,1309.27,0
CUST_1646,Female,0,No,No,54,One-Year,Yes,Credit Card (automatic),Fiber Optic,No,Yes,1,83.31,4622.49,0
CUST_1647,Male,0,Yes,No,50,One-Year,Yes,Credit Card (automatic),Fiber Optic,No,No,2,68.73,3588.16,0
CUST_1648,Male,0,Yes,No,62,Two-Year,No,Bank Transfer (automatic),Fiber Optic,Yes,No,0,79.91,5128.74,0
CUST_1649,Male,0,No,No,55,Two-Year,No,Mailed Check,Fiber Optic,No,Yes,1,83.26,4516.37,0
CUST_1650,Male,1,No,No,59,Month-to-Month,No,Credit Card (automatic),DSL,Yes,Yes,3,65.96,3905.19,0
CUST_1651,Female,0,Yes,Yes,69,Month-to-Month,No,Bank Transfer (automatic),Fiber Optic,No,No,2,72.16,5024.5,0
CUST_1652,Male,0,Yes,No,4,Month-to-Month,No,Bank Transfer (automatic),DSL,No,No,1,45.8,187.15,0
CUST_1653,Female,0,Yes,No,2,Month-to-Month,No,Mailed Check,DSL,No,No,3,40.33,82.0,1
CUST_1654,Male,0,No,No,3,Month-to-Month,Yes,Mailed Check,Fiber Optic,No,No,0,65.09,189.39,0
CUST_1655,Male,0,No,No,52,One-Year,No,Mailed Check,Fiber Optic,No,No,2,70.33,3782.61,0
CUST_1656,Female,0,Yes,Yes,2,One-Year,No,Mailed Check,DSL,Yes,No,2,55.85,115.6,0
CUST_1657,Male,0,No,No,32,Two-Year,Yes,Mailed Check,Fiber Optic,Yes,No,2,85.26,2702.22,1
CUST_1658,Female,0,Yes,Yes,64,One-Year,Yes,Credit Card (automatic),Fiber Optic,No,No,3,66.33,4088.44,0
CUST_1659,Male,0,Yes,No,71,Month-to-Month,Yes,Electronic Check,DSL,Yes,No,3,59.93,4301.23,0
CUST_1660,Female,0,Yes,No,13,Month-to-Month,No,Electronic Check,DSL,No,Yes,2,60.04,769.38,0
CUST_1661,Male,0,No,No,8,Month-to-Month,No,Mailed Check,DSL,No,Yes,1,52.27,428.25,0
CUST_1662,Female,0,Yes,Yes,67,One-Year,Yes,Bank Transfer (automatic),DSL,Yes,No,1,56.11,3690.07,0
CUST_1663,Male,0,Yes,Yes,14,Month-to-Month,No,Credit Card (automatic),DSL,No,No,0,50.47,689.83,0
CUST_1664,Female,0,Yes,No,44,One-Year,Yes,Credit Card (automatic),Fiber Optic,No,Yes,1,83.6,3813.66,0
CUST_1665,Male,0,Yes,Yes,53,Month-to-Month,No,Credit Card (automatic),No,No internet service,No internet service,1,19.61,1051.37,0
CUST_1666,Female,0,No,No,55,Two-Year,No,Credit Card (automatic),DSL,No,Yes,2,60.43,3186.05,0
CUST_1667,Male,0,Yes,Yes,33,One-Year,No,Credit Card (automatic),DSL,Yes,No,2,55.03,1850.38,0
CUST_1668,Female,0,Yes,No,52,One-Year,Yes,Electronic Check,DSL,No,No,2,43.69,2329.3,0
CUST_1669,Male,0,No,No,10,Two-Year,No,Mailed Check,DSL,Yes,No,2,57.67,561.43,0
CUST_1670,Male,0,No,No,57,Two-Year,Yes,Mailed Check,No,No internet service,No internet service,1,25.68,1532.21,0
CUST_1671,Male,0,No,No,42,Two-Year,Yes,Mailed Check,Fiber Optic,No,Yes,1,78.32,3247.62,0
CUST_1672,Male,0,No,No,13,Month-to-Month,Yes,Bank Transfer (automatic),Fiber Optic,Yes,No,1,83.88,1138.48,1
CUST_1673,Male,0,Yes,No,53,One-Year,No,Mailed Check,Fiber Optic,No,Yes,0,80.4,4173.26,0
CUST_1674,Female,0,No,No,30,One-Year,No,Bank Transfer (automatic),Fiber Optic,Yes,No,2,86.97,2637.59,0
CUST_1675,Female,0,No,No,5,Month-to-Month,Yes,Mailed Check,DSL,No,Yes,1,60.06,300.83,0
CUST_1676,Male,0,Yes,No,65,One-Year,No,Electronic Check,Fiber Optic,No,No,4,69.69,4752.79,0
CUST_1677,Female,0,No,No,29,One-Year,Yes,Mailed Check,No,No internet service,No internet service,1,22.39,643.36,0
CUST_1678,Female,0,Yes,Yes,10,Month-to-Month,Yes,Credit Card (automatic),DSL,Yes,No,4,54.69,529.36,0
CUST_1679,Male,0,No,No,54,Two-Year,Yes,Bank Transfer (automatic),Fiber Optic,Yes,No,2,79.47,4434.37,0
CUST_1680,Female,0,No,No,14,Month-to-Month,Yes,Credit Card (automatic),Fiber Optic,Yes,Yes,1,104.09,1390.52,0
CUST_1681,Female,0,No,No,16,One-Year,No,Credit Card (automatic),Fiber Optic,No,No,2,68.51,1138.36,0
CUST_1682,Female,0,No,No,69,One-Year,No,Mailed Check,No,No internet service,No internet service,3,20.71,1373.34,0
CUST_1683,Male,0,No,Yes,44,Two-Year,Yes,Electronic Check,DSL,No,Yes,0,55.43,2456.48,0
CUST_1684,Female,0,Yes,Yes,1,Month-to-Month,No,Bank Transfer (automatic),Fiber Optic,No,Yes,1,76.86,78.5,1
CUST_1685,Male,0,Yes,No,26,Two-Year,Yes,Bank Transfer (automatic),Fiber Optic,No,Yes,3,77.92,1992.76,0
CUST_1686,Male,0,Yes,Yes,23,Month-to-Month,Yes,Mailed Check,Fiber Optic,No,Yes,3,83.35,1983.14,0
CUST_1687,Male,0,Yes,Yes,64,Two-Year,Yes,Electronic Check,Fiber Optic,Yes,No,1,76.35,4932.19,0
CUST_1688,Female,0,No,No,61,One-Year,No,Bank Transfer (automatic),DSL,Yes,No,2,54.15,3268.52,0
CUST_1689,Female,0,Yes,Yes,39,Two-Year,No,Electronic Check,DSL,Yes,Yes,0,71.61,2744.02,0
CUST_1690,Female,0,Yes,Yes,27,One-Year,Yes,Credit Card (automatic),DSL,No,Yes,1,57.91,1502.9,0
CUST_1691,Female,0,No,No,71,Two-Year,Yes,Bank Transfer (automatic),No,No internet service,No internet service,3,18.5,1331.94,0
CUST_1692,Male,0,No,No,9,Month-to-Month,Yes,Electronic Check,Fiber Optic,Yes,Yes,1,92.23,818.78,1
CUST_1693,Male,0,Yes,No,11,One-Year,Yes,Electronic Check,DSL,Yes,Yes,1,64.88,700.87,0
CUST_1694,Male,0,Yes,Yes,6,Month-to-Month,Yes,Bank Transfer (automatic),DSL,Yes,Yes,1,77.92,488.56,0
CUST_1695,Male,0,Yes,No,23,Month-to-Month,Yes,Bank Transfer (automatic),Fiber Optic,No,Yes,1,78.07,1754.81,0
CUST_1696,Female,1,No,No,38,Month-to-Month,No,Bank Transfer (automatic),Fiber Optic,No,No,1,74.04,2919.47,0
CUST_1697,Female,0,Yes,No,50,One-Year,Yes,Bank Transfer (automatic),DSL,Yes,Yes,1,60.16,3150.85,0
CUST_1698,Male,0,No,Yes,60,Two-Year,Yes,Bank Transfer (automatic),Fiber Optic,Yes,No,3,85.5,5295.57,0
CUST_1699,Male,0,Yes,No,4,Month-to-Month,Yes,Mailed Check,DSL,No,No,1,48.91,186.24,0
CUST_1700,Male,0,Yes,No,27,Month-to-Month,Yes,Credit Card (automatic),DSL,No,Yes,2,53.27,1491.31,0
CUST_1701,Male,0,No,No,10,Month-to-Month,No,Mailed Check,Fiber Optic,No,Yes,0,79.53,772.51,0
CUST_1702,Female,0,Yes,Yes,7,Two-Year,Yes,Electronic Check,Fiber Optic,No,No,1,74.27,512.26,0
CUST_1703,Female,0,Yes,No,16,One-Year,Yes,Mailed Check,Fiber Optic,Yes,No,2,77.43,1299.78,0
CUST_1704,Female,0,Yes,Yes,25,One-Year,Yes,Electronic Check,DSL,No,No,2,46.75,1157.64,0
CUST_1705,Male,0,No,No,71,One-Year,No,Mailed Check,Fiber Optic,No,No,1,67.29,4851.56,0
CUST_1706,Male,0,No,No,1,Month-to-Month,No,Bank Transfer (automatic),No,No internet service,No internet service,1,23.6,23.15,1
CUST_1707,Male,0,Yes,Yes,50,Two-Year,Yes,Electronic Check,No,No internet service,No internet service,1,27.45,1354.58,0
CUST_1708,Female,1,Yes,Yes,67,One-Year,Yes,Credit Card (automatic),Fiber Optic,No,No,1,65.98,4463.82,0
CUST_1709,Female,0,Yes,Yes,19,Month-to-Month,No,Bank Transfer (automatic),No,No internet service,No internet service,1,22.36,443.88,0
CUST_1710,Male,0,No,No,19,Two-Year,No,Electronic Check,DSL,Yes,No,2,60.91,1132.11,0
CUST_1711,Female,0,No,No,60,Two-Year,Yes,Electronic Check,Fiber Optic,No,No,0,62.02,3627.19,0
CUST_1712,Male,0,No,No,10,Month-to-Month,Yes,Mailed Check,DSL,No,Yes,0,61.02,581.29,0
CUST_1713,Female,0,No,No,32,One-Year,Yes,Electronic Check,DSL,No,Yes,3,58.4,1813.13,0
CUST_1714,Female,0,Yes,No,46,Two-Year,Yes,Electronic Check,Fiber Optic,Yes,No,0,84.56,3797.34,0
CUST_1715,Female,0,Yes,Yes,65,One-Year,Yes,Electronic Check,Fiber Optic,No,Yes,5,74.7,4643.25,0
CUST_1716,Female,0,Yes,Yes,15,Month-to-Month,Yes,Mailed Check,Fiber Optic,No,No,0,72.98,1101.66,1
CUST_1717,Male,0,Yes,Yes,63,Two-Year,Yes,Electronic Check,Fiber Optic,No,Yes,0,81.27,4928.91,0
CUST_1718,Male,0,Yes,Yes,26,Month-to-Month,Yes,Electronic Check,Fiber Optic,Yes,No,2,77.44,2015.67,0
CUST_1719,Male,0,No,No,12,Month-to-Month,Yes,Credit Card (automatic),DSL,No,Yes,2,59.8,695.28,0
CUST_1720,Male,0,No,No,58,Two-Year,Yes,Electronic Check,Fiber Optic,No,No,1,73.24,4433.01,0
CUST_1721,Female,0,No,No,38,Two-Year,Yes,Mailed Check,Fiber Optic,No,No,1,69.69,2597.14,0
CUST_1722,Female,0,Yes,Yes,32,Two-Year,No,Electronic Check,Fiber Optic,No,Yes,0,83.45,2561.7,0
CUST_1723,Male,0,No,No,51,Two-Year,Yes,Electronic Check,DSL,Yes,No,3,56.35,2970.46,0
CUST_1724,Female,0,No,Yes,60,Two-Year,No,Bank Transfer (automatic),Fiber Optic,Yes,No,5,76.5,4545.03,0
CUST_1725,Male,0,No,No,29,One-Year,No,Electronic Check,Fiber Optic,Yes,No,2,81.42,2436.77,0
CUST_1726,Male,0,Yes,No,4,Month-to-Month,Yes,Electronic Check,DSL,Yes,No,1,61.8,242.56,1
CUST_1727,Male,0,Yes,No,51,Two-Year,Yes,Bank Transfer (automatic),DSL,No,Yes,3,61.86,3154.87,0
CUST_1728,Male,0,Yes,Yes,52,One-Year,Yes,Electronic Check,DSL,Yes,No,0,53.7,2777.14,0
CUST_1729,Male,0,Yes,Yes,72,Two-Year,No,Mailed Check,Fiber Optic,No,No,1,70.96,5138.71,0
CUST_1730,Male,1,No,No,58,Month-to-Month,Yes,Electronic Check,Fiber Optic,No,Yes,2,82.31,4727.03,0
CUST_1731,Male,0,Yes,Yes,24,Month-to-Month,Yes,Electronic Check,Fiber Optic,No,No,1,71.98,1726.97,0
CUST_1732,Female,0,Yes,Yes,17,Month-to-Month,No,Electronic Check,DSL,Yes,No,1,57.21,990.01,0
CUST_1733,Male,0,No,No,12,One-Year,No,Credit Card (automatic),Fiber Optic,No,No,0,72.89,867.22,0
CUST_1734,Male,0,No,No,20,Two-Year,Yes,Mailed Check,Fiber Optic,Yes,Yes,1,92.34,1880.86,0
CUST_1735,Male,0,Yes,No,65,Two-Year,No,Bank Transfer (automatic),DSL,No,Yes,1,61.41,4077.19,0
CUST_1736,Female,0,No,No,62,One-Year,Yes,Bank Transfer (automatic),Fiber Optic,No,Yes,1,79.88,5075.84,0
CUST_1737,Male,0,Yes,Yes,40,One-Year,No,Credit Card (automatic),DSL,No,Yes,0,57.77,2304.08,0
CUST_1738,Female,0,Yes,No,12,Month-to-Month,Yes,Bank Transfer (automatic),Fiber Optic,No,Yes,0,84.66,965.51,0
CUST_1739,Female,0,Yes,Yes,56,One-Year,No,Credit Card (automatic),No,No internet service,No internet service,2,20.87,1198.35,0
CUST_1740,Female,0,No,No,27,One-Year,Yes,Mailed Check,No,No internet service,No internet service,1,18.5,519.93,0
CUST_1741,Female,0,No,No,35,Two-Year,Yes,Mailed Check,DSL,Yes,No,0,58.2,2068.09,0
CUST_1742,Male,0,Yes,Yes,3,Month-to-Month,Yes,Credit Card (automatic),No,No internet service,No internet service,1,22.76,68.45,1
CUST_1743,Male,0,No,Yes,25,Month-to-Month,No,Credit Card (automatic),Fiber Optic,No,No,1,71.19,1790.36,1
CUST_1744,Male,0,Yes,No,24,Month-to-Month,Yes,Electronic Check,DSL,Yes,Yes,0,72.77,1771.07,0
CUST_1745,Female,0,No,No,19,Month-to-Month,Yes,Bank Transfer (automatic),Fiber Optic,No,No,1,74.69,1489.86,0
CUST_1746,Male,0,Yes,Yes,51,Two-Year,Yes,Bank Transfer (automatic),DSL,Yes,Yes,1,66.22,3229.32,0
CUST_1747,Male,0,Yes,Yes,61,Two-Year,Yes,Electronic Check,Fiber Optic,Yes,Yes,5,87.14,5061.02,0
CUST_1748,Female,0,No,No,63,Two-Year,No,Credit Card (automatic),Fiber Optic,Yes,No,1,77.2,5089.35,0
CUST_1749,Male,0,No,No,44,One-Year,No,Bank Transfer (automatic),No,No internet service,No internet service,1,20.29,887.45,0
CUST_1750,Female,0,Yes,No,57,One-Year,No,Bank Transfer (automatic),Fiber Optic,No,Yes,3,84.45,4867.73,0
CUST_1751,Female,0,Yes,Yes,49,One-Year,No,Electronic Check,DSL,No,No,2,44.5,2235.76,0
CUST_1752,Male,0,Yes,No,69,Month-to-Month,Yes,Electronic Check,DSL,No,No,2,39.47,2789.36,0
CUST_1753,Male,0,Yes,No,71,Two-Year,Yes,Electronic Check,Fiber Optic,No,No,2,71.19,5128.89,0
CUST_1754,Male,0,No,No,44,Two-Year,Yes,Electronic Check,DSL,No,Yes,1,57.05,2503.14,0
CUST_1755,Female,0,No,No,38,Two-Year,No,Mailed Check,Fiber Optic,Yes,No,2,82.64,3164.21,0
CUST_1756,Female,0,Yes,Yes,70,Month-to-Month,No,Credit Card (automatic),No,No internet service,No internet service,0,27.24,1950.59,0
CUST_1757,Female,0,Yes,Yes,67,Two-Year,Yes,Bank Transfer (automatic),No,No internet service,No internet service,1,23.27,1613.79,0
CUST_1758,Female,0,No,No,58,Month-to-Month,Yes,Electronic Check,DSL,No,Yes,1,56.46,3152.63,0
CUST_1759,Female,0,Yes,No,65,Month-to-Month,Yes,Electronic Check,No,No internet service,No internet service,2,18.5,1175.8,0
CUST_1760,Male,0,No,No,35,Month-to-Month,Yes,Bank Transfer (automatic),Fiber Optic,No,Yes,1,87.38,3026.98,0
CUST_1761,Male,0,Yes,No,37,One-Year,No,Mailed Check,Fiber Optic,Yes,No,1,74.93,2818.29,0
CUST_1762,Female,0,No,No,8,Month-to-Month,Yes,Credit Card (automatic),Fiber Optic,No,No,2,68.87,545.21,0
CUST_1763,Male,0,No,No,3,Month-to-Month,No,Credit Card (automatic),DSL,Yes,No,0,52.2,152.51,0
CUST_1764,Male,0,No,Yes,48,Month-to-Month,No,Credit Card (automatic),Fiber Optic,No,Yes,3,80.37,3677.66,0
CUST_1765,Female,0,No,No,49,One-Year,No,Electronic Check,DSL,Yes,Yes,0,68.64,3478.56,0
CUST_1766,Male,0,Yes,No,37,One-Year,No,Credit Card (automatic),DSL,No,No,2,39.74,1458.46,0
CUST_1767,Female,1,No,No,4,Month-to-Month,Yes,Electronic Check,Fiber Optic,No,No,2,60.2,236.69,1
CUST_1768,Female,0,No,No,26,Month-to-Month,No,Bank Transfer (automatic),Fiber Optic,No,No,0,66.14,1724.94,1
CUST_1769,Male,0,Yes,No,26,One-Year,Yes,Mailed Check,Fiber Optic,Yes,Yes,2,88.58,2216.24,0
CUST_1770,Female,0,Yes,No,12,Month-to-Month,No,Bank Transfer (automatic),DSL,Yes,No,0,53.17,631.49,0
CUST_1771,Male,0,Yes,No,71,Two-Year,Yes,Electronic Check,Fiber Optic,Yes,Yes,1,92.87,6759.79,0
CUST_1772,Male,0,Yes,No,56,One-Year,Yes,Mailed Check,Fiber Optic,Yes,No,1,88.09,5049.52,0
CUST_1773,Male,0,Yes,Yes,3,Month-to-Month,Yes,Electronic Check,DSL,No,No,2,42.6,131.27,0
CUST_1774,Male,0,No,No,57,One-Year,Yes,Electronic Check,Fiber Optic,No,No,1,67.88,3856.55,0
CUST_1775,Male,0,Yes,No,24,One-Year,No,Bank Transfer (automatic),Fiber Optic,No,Yes,1,81.58,1932.25,0
CUST_1776,Male,0,No,No,49,One-Year,No,Credit Card (automatic),DSL,Yes,Yes,3,71.65,3627.21,0
CUST_1777,Male,0,Yes,Yes,36,Month-to-Month,Yes,Credit Card (automatic),DSL,No,Yes,1,59.25,2063.31,0
CUST_1778,Male,0,Yes,No,49,Two-Year,Yes,Mailed Check,DSL,No,Yes,4,49.32,2471.09,0
CUST_1779,Female,0,No,No,4,Month-to-Month,No,Electronic Check,Fiber Optic,Yes,No,2,77.82,323.36,1
CUST_1780,Female,0,No,No,33,Two-Year,Yes,Electronic Check,Fiber Optic,Yes,No,3,86.43,2791.2,1
CUST_1781,Male,0,Yes,Yes,50,Month-to-Month,No,Electronic Check,DSL,Yes,Yes,3,66.91,3244.4,0
CUST_1782,Male,0,Yes,No,38,Two-Year,Yes,Credit Card (automatic),Fiber Optic,No,No,1,73.85,2809.81,0
CUST_1783,Male,0,Yes,No,56,One-Year,No,Mailed Check,No,No internet service,No internet service,1,22.87,1244.4,0
CUST_1784,Male,0,No,No,46,One-Year,No,Credit Card (automatic),Fiber Optic,Yes,No,1,73.03,3483.94,0
CUST_1785,Female,0,No,No,49,Month-to-Month,Yes,Bank Transfer (automatic),Fiber Optic,No,Yes,3,75.37,3598.74,0
CUST_1786,Female,0,Yes,No,65,One-Year,Yes,Bank Transfer (automatic),Fiber Optic,Yes,No,0,80.67,5146.0,0
CUST_1787,Male,0,No,No,2,Month-to-Month,No,Credit Card (automatic),No,No internet service,No internet service,0,21.6,44.88,0
CUST_1788,Male,0,No,No,61,Two-Year,No,Electronic Check,DSL,No,Yes,0,55.93,3311.3,0
CUST_1789,Male,0,Yes,Yes,36,One-Year,No,Mailed Check,Fiber Optic,Yes,Yes,2,93.22,3485.05,1
CUST_1790,Female,0,No,No,1,Month-to-Month,Yes,Credit Card (automatic),DSL,Yes,Yes,0,69.14,67.13,0
CUST_1791,Male,0,No,Yes,70,Month-to-Month,Yes,Bank Transfer (automatic),Fiber Optic,No,No,2,69.6,5072.63,0
CUST_1792,Female,0,Yes,No,1,Month-to-Month,Yes,Electronic Check,DSL,No,Yes,1,56.87,55.83,1
CUST_1793,Female,0,Yes,Yes,34,Month-to-Month,Yes,Electronic Check,Fiber Optic,Yes,Yes,1,84.52,2800.76,0
CUST_1794,Male,0,Yes,Yes,40,Month-to-Month,No,Bank Transfer (automatic),Fiber Optic,No,Yes,1,80.75,3222.63,0
CUST_1795,Female,0,Yes,Yes,65,Two-Year,Yes,Electronic Check,Fiber Optic,Yes,Yes,3,92.72,5947.98,0
CUST_1796,Female,0,No,Yes,9,Month-to-Month,Yes,Credit Card (automatic),Fiber Optic,No,No,1,65.73,573.93,0
CUST_1797,Female,0,Yes,No,29,Month-to-Month,No,Electronic Check,Fiber Optic,Yes,No,2,78.94,2252.25,0
CUST_1798,Male,0,No,No,12,Month-to-Month,No,Bank Transfer (automatic),Fiber Optic,No,Yes,1,75.33,923.24,1
CUST_1799,Male,0,No,No,7,Month-to-Month,Yes,Bank Transfer (automatic),Fiber Optic,Yes,No,2,83.54,604.19,0
CUST_1800,Female,0,No,No,72,Month-to-Month,Yes,Bank Transfer (automatic),No,No internet service,No internet service,1,18.5,1374.73,0
CUST_1801,Female,1,No,No,58,Two-Year,No,Mailed Check,DSL,Yes,No,0,56.52,3362.35,0
CUST_1802,Female,0,Yes,No,16,Month-to-Month,Yes,Credit Card (automatic),No,No internet service,No internet service,1,18.5,281.36,0
CUST_1803,Female,0,Yes,No,65,Month-to-Month,No,Bank Transfer (automatic),Fiber Optic,Yes,No,2,81.26,5243.13,0
CUST_1804,Female,0,No,No,70,Two-Year,No,Credit Card (automatic),Fiber Optic,Yes,No,0,85.64,5796.36,0
CUST_1805,Female,0,Yes,Yes,11,Month-to-Month,Yes,Electronic Check,DSL,No,No,0,42.07,443.03,0
CUST_1806,Male,0,Yes,Yes,14,Month-to-Month,Yes,Electronic Check,DSL,Yes,Yes,0,68.6,983.05,0
CUST_1807,Female,0,No,No,54,One-Year,Yes,Electronic Check,DSL,No,No,0,47.55,2643.06,1
CUST_1808,Female,0,No,No,22,Month-to-Month,No,Electronic Check,DSL,Yes,No,0,57.62,1307.52,0
CUST_1809,Female,0,Yes,No,49,Two-Year,Yes,Bank Transfer (automatic),DSL,No,Yes,2,53.82,2740.11,0
CUST_1810,Female,0,No,No,62,One-Year,No,Mailed Check,DSL,No,No,1,38.8,2427.26,0
CUST_1811,Male,0,No,No,43,Two-Year,No,Bank Transfer (automatic),DSL,No,Yes,3,53.65,2421.87,0
CUST_1812,Female,0,Yes,Yes,2,Month-to-Month,Yes,Electronic Check,No,No internet service,No internet service,1,20.73,41.39,1
CUST_1813,Female,0,Yes,No,24,One-Year,No,Mailed Check,No,No internet service,No internet service,1,19.82,493.92,0
CUST_1814,Male,0,No,No,51,Two-Year,No,Credit Card (automatic),Fiber Optic,No,No,3,72.55,3556.84,0
CUST_1815,Male,0,Yes,No,26,One-Year,No,Credit Card (automatic),Fiber Optic,No,Yes,1,80.67,2023.78,0
CUST_1816,Male,0,Yes,Yes,15,Month-to-Month,Yes,Credit Card (automatic),Fiber Optic,No,No,1,66.9,1012.57,0
CUST_1817,Male,0,No,No,48,One-Year,Yes,Credit Card (automatic),Fiber Optic,No,Yes,2,76.06,3513.66,0
CUST_1818,Male,0,No,No,26,Month-to-Month,Yes,Bank Transfer (automatic),Fiber Optic,No,No,1,65.15,1621.96,1
CUST_1819,Male,0,Yes,Yes,2,Month-to-Month,Yes,Credit Card (automatic),Fiber Optic,No,Yes,1,77.81,150.89,0
CUST_1820,Female,0,Yes,Yes,3,Month-to-Month,Yes,Bank Transfer (automatic),Fiber Optic,No,Yes,1,87.24,269.25,0
CUST_1821,Female,0,Yes,Yes,25,Month-to-Month,No,Credit Card (automatic),DSL,Yes,Yes,2,64.27,1675.43,0
CUST_1822,Female,0,No,No,40,Two-Year,Yes,Electronic Check,Fiber Optic,No,No,1,65.32,2569.29,0
CUST_1823,Female,0,Yes,Yes,6,Month-to-Month,No,Credit Card (automatic),DSL,Yes,No,1,54.15,340.32,0
CUST_1824,Male,0,No,No,24,Month-to-Month,Yes,Bank Transfer (automatic),Fiber Optic,No,No,3,74.13,1834.19,0
CUST_1825,Male,0,No,Yes,30,Month-to-Month,Yes,Electronic Check,DSL,No,No,0,46.89,1368.17,0
CUST_1826,Female,0,Yes,Yes,38,One-Year,Yes,Electronic Check,DSL,Yes,No,0,55.98,2145.56,0
CUST_1827,Male,0,No,No,60,Two-Year,No,Credit Card (automatic),Fiber Optic,Yes,No,1,75.67,4758.94,0
CUST_1828,Female,0,No,No,68,Month-to-Month,Yes,Mailed Check,No,No internet service,No internet service,1,19.47,1370.14,0
CUST_1829,Female,0,No,No,65,One-Year,Yes,Credit Card (automatic),Fiber Optic,No,Yes,1,84.8,5436.68,0
CUST_1830,Female,0,Yes,No,5,Two-Year,No,Electronic Check,DSL,No,No,1,49.93,244.81,0
CUST_1831,Female,0,No,No,35,One-Year,Yes,Mailed Check,DSL,Yes,Yes,0,59.62,2153.32,0
CUST_1832,Male,0,No,No,48,One-Year,No,Electronic Check,Fiber Optic,No,Yes,3,78.24,3773.98,0
CUST_1833,Male,0,No,No,52,One-Year,Yes,Mailed Check,Fiber Optic,No,No,1,69.71,3502.92,0
CUST_1834,Female,0,Yes,No,6,Month-to-Month,Yes,Bank Transfer (automatic),Fiber Optic,No,No,2,74.32,438.24,1
CUST_1835,Male,0,No,No,39,Two-Year,Yes,Bank Transfer (automatic),No,No internet service,No internet service,0,18.5,733.17,0
CUST_1836,Female,0,Yes,Yes,66,Two-Year,No,Electronic Check,DSL,No,Yes,0,51.91,3307.23,0
CUST_1837,Male,0,Yes,Yes,31,One-Year,No,Electronic Check,Fiber Optic,Yes,No,2,79.43,2511.26,1
CUST_1838,Female,0,Yes,No,64,Month-to-Month,Yes,Electronic Check,DSL,No,Yes,3,50.68,3311.61,0
CUST_1839,Female,0,No,No,67,Month-to-Month,Yes,Credit Card (automatic),Fiber Optic,No,No,2,61.43,4021.45,0
CUST_1840,Female,0,Yes,Yes,4,Month-to-Month,Yes,Electronic Check,Fiber Optic,No,No,0,77.77,307.91,1
CUST_1841,Male,0,No,No,15,One-Year,Yes,Mailed Check,No,No internet service,No internet service,1,18.5,289.58,0
CUST_1842,Male,0,No,No,43,Month-to-Month,Yes,Mailed Check,DSL,No,No,1,41.68,1836.9,0
CUST_1843,Female,0,Yes,Yes,27,One-Year,Yes,Credit Card (automatic),Fiber Optic,No,No,1,64.55,1793.01,0
CUST_1844,Male,0,No,No,15,One-Year,Yes,Electronic Check,No,No internet service,No internet service,3,19.14,287.57,0
CUST_1845,Female,0,Yes,No,20,Month-to-Month,Yes,Electronic Check,Fiber Optic,No,No,1,67.08,1303.11,1
CUST_1846,Female,0,Yes,Yes,70,Two-Year,No,Bank Transfer (automatic),Fiber Optic,No,No,0,72.43,5116.37,0
CUST_1847,Female,0,No,Yes,17,Month-to-Month,No,Credit Card (automatic),Fiber Optic,Yes,Yes,0,88.98,1553.82,1
CUST_1848,Female,0,No,No,6,One-Year,Yes,Bank Transfer (automatic),DSL,No,No,0,44.21,252.1,0
CUST_1849,Male,0,No,No,22,Month-to-Month,No,Electronic Check,DSL,Yes,No,3,56.03,1185.05,0
CUST_1850,Female,0,No,No,45,One-Year,Yes,Mailed Check,Fiber Optic,No,No,0,71.42,3205.64,0
CUST_1851,Female,0,Yes,No,60,Month-to-Month,Yes,Credit Card (automatic),DSL,No,No,0,43.54,2595.99,0
CUST_1852,Male,1,Yes,Yes,7,Two-Year,No,Bank Transfer (automatic),DSL,No,No,3,46.58,341.79,0
CUST_1853,Female,0,No,No,54,Two-Year,No,Mailed Check,DSL,No,Yes,2,57.46,2976.29,0
CUST_1854,Male,0,Yes,Yes,48,One-Year,Yes,Mailed Check,No,No internet service,No internet service,2,22.7,1070.39,0
CUST_1855,Male,0,Yes,No,37,Month-to-Month,Yes,Credit Card (automatic),Fiber Optic,Yes,No,1,83.63,3191.81,0
CUST_1856,Male,0,No,Yes,23,One-Year,No,Bank Transfer (automatic),Fiber Optic,No,No,1,68.53,1593.91,0
CUST_1857,Female,0,Yes,No,44,One-Year,No,Bank Transfer (automatic),DSL,No,No,0,50.9,2253.4,0
CUST_1858,Male,0,Yes,Yes,49,Two-Year,No,Electronic Check,Fiber Optic,No,No,1,67.23,3373.73,0
CUST_1859,Female,0,No,No,9,Two-Year,No,Bank Transfer (automatic),Fiber Optic,No,No,1,75.41,647.47,0
CUST_1860,Female,0,No,No,69,Two-Year,Yes,Mailed Check,Fiber Optic,No,No,0,73.62,5307.1,0
CUST_1861,Male,0,No,No,6,Two-Year,Yes,Electronic Check,DSL,Yes,No,3,59.01,343.13,0
CUST_1862,Male,0,No,No,72,Month-to-Month,No,Credit Card (automatic),Fiber Optic,No,No,1,69.29,4780.26,1
CUST_1863,Female,0,Yes,Yes,41,One-Year,Yes,Mailed Check,Fiber Optic,Yes,Yes,1,90.85,3664.86,0
CUST_1864,Male,0,No,No,23,Month-to-Month,Yes,Electronic Check,Fiber Optic,No,No,1,70.45,1653.14,1
CUST_1865,Female,0,No,No,3,Month-to-Month,Yes,Credit Card (automatic),DSL,Yes,No,0,57.41,167.61,0
CUST_1866,Male,0,Yes,Yes,1,Two-Year,Yes,Electronic Check,DSL,Yes,No,2,56.26,53.73,0
CUST_1867,Male,0,Yes,No,41,Month-to-Month,Yes,Bank Transfer (automatic),Fiber Optic,Yes,No,1,83.83,3284.91,1
CUST_1868,Female,0,No,No,53,Two-Year,Yes,Bank Transfer (automatic),DSL,No,No,2,48.29,2497.07,0
CUST_1869,Male,0,No,No,27,One-Year,Yes,Credit Card (automatic),DSL,No,Yes,0,53.34,1387.65,0
CUST_1870,Male,0,No,No,9,Month-to-Month,Yes,Credit Card (automatic),DSL,No,No,0,42.03,373.44,0
CUST_1871,Male,0,No,No,1,Month-to-Month,Yes,Bank Transfer (automatic),Fiber Optic,No,Yes,4,76.6,74.1,1
CUST_1872,Male,0,No,No,57,Month-to-Month,Yes,Electronic Check,DSL,Yes,No,3,58.17,3264.07,0
CUST_1873,Female,0,No,No,35,Month-to-Month,Yes,Mailed Check,No,No internet service,No internet service,2,25.95,903.21,0
CUST_1874,Female,0,No,Yes,54,One-Year,Yes,Credit Card (automatic),Fiber Optic,Yes,No,1,76.41,4226.22,0
CUST_1875,Male,0,Yes,Yes,25,Month-to-Month,Yes,Electronic Check,Fiber Optic,No,Yes,1,78.65,1912.65,1
CUST_1876,Female,0,No,No,56,One-Year,Yes,Credit Card (automatic),Fiber Optic,Yes,No,1,76.21,4257.12,0
CUST_1877,Female,0,Yes,Yes,56,Two-Year,No,Electronic Check,DSL,No,Yes,2,54.58,3152.87,0
CUST_1878,Male,0,No,No,71,One-Year,No,Electronic Check,DSL,Yes,No,1,48.43,3605.77,0
CUST_1879,Male,0,No,No,39,Month-to-Month,Yes,Electronic Check,Fiber Optic,Yes,No,0,86.36,3387.34,0
CUST_1880,Female,0,No,Yes,5,Month-to-Month,Yes,Electronic Check,Fiber Optic,No,No,0,72.69,360.99,1
CUST_1881,Female,0,No,No,28,Month-to-Month,Yes,Credit Card (automatic),No,No internet service,No internet service,0,20.74,588.36,0
CUST_1882,Female,0,Yes,No,25,Month-to-Month,Yes,Credit Card (automatic),DSL,No,No,2,48.6,1213.33,1
CUST_1883,Female,0,Yes,No,36,Two-Year,Yes,Bank Transfer (automatic),No,No internet service,No internet service,2,23.38,813.46,0
CUST_1884,Male,0,Yes,No,45,Two-Year,Yes,Bank Transfer (automatic),DSL,No,No,0,44.74,2005.14,0
CUST_1885,Female,0,No,No,3,One-Year,Yes,Bank Transfer (automatic),Fiber Optic,No,Yes,2,76.6,240.81,1
CUST_1886,Female,0,No,No,36,Month-to-Month,No,Credit Card (automatic),Fiber Optic,No,No,2,66.97,2444.78,1
CUST_1887,Female,0,No,No,53,One-Year,No,Credit Card (automatic),DSL,No,No,1,44.65,2315.2,0
CUST_1888,Male,0,Yes,Yes,71,Month-to-Month,No,Electronic Check,Fiber Optic,Yes,Yes,1,90.89,6741.74,0
CUST_1889,Male,0,No,No,41,Two-Year,Yes,Mailed Check,Fiber Optic,No,No,1,76.91,3118.18,1
CUST_1890,Male,0,No,Yes,71,Month-to-Month,Yes,Bank Transfer (automatic),Fiber Optic,No,Yes,0,82.63,5802.27,0
CUST_1891,Female,0,Yes,No,17,Month-to-Month,Yes,Credit Card (automatic),No,No internet service,No internet service,1,20.41,351.02,0
CUST_1892,Male,0,No,Yes,23,Two-Year,No,Bank Transfer (automatic),Fiber Optic,Yes,No,3,85.79,1986.78,0
CUST_1893,Male,0,No,Yes,26,Two-Year,Yes,Credit Card (automatic),Fiber Optic,No,No,2,71.11,1810.11,0
CUST_1894,Male,0,No,No,56,Two-Year,Yes,Credit Card (automatic),DSL,No,No,1,43.94,2452.54,0
CUST_1895,Male,0,Yes,Yes,12,Month-to-Month,Yes,Bank Transfer (automatic),No,No internet service,No internet service,4,26.06,307.48,0
CUST_1896,Female,0,No,Yes,14,Month-to-Month,No,Credit Card (automatic),No,No internet service,No internet service,2,21.74,311.6,0
CUST_1897,Female,0,Yes,No,17,One-Year,Yes,Mailed Check,DSL,No,Yes,1,55.02,900.03,0
CUST_1898,Female,0,No,No,15,One-Year,Yes,Mailed Check,Fiber Optic,Yes,No,0,82.71,1271.7,0
CUST_1899,Male,0,Yes,Yes,27,Month-to-Month,No,Credit Card (automatic),Fiber Optic,Yes,No,2,79.88,2083.68,0
CUST_1900,Female,0,Yes,No,33,Month-to-Month,Yes,Electronic Check,No,No internet service,No internet service,2,18.5,598.66,0
CUST_1901,Male,0,No,No,20,Two-Year,Yes,Electronic Check,DSL,No,Yes,0,60.16,1183.15,0
CUST_1902,Male,0,Yes,Yes,4,Month-to-Month,Yes,Bank Transfer (automatic),DSL,Yes,Yes,5,66.99,281.1,0
CUST_1903,Male,0,No,Yes,46,Two-Year,No,Mailed Check,Fiber Optic,No,Yes,2,78.93,3663.39,0
CUST_1904,Male,0,No,No,19,Month-to-Month,Yes,Credit Card (automatic),Fiber Optic,No,No,0,70.72,1380.97,0
CUST_1905,Male,0,No,No,70,One-Year,Yes,Credit Card (automatic),DSL,Yes,Yes,1,73.2,5152.38,0
CUST_1906,Female,0,No,No,56,Two-Year,No,Mailed Check,No,No internet service,No internet service,0,18.5,1086.06,0
CUST_1907,Female,0,Yes,Yes,10,Month-to-Month,Yes,Bank Transfer (automatic),No,No internet service,No internet service,0,18.5,179.03,0
CUST_1908,Female,0,No,No,27,One-Year,No,Bank Transfer (automatic),No,No internet service,No internet service,4,18.5,504.74,0
CUST_1909,Male,0,Yes,No,23,Month-to-Month,No,Mailed Check,DSL,No,Yes,1,43.46,1029.31,1
CUST_1910,Male,0,Yes,Yes,21,Month-to-Month,Yes,Electronic Check,DSL,No,No,1,45.19,961.19,1
CUST_1911,Male,0,No,No,21,One-Year,Yes,Bank Transfer (automatic),DSL,Yes,No,0,51.73,1129.45,0
CUST_1912,Female,1,Yes,Yes,45,Two-Year,No,Bank Transfer (automatic),Fiber Optic,No,No,0,73.06,3320.81,0
CUST_1913,Female,0,No,No,45,Two-Year,No,Electronic Check,No,No internet service,No internet service,2,18.5,859.68,0
CUST_1914,Female,0,No,No,2,Month-to-Month,No,Credit Card (automatic),DSL,No,No,2,47.35,91.63,0
CUST_1915,Male,0,No,No,26,Month-to-Month,Yes,Bank Transfer (automatic),No,No internet service,No internet service,1,21.16,537.07,0
CUST_1916,Female,0,No,Yes,6,One-Year,No,Electronic Check,DSL,Yes,Yes,0,65.26,389.37,0
CUST_1917,Male,0,Yes,No,28,Month-to-Month,Yes,Bank Transfer (automatic),Fiber Optic,No,Yes,1,79.99,2318.47,0
CUST_1918,Female,0,No,No,59,Two-Year,Yes,Electronic Check,Fiber Optic,No,No,0,70.69,4140.08,0
CUST_1919,Female,0,No,No,21,Month-to-Month,No,Electronic Check,Fiber Optic,Yes,No,0,84.12,1789.04,1
CUST_1920,Female,0,No,No,39,Two-Year,No,Credit Card (automatic),Fiber Optic,No,No,1,75.45,2911.89,0
CUST_1921,Female,0,Yes,Yes,61,Two-Year,Yes,Credit Card (automatic),Fiber Optic,Yes,Yes,2,94.86,5963.36,0
CUST_1922,Male,0,No,Yes,63,Month-to-Month,No,Electronic Check,DSL,No,No,1,44.82,2739.03,0
CUST_1923,Female,0,Yes,No,55,Two-Year,Yes,Credit Card (automatic),Fiber Optic,No,No,3,70.09,3891.1,0
CUST_1924,Female,0,Yes,Yes,19,Month-to-Month,Yes,Electronic Check,Fiber Optic,Yes,No,1,80.98,1550.6,0
CUST_1925,Male,1,No,No,9,Month-to-Month,No,Electronic Check,No,No internet service,No internet service,0,18.5,164.89,1
CUST_1926,Male,0,No,No,12,Month-to-Month,Yes,Electronic Check,Fiber Optic,No,No,1,66.27,811.55,1
CUST_1927,Male,0,No,No,33,One-Year,No,Electronic Check,No,No internet service,No internet service,2,21.54,677.3,0
CUST_1928,Male,0,No,No,20,Month-to-Month,No,Mailed Check,Fiber Optic,Yes,No,4,78.63,1626.3,1
CUST_1929,Male,0,No,No,6,Month-to-Month,Yes,Credit Card (automatic),DSL,No,No,2,45.69,269.97,0
CUST_1930,Female,1,Yes,No,3,Month-to-Month,No,Electronic Check,Fiber Optic,Yes,Yes,3,93.86,289.83,1
CUST_1931,Male,0,Yes,Yes,36,Month-to-Month,Yes,Mailed Check,DSL,No,No,1,47.57,1679.14,0
CUST_1932,Male,0,Yes,No,31,One-Year,Yes,Bank Transfer (automatic),DSL,No,Yes,0,57.95,1740.38,0
CUST_1933,Female,0,No,No,56,One-Year,No,Electronic Check,No,No internet service,No internet service,2,18.5,1024.55,0
CUST_1934,Female,0,Yes,No,27,One-Year,No,Bank Transfer (automatic),Fiber Optic,No,No,1,65.56,1822.76,0
CUST_1935,Female,1,Yes,No,65,Two-Year,Yes,Mailed Check,Fiber Optic,No,Yes,2,86.15,5713.72,0
CUST_1936,Male,0,No,No,8,One-Year,Yes,Electronic Check,No,No internet service,No internet service,0,18.5,146.54,0
CUST_1937,Female,0,Yes,Yes,42,One-Year,Yes,Bank Transfer (automatic),Fiber Optic,No,Yes,4,87.59,3839.86,0
CUST_1938,Female,0,Yes,No,28,Month-to-Month,Yes,Electronic Check,Fiber Optic,Yes,No,0,71.51,1984.01,0
CUST_1939,Male,0,No,No,58,Two-Year,Yes,Electronic Check,DSL,Yes,Yes,0,69.72,3983.41,0
CUST_1940,Male,0,Yes,No,2,Month-to-Month,Yes,Mailed Check,Fiber Optic,No,No,1,73.42,141.62,1
CUST_1941,Female,0,Yes,No,42,One-Year,Yes,Mailed Check,Fiber Optic,Yes,Yes,0,94.35,3792.41,0
CUST_1942,Female,0,Yes,No,41,Two-Year,No,Bank Transfer (automatic),Fiber Optic,No,Yes,1,82.85,3345.86,0
CUST_1943,Female,0,No,No,23,Month-to-Month,Yes,Mailed Check,Fiber Optic,No,No,1,72.29,1594.83,1
CUST_1944,Female,0,No,No,33,Month-to-Month,Yes,Bank Transfer (automatic),DSL,No,Yes,2,60.31,1982.79,0
CUST_1945,Female,0,Yes,Yes,44,Two-Year,No,Bank Transfer (automatic),Fiber Optic,Yes,Yes,0,96.41,4394.76,0
CUST_1946,Female,0,No,No,4,Month-to-Month,Yes,Mailed Check,DSL,Yes,Yes,3,73.91,294.93,0
CUST_1947,Male,0,Yes,No,49,One-Year,No,Credit Card (automatic),No,No internet service,No internet service,1,18.5,904.74,0
CUST_1948,Male,0,No,No,26,Month-to-Month,Yes,Credit Card (automatic),Fiber Optic,Yes,No,0,88.68,2248.83,0
CUST_1949,Male,0,Yes,Yes,4,Month-to-Month,Yes,Bank Transfer (automatic),DSL,No,No,2,40.87,158.02,1
CUST_1950,Female,0,No,No,54,One-Year,Yes,Electronic Check,No,No internet service,No internet service,1,23.83,1251.09,0
CUST_1951,Female,0,No,No,72,Month-to-Month,Yes,Mailed Check,DSL,Yes,No,1,58.58,4246.44,0
CUST_1952,Female,0,No,No,23,Two-Year,Yes,Electronic Check,No,No internet service,No internet service,2,28.96,672.19,0
CUST_1953,Male,0,Yes,No,23,One-Year,Yes,Mailed Check,Fiber Optic,Yes,Yes,1,95.19,2128.11,0
CUST_1954,Female,0,Yes,Yes,68,One-Year,Yes,Electronic Check,No,No internet service,No internet service,4,22.75,1531.36,0
CUST_1955,Male,0,No,No,36,Month-to-Month,Yes,Bank Transfer (automatic),DSL,Yes,No,1,50.39,1826.5,0
CUST_1956,Male,0,Yes,Yes,54,Month-to-Month,Yes,Electronic Check,Fiber Optic,Yes,Yes,1,97.42,5397.7,0
CUST_1957,Female,0,No,Yes,30,One-Year,No,Credit Card (automatic),DSL,Yes,No,1,58.13,1712.47,0
CUST_1958,Female,1,No,No,21,Month-to-Month,No,Electronic Check,DSL,Yes,Yes,3,71.95,1476.4,1
CUST_1959,Female,0,No,No,41,One-Year,No,Bank Transfer (automatic),Fiber Optic,No,Yes,1,78.19,3279.67,0
CUST_1960,Male,0,Yes,Yes,34,Month-to-Month,No,Credit Card (automatic),Fiber Optic,No,Yes,3,80.0,2723.76,0
CUST_1961,Male,0,No,Yes,1,Month-to-Month,Yes,Electronic Check,DSL,No,No,3,45.73,47.36,0
CUST_1962,Male,0,No,No,28,One-Year,Yes,Credit Card (automatic),DSL,No,Yes,1,56.72,1542.26,0
CUST_1963,Male,0,No,No,63,Two-Year,No,Mailed Check,DSL,No,No,3,46.09,2982.34,0
CUST_1964,Female,0,Yes,Yes,9,One-Year,Yes,Credit Card (automatic),DSL,No,No,1,45.66,397.05,0
CUST_1965,Female,0,Yes,No,59,Month-to-Month,Yes,Credit Card (automatic),Fiber Optic,No,No,4,68.01,4046.61,0
CUST_1966,Female,0,Yes,No,34,One-Year,Yes,Electronic Check,Fiber Optic,Yes,No,1,81.04,2695.74,0
CUST_1967,Male,0,Yes,Yes,7,Month-to-Month,Yes,Credit Card (automatic),No,No internet service,No internet service,1,18.5,124.33,0
CUST_1968,Female,0,No,No,12,One-Year,Yes,Electronic Check,No,No internet service,No internet service,1,31.03,376.71,0
CUST_1969,Male,0,No,No,5,Month-to-Month,No,Electronic Check,DSL,No,No,1,46.36,231.96,0
CUST_1970,Female,0,Yes,Yes,72,Month-to-Month,No,Electronic Check,No,No internet service,No internet service,1,27.02,1942.71,0
CUST_1971,Male,0,No,No,51,One-Year,Yes,Electronic Check,No,No internet service,No internet service,0,18.5,952.23,0
CUST_1972,Male,0,Yes,No,6,One-Year,Yes,Bank Transfer (automatic),Fiber Optic,No,No,1,69.65,412.57,1
CUST_1973,Female,0,Yes,Yes,37,Month-to-Month,Yes,Mailed Check,Fiber Optic,No,No,1,68.22,2567.09,0
CUST_1974,Female,0,Yes,No,57,One-Year,Yes,Credit Card (automatic),Fiber Optic,Yes,No,1,83.58,4588.19,0
CUST_1975,Male,0,Yes,Yes,6,One-Year,No,Electronic Check,DSL,No,No,0,45.82,280.83,0
CUST_1976,Male,0,No,No,51,One-Year,Yes,Credit Card (automatic),DSL,Yes,Yes,2,64.45,3313.18,0
CUST_1977,Female,0,Yes,Yes,44,Two-Year,No,Electronic Check,Fiber Optic,Yes,Yes,0,95.9,4213.89,0
CUST_1978,Male,0,No,No,47,Two-Year,Yes,Electronic Check,No,No internet service,No internet service,0,21.07,953.42,0
CUST_1979,Male,0,Yes,No,69,Month-to-Month,Yes,Bank Transfer (automatic),DSL,Yes,Yes,1,70.18,4735.05,0
CUST_1980,Male,0,No,No,3,Month-to-Month,No,Credit Card (automatic),DSL,Yes,No,2,61.61,181.05,0
CUST_1981,Male,0,Yes,Yes,39,Two-Year,No,Credit Card (automatic),Fiber Optic,No,Yes,2,85.79,3256.75,0
CUST_1982,Female,0,Yes,No,34,One-Year,No,Mailed Check,Fiber Optic,No,No,1,76.5,2719.13,0
CUST_1983,Female,0,Yes,No,50,Month-to-Month,No,Electronic Check,DSL,No,Yes,3,58.36,3039.28,0
CUST_1984,Female,0,Yes,No,21,Month-to-Month,No,Electronic Check,No,No internet service,No internet service,2,23.66,499.15,0
CUST_1985,Female,0,Yes,No,68,One-Year,No,Mailed Check,No,No internet service,No internet service,2,19.24,1269.81,0
CUST_1986,Male,0,No,No,9,One-Year,No,Mailed Check,DSL,Yes,Yes,1,69.77,653.75,1
CUST_1987,Male,0,No,No,15,Month-to-Month,Yes,Mailed Check,Fiber Optic,Yes,No,1,84.32,1296.34,0
CUST_1988,Male,0,No,No,57,Two-Year,Yes,Bank Transfer (automatic),Fiber Optic,Yes,No,1,80.02,4350.77,0
CUST_1989,Male,0,No,No,34,Two-Year,Yes,Bank Transfer (automatic),No,No internet service,No internet service,2,20.25,687.86,0
CUST_1990,Male,0,Yes,No,26,One-Year,Yes,Bank Transfer (automatic),Fiber Optic,Yes,No,3,76.87,2019.59,0
CUST_1991,Female,0,Yes,Yes,49,Two-Year,No,Electronic Check,DSL,Yes,No,0,61.94,2903.48,0
CUST_1992,Female,0,No,No,6,Month-to-Month,Yes,Bank Transfer (automatic),DSL,No,No,0,50.05,286.78,0
CUST_1993,Male,0,No,Yes,41,Month-to-Month,Yes,Electronic Check,Fiber Optic,Yes,Yes,2,89.15,3641.82,0
CUST_1994,Female,0,No,No,67,One-Year,No,Electronic Check,Fiber Optic,Yes,No,2,86.63,5515.13,0
CUST_1995,Female,0,No,No,34,Month-to-Month,Yes,Credit Card (automatic),No,No internet service,No internet service,2,23.87,774.8,0
CUST_1996,Female,0,Yes,No,26,Month-to-Month,Yes,Bank Transfer (automatic),No,No internet service,No internet service,4,21.28,534.75,0
CUST_1997,Female,0,Yes,Yes,25,One-Year,Yes,Credit Card (automatic),No,No internet service,No internet service,0,21.29,554.07,0
CUST_1998,Female,0,Yes,No,21,Month-to-Month,No,Electronic Check,Fiber Optic,Yes,No,2,84.29,1817.22,1
CUST_1999,Female,0,Yes,Yes,25,One-Year,Yes,Credit Card (automatic),Fiber Optic,Yes,Yes,1,88.74,2207.5,0
CUST_2000,Female,0,Yes,No,7,Month-to-Month,No,Electronic Check,No,No internet service,No internet service,1,29.22,204.11,0
CUST_2001,Female,0,Yes,Yes,58,Month-to-Month,Yes,Credit Card (automatic),Fiber Optic,No,No,1,61.32,3622.72,0
CUST_2002,Male,0,No,No,6,Month-to-Month,No,Mailed Check,DSL,Yes,No,3,51.15,306.11,1
CUST_2003,Male,0,No,No,8,Two-Year,Yes,Electronic Check,Fiber Optic,No,Yes,1,86.25,659.91,0
CUST_2004,Female,0,No,No,15,One-Year,Yes,Electronic Check,DSL,Yes,No,2,60.67,931.78,0
CUST_2005,Male,0,No,No,9,Month-to-Month,Yes,Electronic Check,Fiber Optic,No,Yes,0,88.82,764.03,1
CUST_2006,Male,0,Yes,No,8,Month-to-Month,Yes,Mailed Check,No,No internet service,No internet service,0,20.42,163.13,0
CUST_2007,Female,0,Yes,No,61,Two-Year,Yes,Credit Card (automatic),No,No internet service,No internet service,0,18.5,1169.32,0
CUST_2008,Male,0,No,No,9,Month-to-Month,Yes,Electronic Check,Fiber Optic,No,No,2,70.26,608.15,1
CUST_2009,Female,0,Yes,Yes,51,One-Year,Yes,Bank Transfer (automatic),Fiber Optic,No,Yes,0,85.41,4445.92,0
CUST_2010,Female,0,Yes,No,30,Month-to-Month,No,Credit Card (automatic),DSL,No,Yes,2,54.22,1552.81,0
CUST_2011,Female,0,Yes,Yes,70,One-Year,Yes,Bank Transfer (automatic),Fiber Optic,Yes,Yes,1,89.73,6590.8,0
CUST_2012,Male,0,Yes,No,25,Month-to-Month,No,Mailed Check,No,No internet service,No internet service,0,20.13,512.41,0
CUST_2013,Male,0,No,Yes,28,Month-to-Month,No,Credit Card (automatic),Fiber Optic,Yes,Yes,2,91.11,2670.72,0
CUST_2014,Female,0,Yes,Yes,39,Two-Year,Yes,Electronic Check,Fiber Optic,No,No,3,69.3,2748.17,0
CUST_2015,Female,0,No,No,38,Month-to-Month,Yes,Bank Transfer (automatic),DSL,No,Yes,0,54.53,2018.74,0
CUST_2016,Female,0,No,Yes,16,One-Year,Yes,Credit Card (automatic),DSL,No,No,1,47.33,789.57,0
CUST_2017,Male,0,Yes,No,35,One-Year,No,Electronic Check,DSL,No,No,0,43.2,1531.15,0
CUST_2018,Male,0,Yes,Yes,8,Month-to-Month,No,Bank Transfer (automatic),Fiber Optic,No,Yes,0,79.93,644.3,1
CUST_2019,Female,0,Yes,Yes,13,Month-to-Month,No,Electronic Check,Fiber Optic,Yes,Yes,0,96.82,1249.74,0
CUST_2020,Male,0,Yes,No,27,One-Year,Yes,Electronic Check,Fiber Optic,No,No,4,65.56,1731.99,0
CUST_2021,Female,0,No,No,5,Month-to-Month,Yes,Electronic Check,Fiber Optic,No,No,1,66.38,332.9,1
CUST_2022,Male,0,No,No,20,Month-to-Month,No,Credit Card (automatic),No,No internet service,No internet service,0,21.36,421.48,0
CUST_2023,Male,0,No,No,54,One-Year,No,Credit Card (automatic),Fiber Optic,Yes,No,4,78.5,4389.07,0
CUST_2024,Male,0,Yes,Yes,15,One-Year,No,Electronic Check,Fiber Optic,No,No,3,75.2,1074.85,1
CUST_2025,Male,0,No,No,34,Month-to-Month,No,Electronic Check,DSL,Yes,Yes,1,64.79,2209.49,0
CUST_2026,Female,0,No,No,69,Month-to-Month,Yes,Mailed Check,Fiber Optic,No,No,1,69.52,4958.33,0
CUST_2027,Female,1,No,No,59,One-Year,No,Bank Transfer (automatic),No,No internet service,No internet service,2,18.5,1039.94,0
CUST_2028,Male,0,No,No,45,Two-Year,No,Credit Card (automatic),DSL,No,Yes,0,62.85,2766.68,0
CUST_2029,Female,0,No,No,21,One-Year,Yes,Credit Card (automatic),Fiber Optic,No,No,0,65.77,1319.23,0
CUST_2030,Male,0,No,No,29,One-Year,Yes,Bank Transfer (automatic),No,No internet service,No internet service,2,27.67,810.05,0
CUST_2031,Female,0,No,No,52,Two-Year,Yes,Bank Transfer (automatic),DSL,No,No,4,45.33,2313.96,0
CUST_2032,Male,0,Yes,No,6,One-Year,No,Electronic Check,DSL,No,No,5,44.26,277.77,0
CUST_2033,Female,0,No,No,40,One-Year,Yes,Electronic Check,No,No internet service,No internet service,1,18.5,748.61,1
CUST_2034,Female,0,Yes,Yes,69,One-Year,Yes,Bank Transfer (automatic),No,No internet service,No internet service,1,26.66,1850.91,0
CUST_2035,Female,0,Yes,Yes,28,One-Year,Yes,Bank Transfer (automatic),Fiber Optic,Yes,No,1,84.03,2451.01,0
CUST_2036,Female,1,No,No,59,One-Year,Yes,Credit Card (automatic),Fiber Optic,No,Yes,2,77.12,4424.3,0
CUST_2037,Female,0,No,No,39,One-Year,Yes,Electronic Check,Fiber Optic,Yes,No,0,79.92,3136.28,0
CUST_2038,Female,0,Yes,Yes,57,Month-to-Month,No,Electronic Check,DSL,Yes,Yes,2,62.38,3570.87,0
CUST_2039,Female,0,Yes,No,32,Two-Year,No,Mailed Check,No,No internet service,No internet service,2,18.5,567.26,0
CUST_2040,Female,0,Yes,Yes,20,Month-to-Month,Yes,Credit Card (automatic),Fiber Optic,No,Yes,1,81.54,1701.26,1
CUST_2041,Female,0,No,No,18,Month-to-Month,No,Credit Card (automatic),Fiber Optic,Yes,No,2,88.55,1625.82,1
CUST_2042,Male,0,No,No,10,Month-to-Month,No,Electronic Check,DSL,No,No,1,54.97,571.03,0
CUST_2043,Female,0,No,Yes,59,One-Year,Yes,Credit Card (automatic),Fiber Optic,No,No,0,72.13,4461.02,0
CUST_2044,Male,0,No,No,43,Two-Year,Yes,Mailed Check,Fiber Optic,Yes,Yes,0,87.77,3766.43,0
CUST_2045,Female,0,Yes,No,7,Month-to-Month,Yes,Mailed Check,Fiber Optic,No,Yes,1,91.32,658.65,1
CUST_2046,Male,0,No,No,24,One-Year,Yes,Mailed Check,Fiber Optic,No,Yes,2,74.91,1811.78,0
CUST_2047,Female,0,Yes,No,30,Month-to-Month,No,Bank Transfer (automatic),No,No internet service,No internet service,3,23.44,736.75,0
CUST_2048,Male,0,No,No,60,Two-Year,No,Bank Transfer (automatic),No,No internet service,No internet service,4,20.26,1184.87,0
CUST_2049,Male,0,No,No,6,One-Year,Yes,Bank Transfer (automatic),Fiber Optic,No,No,0,74.93,427.72,0
CUST_2050,Male,0,No,Yes,9,Month-to-Month,No,Bank Transfer (automatic),No,No internet service,No internet service,1,18.5,161.27,0
CUST_2051,Female,0,Yes,No,6,One-Year,No,Electronic Check,Fiber Optic,No,Yes,1,86.14,497.61,0
CUST_2052,Male,0,Yes,No,68,Month-to-Month,No,Electronic Check,No,No internet service,No internet service,4,25.8,1743.34,0
CUST_2053,Male,0,Yes,Yes,47,Two-Year,Yes,Credit Card (automatic),Fiber Optic,No,Yes,1,83.64,3764.96,0
CUST_2054,Female,0,No,No,30,One-Year,No,Bank Transfer (automatic),DSL,No,No,0,45.05,1313.68,0
CUST_2055,Female,0,Yes,No,5,One-Year,Yes,Mailed Check,Fiber Optic,Yes,No,2,86.08,413.02,0
CUST_2056,Male,0,Yes,Yes,36,Two-Year,No,Electronic Check,Fiber Optic,Yes,Yes,0,99.37,3572.58,0
CUST_2057,Male,0,Yes,Yes,15,Month-to-Month,Yes,Electronic Check,No,No internet service,No internet service,1,18.5,271.03,0
CUST_2058,Male,0,No,Yes,70,Two-Year,No,Electronic Check,Fiber Optic,No,Yes,0,79.46,5546.07,0
CUST_2059,Female,0,Yes,No,46,Month-to-Month,Yes,Electronic Check,No,No internet service,No internet service,1,18.5,816.01,0
CUST_2060,Male,0,No,No,54,Two-Year,No,Mailed Check,Fiber Optic,No,No,4,61.01,3300.1,0
CUST_2061,Male,0,No,No,2,Month-to-Month,No,Credit Card (automatic),Fiber Optic,No,No,0,73.73,142.01,1
CUST_2062,Male,0,No,No,2,Month-to-Month,Yes,Electronic Check,No,No internet service,No internet service,1,19.97,38.34,0
CUST_2063,Male,0,Yes,Yes,18,Two-Year,Yes,Credit Card (automatic),DSL,No,Yes,0,55.86,986.38,0
CUST_2064,Female,0,Yes,No,59,Two-Year,No,Bank Transfer (automatic),Fiber Optic,Yes,No,0,80.23,4910.8,0
CUST_2065,Male,0,Yes,Yes,23,Two-Year,Yes,Electronic Check,Fiber Optic,No,Yes,2,83.75,1981.83,0
CUST_2066,Male,0,Yes,No,34,One-Year,Yes,Bank Transfer (automatic),DSL,Yes,No,0,54.35,1932.75,0
CUST_2067,Male,0,Yes,Yes,52,Two-Year,No,Electronic Check,Fiber Optic,No,No,0,73.59,3811.45,1
CUST_2068,Male,0,No,No,11,Month-to-Month,No,Bank Transfer (automatic),DSL,No,No,1,43.49,469.42,0
CUST_2069,Male,0,Yes,Yes,39,Month-to-Month,Yes,Electronic Check,DSL,No,No,3,40.41,1650.2,0
CUST_2070,Female,0,No,No,38,Two-Year,Yes,Mailed Check,DSL,No,No,0,47.42,1780.66,0
CUST_2071,Female,0,Yes,No,61,Two-Year,No,Bank Transfer (automatic),No,No internet service,No internet service,0,18.5,1073.1,0
CUST_2072,Female,0,No,No,22,One-Year,No,Electronic Check,DSL,Yes,Yes,3,68.72,1560.24,0
CUST_2073,Female,0,No,No,71,Two-Year,Yes,Electronic Check,Fiber Optic,No,Yes,1,85.74,5886.17,1
CUST_2074,Female,0,No,No,13,One-Year,Yes,Electronic Check,Fiber Optic,No,No,1,70.19,932.35,0
CUST_2075,Male,0,No,No,35,Month-to-Month,Yes,Mailed Check,DSL,No,Yes,1,57.43,1912.59,0
CUST_2076,Female,0,No,No,62,Two-Year,No,Credit Card (automatic),Fiber Optic,Yes,Yes,0,92.25,5497.01,0
CUST_2077,Female,0,No,No,50,One-Year,Yes,Electronic Check,Fiber Optic,No,Yes,1,82.67,4126.71,0
CUST_2078,Female,0,Yes,No,68,Two-Year,Yes,Mailed Check,No,No internet service,No internet service,0,18.5,1203.64,0
CUST_2079,Female,0,No,No,70,One-Year,Yes,Mailed Check,No,No internet service,No internet service,4,22.11,1607.85,0
CUST_2080,Male,0,Yes,No,21,One-Year,Yes,Electronic Check,DSL,No,Yes,0,55.66,1198.07,0
CUST_2081,Female,0,Yes,No,32,One-Year,No,Bank Transfer (automatic),DSL,No,Yes,3,56.25,1769.07,0
CUST_2082,Female,0,Yes,No,41,Two-Year,Yes,Electronic Check,Fiber Optic,No,Yes,0,77.97,3227.95,0
CUST_2083,Female,0,Yes,Yes,72,One-Year,Yes,Credit Card (automatic),DSL,Yes,No,1,59.07,4344.7,0
CUST_2084,Male,0,Yes,Yes,65,One-Year,Yes,Mailed Check,DSL,No,Yes,1,54.83,3654.97,0
CUST_2085,Male,0,Yes,Yes,42,Two-Year,Yes,Electronic Check,DSL,Yes,No,3,52.63,2187.4,0
CUST_2086,Male,0,Yes,Yes,10,One-Year,No,Bank Transfer (automatic),Fiber Optic,No,Yes,2,79.93,831.18,0
CUST_2087,Female,0,No,No,20,Month-to-Month,Yes,Bank Transfer (automatic),DSL,Yes,Yes,1,72.26,1509.05,0
CUST_2088,Male,0,Yes,No,59,Month-to-Month,No,Electronic Check,DSL,Yes,Yes,4,71.32,4079.84,0
CUST_2089,Male,0,No,No,66,Month-to-Month,Yes,Electronic Check,Fiber Optic,Yes,No,2,73.05,5019.57,0
CUST_2090,Female,0,Yes,No,32,Two-Year,Yes,Electronic Check,Fiber Optic,No,Yes,3,79.22,2588.96,0
CUST_2091,Male,0,No,No,13,One-Year,Yes,Mailed Check,DSL,No,Yes,1,62.75,847.41,1
CUST_2092,Female,0,No,No,1,Two-Year,No,Electronic Check,DSL,Yes,No,1,62.02,61.55,0
CUST_2093,Male,0,No,No,10,Month-to-Month,Yes,Bank Transfer (automatic),DSL,Yes,No,0,51.99,528.28,0
CUST_2094,Female,0,No,No,32,Month-to-Month,No,Bank Transfer (automatic),Fiber Optic,Yes,No,1,85.59,2666.4,1
CUST_2095,Female,0,Yes,No,71,Two-Year,Yes,Credit Card (automatic),Fiber Optic,No,No,2,64.25,4676.3,0
CUST_2096,Female,0,No,No,61,Month-to-Month,Yes,Bank Transfer (automatic),Fiber Optic,No,Yes,2,78.65,4836.86,0
CUST_2097,Female,0,No,No,51,One-Year,Yes,Bank Transfer (automatic),DSL,Yes,Yes,0,64.72,3294.43,0
CUST_2098,Male,0,No,No,59,One-Year,No,Bank Transfer (automatic),DSL,No,No,0,47.95,2883.56,0
CUST_2099,Male,0,No,No,13,Month-to-Month,Yes,Credit Card (automatic),No,No internet service,No internet service,0,20.13,263.06,0
CUST_2100,Male,0,Yes,Yes,50,One-Year,No,Electronic Check,DSL,No,Yes,1,59.03,3029.82,0
CUST_2101,Female,0,No,Yes,64,Month-to-Month,No,Electronic Check,No,No internet service,No internet service,0,18.5,1226.44,0
CUST_2102,Female,0,Yes,No,32,Month-to-Month,Yes,Electronic Check,Fiber Optic,No,Yes,1,85.53,2819.23,0
CUST_2103,Male,0,No,No,23,Month-to-Month,Yes,Mailed Check,Fiber Optic,Yes,No,4,88.54,1997.22,1
CUST_2104,Female,0,Yes,Yes,10,Month-to-Month,Yes,Electronic Check,Fiber Optic,Yes,No,2,82.96,869.1,0
CUST_2105,Male,0,No,No,17,Month-to-Month,Yes,Electronic Check,DSL,Yes,Yes,3,76.95,1327.74,0
CUST_2106,Female,0,Yes,No,55,One-Year,Yes,Mailed Check,Fiber Optic,Yes,No,1,85.48,4618.4,0
CUST_2107,Female,0,Yes,Yes,33,Month-to-Month,No,Credit Card (automatic),DSL,No,Yes,1,64.23,2022.64,0
CUST_2108,Male,0,No,No,5,Month-to-Month,No,Credit Card (automatic),Fiber Optic,Yes,Yes,2,93.08,488.12,0
CUST_2109,Male,0,No,Yes,20,One-Year,No,Bank Transfer (automatic),Fiber Optic,Yes,No,1,83.28,1682.09,0
CUST_2110,Male,0,No,No,38,Two-Year,No,Mailed Check,DSL,No,No,4,42.29,1563.24,0
CUST_2111,Female,0,Yes,No,26,One-Year,Yes,Credit Card (automatic),Fiber Optic,Yes,Yes,1,88.19,2290.9,0
CUST_2112,Female,0,Yes,No,38,One-Year,Yes,Credit Card (automatic),DSL,No,No,1,41.75,1570.24,0
CUST_2113,Male,0,No,No,3,Month-to-Month,Yes,Credit Card (automatic),No,No internet service,No internet service,1,21.14,66.28,1
CUST_2114,Male,0,No,No,4,Month-to-Month,Yes,Bank Transfer (automatic),Fiber Optic,No,No,1,64.96,259.65,1
CUST_2115,Male,0,No,No,32,Two-Year,Yes,Electronic Check,DSL,Yes,Yes,3,69.45,2218.99,0
CUST_2116,Female,0,Yes,No,37,Two-Year,Yes,Electronic Check,DSL,No,Yes,2,48.3,1839.75,0
CUST_2117,Female,0,No,No,37,Month-to-Month,No,Credit Card (automatic),DSL,No,No,1,43.68,1598.53,0
CUST_2118,Male,0,Yes,Yes,11,Month-to-Month,No,Electronic Check,Fiber Optic,No,No,1,71.04,757.72,0
CUST_2119,Female,0,No,No,12,Month-to-Month,Yes,Electronic Check,DSL,No,Yes,2,54.18,667.61,0
CUST_2120,Female,0,Yes,Yes,40,Month-to-Month,No,Mailed Check,Fiber Optic,No,Yes,1,80.75,3362.47,0
CUST_2121,Male,1,Yes,Yes,2,Month-to-Month,No,Electronic Check,Fiber Optic,No,No,0,69.92,133.49,1
CUST_2122,Male,0,No,No,1,Month-to-Month,Yes,Credit Card (automatic),Fiber Optic,No,No,2,68.44,70.9,1
CUST_2123,Female,0,No,No,11,Month-to-Month,Yes,Electronic Check,DSL,No,Yes,0,58.14,635.57,0
CUST_2124,Female,0,Yes,No,55,One-Year,No,Electronic Check,DSL,No,Yes,2,50.24,2704.93,0
CUST_2125,Male,0,Yes,Yes,56,One-Year,No,Credit Card (automatic),No,No internet service,No internet service,0,18.5,988.26,0
CUST_2126,Male,0,Yes,Yes,11,Month-to-Month,No,Electronic Check,DSL,No,No,3,40.9,436.65,0
CUST_2127,Male,0,No,No,35,One-Year,Yes,Credit Card (automatic),No,No internet service,No internet service,0,19.15,659.05,0
CUST_2128,Female,0,Yes,No,23,Month-to-Month,Yes,Mailed Check,DSL,No,No,0,52.23,1149.72,0
CUST_2129,Male,0,Yes,Yes,63,One-Year,Yes,Bank Transfer (automatic),Fiber Optic,No,No,1,72.32,4414.37,0
CUST_2130,Male,0,No,No,47,Two-Year,No,Electronic Check,DSL,No,Yes,0,50.14,2412.39,0
CUST_2131,Female,0,No,No,31,Month-to-Month,Yes,Mailed Check,DSL,No,Yes,1,57.84,1826.54,1
CUST_2132,Female,0,No,No,49,One-Year,Yes,Electronic Check,DSL,No,Yes,2,54.79,2757.15,0
CUST_2133,Male,0,No,No,16,Month-to-Month,Yes,Credit Card (automatic),DSL,Yes,No,2,55.18,853.33,0
CUST_2134,Male,0,No,No,25,One-Year,Yes,Electronic Check,DSL,No,No,1,42.09,1004.17,0
CUST_2135,Female,0,No,No,35,Month-to-Month,Yes,Electronic Check,Fiber Optic,No,Yes,2,80.88,2821.91,0
CUST_2136,Male,0,No,No,20,One-Year,No,Credit Card (automatic),DSL,Yes,Yes,2,61.85,1217.55,0
CUST_2137,Male,0,No,No,3,Month-to-Month,Yes,Mailed Check,Fiber Optic,Yes,Yes,2,93.51,288.29,1
CUST_2138,Female,0,Yes,No,56,Month-to-Month,Yes,Bank Transfer (automatic),Fiber Optic,No,Yes,1,83.26,4680.66,0
CUST_2139,Male,0,No,No,36,Two-Year,Yes,Bank Transfer (automatic),DSL,Yes,No,0,53.79,2019.94,0
CUST_2140,Female,0,Yes,No,8,Month-to-Month,Yes,Electronic Check,DSL,Yes,No,2,54.88,419.78,1
CUST_2141,Female,0,Yes,Yes,10,One-Year,Yes,Electronic Check,Fiber Optic,Yes,No,1,77.22,761.67,0
CUST_2142,Male,0,Yes,No,70,One-Year,Yes,Credit Card (automatic),DSL,Yes,No,1,55.38,3839.87,0
CUST_2143,Male,0,Yes,No,69,One-Year,No,Electronic Check,DSL,No,Yes,0,57.36,3809.77,0
CUST_2144,Female,0,No,No,2,Month-to-Month,Yes,Mailed Check,Fiber Optic,Yes,No,1,81.24,163.83,0
CUST_2145,Female,0,No,No,64,One-Year,Yes,Bank Transfer (automatic),DSL,No,Yes,3,59.62,3640.24,0
CUST_2146,Female,0,No,No,3,Month-to-Month,Yes,Electronic Check,Fiber Optic,Yes,No,1,85.82,262.94,0
CUST_2147,Female,0,No,Yes,64,One-Year,Yes,Bank Transfer (automatic),DSL,No,No,2,42.64,2602.73,0
CUST_2148,Male,0,No,No,17,Month-to-Month,Yes,Mailed Check,Fiber Optic,No,Yes,1,81.07,1429.66,0
CUST_2149,Female,0,Yes,Yes,45,One-Year,No,Credit Card (automatic),DSL,No,No,1,40.58,1746.67,0
CUST_2150,Male,0,No,No,41,Two-Year,No,Electronic Check,No,No internet service,No internet service,2,18.5,755.19,0
CUST_2151,Male,0,No,No,59,Two-Year,No,Electronic Check,DSL,No,No,0,45.21,2575.47,0
CUST_2152,Male,0,Yes,Yes,1,One-Year,Yes,Credit Card (automatic),DSL,Yes,Yes,1,72.01,69.37,0
CUST_2153,Male,0,No,No,35,Two-Year,Yes,Electronic Check,Fiber Optic,Yes,No,1,81.61,2919.54,0
CUST_2154,Female,0,Yes,Yes,12,Month-to-Month,No,Mailed Check,Fiber Optic,No,Yes,1,83.23,1026.15,0
CUST_2155,Male,0,Yes,Yes,27,Month-to-Month,Yes,Credit Card (automatic),DSL,No,No,1,39.65,1096.16,0
CUST_2156,Male,0,Yes,Yes,47,One-Year,Yes,Bank Transfer (automatic),Fiber Optic,Yes,No,0,82.97,3862.15,0
CUST_2157,Male,0,Yes,No,41,Two-Year,No,Mailed Check,No,No internet service,No internet service,0,18.5,795.73,0
CUST_2158,Female,0,No,No,48,One-Year,Yes,Electronic Check,Fiber Optic,No,Yes,1,88.28,4169.63,0
CUST_2159,Female,0,No,No,58,One-Year,No,Credit Card (automatic),Fiber Optic,No,No,0,77.26,4366.94,0
CUST_2160,Male,0,Yes,Yes,31,Month-to-Month,Yes,Electronic Check,DSL,Yes,No,1,63.17,2055.5,0
CUST_2161,Male,0,No,No,58,One-Year,Yes,Credit Card (automatic),DSL,Yes,No,2,53.32,3240.16,0
CUST_2162,Male,0,No,No,10,Month-to-Month,No,Electronic Check,Fiber Optic,Yes,No,1,84.63,854.07,0
CUST_2163,Female,0,Yes,Yes,68,One-Year,Yes,Credit Card (automatic),No,No internet service,No internet service,1,18.5,1221.4,0
CUST_2164,Female,0,Yes,No,46,Two-Year,Yes,Mailed Check,DSL,No,Yes,2,61.28,2745.17,0
CUST_2165,Female,0,No,No,53,Month-to-Month,Yes,Electronic Check,No,No internet service,No internet service,3,19.86,1054.78,0
CUST_2166,Female,0,No,No,50,Two-Year,Yes,Mailed Check,DSL,Yes,No,2,49.71,2554.13,0
CUST_2167,Male,0,No,No,24,Month-to-Month,Yes,Electronic Check,DSL,No,Yes,3,59.4,1365.36,0
CUST_2168,Female,0,Yes,No,38,Two-Year,Yes,Electronic Check,Fiber Optic,No,No,1,68.62,2656.5,0
CUST_2169,Female,0,No,Yes,30,One-Year,No,Electronic Check,DSL,Yes,No,0,55.6,1601.8,0
CUST_2170,Male,0,Yes,Yes,68,Two-Year,No,Credit Card (automatic),DSL,No,No,4,47.11,3313.72,0
CUST_2171,Male,0,Yes,Yes,43,Month-to-Month,No,Electronic Check,Fiber Optic,Yes,Yes,3,97.99,4227.1,0
CUST_2172,Female,0,No,No,38,Two-Year,No,Credit Card (automatic),Fiber Optic,Yes,No,3,83.07,3311.24,0
CUST_2173,Female,0,Yes,Yes,39,Two-Year,Yes,Electronic Check,DSL,Yes,Yes,0,59.8,2391.2,0
CUST_2174,Male,0,Yes,Yes,17,Month-to-Month,Yes,Bank Transfer (automatic),Fiber Optic,No,Yes,0,83.06,1411.63,1
CUST_2175,Female,0,Yes,No,12,Month-to-Month,Yes,Credit Card (automatic),Fiber Optic,Yes,No,0,77.85,900.68,1
CUST_2176,Female,1,Yes,No,58,One-Year,No,Credit Card (automatic),Fiber Optic,Yes,No,0,83.91,4887.41,0
CUST_2177,Male,0,No,No,68,Month-to-Month,Yes,Electronic Check,Fiber Optic,No,No,0,71.29,4660.81,1
CUST_2178,Male,0,No,No,54,Month-to-Month,Yes,Bank Transfer (automatic),DSL,Yes,No,1,55.69,3129.1,0
CUST_2179,Male,1,Yes,No,51,Two-Year,No,Electronic Check,Fiber Optic,Yes,No,2,81.4,4039.34,0
CUST_2180,Female,0,Yes,No,8,Month-to-Month,Yes,Mailed Check,Fiber Optic,Yes,No,1,74.58,618.44,0
CUST_2181,Male,0,Yes,Yes,19,One-Year,Yes,Bank Transfer (automatic),Fiber Optic,No,No,0,76.19,1419.22,0
CUST_2182,Male,0,No,No,42,Two-Year,Yes,Mailed Check,DSL,No,No,4,46.01,1878.68,0
CUST_2183,Female,0,Yes,Yes,12,One-Year,Yes,Electronic Check,DSL,Yes,No,3,57.71,678.96,1
CUST_2184,Female,0,No,No,70,Month-to-Month,Yes,Electronic Check,Fiber Optic,No,Yes,1,82.9,5923.44,0
CUST_2185,Male,0,Yes,No,35,One-Year,Yes,Electronic Check,DSL,Yes,Yes,0,61.46,2156.52,0
CUST_2186,Male,0,Yes,Yes,54,One-Year,Yes,Electronic Check,Fiber Optic,No,Yes,1,85.59,4440.44,0
CUST_2187,Male,0,No,No,67,One-Year,Yes,Credit Card (automatic),DSL,No,No,2,43.04,2779.02,0
CUST_2188,Female,0,No,No,1,Month-to-Month,Yes,Electronic Check,Fiber Optic,Yes,No,0,82.11,81.11,0
CUST_2189,Female,0,Yes,No,4,One-Year,No,Bank Transfer (automatic),No,No internet service,No internet service,4,18.5,72.81,0
CUST_2190,Male,0,No,No,20,One-Year,Yes,Credit Card (automatic),Fiber Optic,Yes,Yes,0,88.74,1837.23,0
CUST_2191,Female,0,No,No,3,Month-to-Month,No,Bank Transfer (automatic),DSL,Yes,Yes,0,66.46,200.82,1
CUST_2192,Female,0,No,No,12,Month-to-Month,No,Bank Transfer (automatic),Fiber Optic,No,Yes,2,80.87,940.04,1
CUST_2193,Female,1,No,No,1,Month-to-Month,Yes,Bank Transfer (automatic),Fiber Optic,No,No,0,69.58,66.3,0
CUST_2194,Female,0,No,No,3,Two-Year,Yes,Mailed Check,DSL,Yes,No,3,54.61,157.32,0
CUST_2195,Male,0,No,No,24,Two-Year,Yes,Mailed Check,DSL,No,No,3,44.2,1082.06,0
CUST_2196,Male,0,Yes,Yes,42,One-Year,No,Credit Card (automatic),Fiber Optic,Yes,Yes,0,92.41,4015.94,0
CUST_2197,Female,0,No,No,22,Month-to-Month,Yes,Credit Card (automatic),DSL,No,Yes,0,51.14,1156.87,0
CUST_2198,Female,0,Yes,No,48,One-Year,Yes,Bank Transfer (automatic),Fiber Optic,Yes,No,2,81.49,4024.91,0
CUST_2199,Female,0,Yes,No,21,Month-to-Month,Yes,Electronic Check,No,No internet service,No internet service,0,19.49,399.51,1
CUST_2200,Male,0,Yes,No,9,Month-to-Month,Yes,Mailed Check,No,No internet service,No internet service,1,18.5,174.64,0
CUST_2201,Female,1,Yes,No,24,One-Year,Yes,Mailed Check,Fiber Optic,Yes,No,3,85.34,1963.45,0
CUST_2202,Female,0,No,No,53,One-Year,No,Bank Transfer (automatic),DSL,No,No,0,44.59,2439.15,0
CUST_2203,Male,0,No,No,38,Two-Year,Yes,Bank Transfer (automatic),Fiber Optic,No,Yes,1,83.18,3033.4,0
CUST_2204,Male,0,No,No,60,One-Year,Yes,Mailed Check,DSL,No,No,2,41.18,2413.36,0
CUST_2205,Female,0,Yes,No,37,Two-Year,No,Bank Transfer (automatic),DSL,Yes,Yes,1,65.93,2438.29,0
CUST_2206,Female,0,Yes,No,23,One-Year,No,Electronic Check,DSL,No,Yes,2,55.53,1220.14,1
CUST_2207,Male,0,No,No,14,One-Year,Yes,Credit Card (automatic),Fiber Optic,No,No,2,64.79,897.46,0
CUST_2208,Female,0,Yes,No,53,Two-Year,Yes,Electronic Check,No,No internet service,No internet service,1,18.5,965.8,0
CUST_2209,Male,0,No,No,64,One-Year,Yes,Bank Transfer (automatic),No,No internet service,No internet service,3,25.11,1630.69,0
CUST_2210,Male,0,No,No,4,Month-to-Month,Yes,Electronic Check,DSL,Yes,Yes,0,66.38,271.31,0
CUST_2211,Female,0,No,No,54,Month-to-Month,Yes,Electronic Check,Fiber Optic,No,No,3,69.11,3579.12,1
CUST_2212,Female,0,No,No,18,Month-to-Month,Yes,Electronic Check,Fiber Optic,No,Yes,1,82.85,1422.41,0
CUST_2213,Female,0,No,No,9,Month-to-Month,Yes,Credit Card (automatic),DSL,Yes,Yes,0,67.86,627.59,0
CUST_2214,Female,0,Yes,No,48,Two-Year,No,Bank Transfer (automatic),No,No internet service,No internet service,1,18.5,890.49,0
CUST_2215,Male,0,No,No,16,Month-to-Month,Yes,Mailed Check,No,No internet service,No internet service,2,23.88,383.4,1
CUST_2216,Female,0,Yes,Yes,36,Month-to-Month,Yes,Credit Card (automatic),Fiber Optic,Yes,No,0,79.82,3011.65,0
CUST_2217,Male,0,Yes,Yes,23,One-Year,No,Bank Transfer (automatic),DSL,No,Yes,1,59.28,1354.95,0
CUST_2218,Male,0,Yes,No,32,One-Year,No,Bank Transfer (automatic),DSL,No,No,2,50.58,1569.39,0
CUST_2219,Male,1,No,No,40,One-Year,Yes,Mailed Check,Fiber Optic,No,Yes,2,76.75,3125.46,0
CUST_2220,Male,0,Yes,No,61,One-Year,Yes,Electronic Check,Fiber Optic,Yes,No,3,85.22,5362.52,0
CUST_2221,Male,0,Yes,Yes,40,Month-to-Month,No,Electronic Check,Fiber Optic,Yes,Yes,1,94.39,3776.49,0
CUST_2222,Male,0,Yes,Yes,69,One-Year,Yes,Electronic Check,DSL,Yes,Yes,0,65.35,4595.64,0
CUST_2223,Male,0,No,No,25,Two-Year,No,Bank Transfer (automatic),No,No internet service,No internet service,0,21.7,543.26,0
CUST_2224,Male,0,No,No,55,Month-to-Month,No,Electronic Check,No,No internet service,No internet service,1,20.42,1112.69,0
CUST_2225,Female,0,No,No,35,One-Year,Yes,Mailed Check,DSL,No,No,0,42.55,1419.89,0
CUST_2226,Male,0,No,No,31,Two-Year,No,Mailed Check,Fiber Optic,Yes,Yes,0,101.61,3047.14,0
CUST_2227,Male,0,Yes,No,10,Month-to-Month,No,Electronic Check,DSL,No,Yes,1,58.53,584.12,1
CUST_2228,Female,0,Yes,No,51,One-Year,No,Credit Card (automatic),No,No internet service,No internet service,1,18.5,933.74,0
CUST_2229,Female,0,No,No,18,One-Year,Yes,Credit Card (automatic),DSL,No,No,4,46.32,862.35,0
CUST_2230,Female,0,Yes,No,13,One-Year,No,Electronic Check,Fiber Optic,Yes,Yes,1,93.27,1165.03,0
CUST_2231,Male,0,Yes,Yes,45,One-Year,Yes,Credit Card (automatic),No,No internet service,No internet service,1,18.5,795.05,0
CUST_2232,Female,0,Yes,Yes,27,Two-Year,No,Mailed Check,No,No internet service,No internet service,1,19.07,493.63,0
CUST_2233,Male,0,No,No,51,One-Year,Yes,Credit Card (automatic),No,No internet service,No internet service,2,21.55,1118.62,0
CUST_2234,Male,0,Yes,No,56,Two-Year,Yes,Electronic Check,No,No internet service,No internet service,4,18.5,1045.79,0
CUST_2235,Male,0,No,No,26,Two-Year,Yes,Electronic Check,Fiber Optic,No,Yes,2,76.41,2012.93,0
CUST_2236,Female,0,Yes,Yes,36,One-Year,Yes,Credit Card (automatic),No,No internet service,No internet service,1,18.5,643.15,0
CUST_2237,Male,0,No,Yes,37,Two-Year,Yes,Credit Card (automatic),DSL,Yes,No,1,51.7,1916.03,0
CUST_2238,Male,0,Yes,Yes,70,Two-Year,Yes,Mailed Check,Fiber Optic,Yes,No,1,84.14,6047.45,0
CUST_2239,Male,0,Yes,No,57,Two-Year,Yes,Credit Card (automatic),DSL,Yes,No,0,58.63,3403.36,0
CUST_2240,Female,0,Yes,No,6,One-Year,Yes,Bank Transfer (automatic),DSL,No,No,1,41.32,246.4,0
CUST_2241,Female,0,No,No,35,Month-to-Month,No,Electronic Check,Fiber Optic,No,No,1,69.14,2323.95,1
CUST_2242,Male,0,Yes,No,18,One-Year,No,Electronic Check,No,No internet service,No internet service,3,18.5,345.34,0
CUST_2243,Female,1,No,No,10,Month-to-Month,Yes,Electronic Check,Fiber Optic,No,Yes,2,79.41,796.18,1
CUST_2244,Female,0,No,No,59,Two-Year,Yes,Credit Card (automatic),No,No internet service,No internet service,2,18.5,1134.03,0
CUST_2245,Female,0,No,No,66,Two-Year,Yes,Credit Card (automatic),Fiber Optic,No,Yes,0,83.2,5457.54,0
CUST_2246,Male,0,Yes,No,67,Month-to-Month,Yes,Bank Transfer (automatic),Fiber Optic,No,Yes,2,86.71,5656.79,0
CUST_2247,Female,0,Yes,No,20,Month-to-Month,No,Bank Transfer (automatic),Fiber Optic,No,Yes,1,77.62,1522.5,1
CUST_2248,Male,0,Yes,No,56,Two-Year,No,Bank Transfer (automatic),DSL,No,Yes,1,53.69,2982.03,0
CUST_2249,Female,0,No,No,50,Two-Year,Yes,Electronic Check,Fiber Optic,No,No,1,71.09,3595.1,0
CUST_2250,Male,0,No,No,66,One-Year,No,Electronic Check,No,No internet service,No internet service,3,18.5,1253.83,0
CUST_2251,Male,0,No,No,11,Month-to-Month,No,Mailed Check,DSL,No,No,0,41.34,443.04,0
CUST_2252,Male,0,No,No,11,Month-to-Month,Yes,Bank Transfer (automatic),DSL,No,No,0,48.43,516.09,0
CUST_2253,Female,0,Yes,Yes,72,Two-Year,Yes,Credit Card (automatic),Fiber Optic,No,Yes,0,86.89,6070.06,0
CUST_2254,Male,0,Yes,No,36,Two-Year,Yes,Electronic Check,DSL,No,Yes,0,53.28,2001.42,0
CUST_2255,Female,0,No,No,27,Month-to-Month,Yes,Mailed Check,No,No internet service,No internet service,2,18.5,482.71,0
CUST_2256,Male,0,Yes,Yes,57,Two-Year,Yes,Bank Transfer (automatic),Fiber Optic,Yes,No,0,84.68,4752.3,0
CUST_2257,Female,0,Yes,No,16,One-Year,Yes,Electronic Check,Fiber Optic,Yes,No,2,85.83,1371.34,1
CUST_2258,Female,0,No,No,50,Two-Year,Yes,Mailed Check,DSL,Yes,Yes,3,67.78,3408.05,0
CUST_2259,Female,0,Yes,No,41,Two-Year,Yes,Electronic Check,No,No internet service,No internet service,0,18.5,785.66,0
CUST_2260,Female,0,No,No,6,Month-to-Month,Yes,Bank Transfer (automatic),DSL,Yes,Yes,1,71.01,409.57,1
CUST_2261,Female,0,No,Yes,54,Two-Year,Yes,Credit Card (automatic),Fiber Optic,Yes,No,1,83.27,4320.32,0
CUST_2262,Male,0,No,No,30,One-Year,Yes,Electronic Check,DSL,Yes,No,1,56.69,1669.48,0
CUST_2263,Female,0,Yes,Yes,67,One-Year,Yes,Credit Card (automatic),No,No internet service,No internet service,1,27.18,1805.25,0
CUST_2264,Male,0,Yes,Yes,52,Two-Year,Yes,Electronic Check,Fiber Optic,No,Yes,2,82.83,4252.79,0
CUST_2265,Female,0,No,No,22,Two-Year,No,Electronic Check,Fiber Optic,Yes,Yes,1,89.29,1943.15,0
CUST_2266,Female,0,Yes,No,2,Month-to-Month,No,Mailed Check,Fiber Optic,No,No,2,71.52,148.07,1
CUST_2267,Male,0,Yes,No,18,One-Year,Yes,Credit Card (automatic),Fiber Optic,No,No,3,67.1,1248.46,0
CUST_2268,Male,0,Yes,No,9,Month-to-Month,Yes,Electronic Check,Fiber Optic,No,No,0,69.17,641.55,0
CUST_2269,Male,0,Yes,No,2,Month-to-Month,No,Electronic Check,Fiber Optic,No,No,1,72.91,149.54,1
CUST_2270,Female,0,Yes,Yes,70,One-Year,No,Bank Transfer (automatic),DSL,No,No,0,48.29,3224.94,0
CUST_2271,Female,0,No,No,9,Month-to-Month,Yes,Mailed Check,Fiber Optic,No,No,0,58.05,504.13,0
CUST_2272,Female,0,Yes,Yes,16,One-Year,No,Electronic Check,Fiber Optic,Yes,No,2,79.57,1302.68,1
CUST_2273,Female,0,Yes,No,4,Month-to-Month,Yes,Electronic Check,No,No internet service,No internet service,1,18.5,74.7,1
CUST_2274,Female,0,No,No,61,Two-Year,Yes,Credit Card (automatic),Fiber Optic,No,No,0,69.83,4333.72,0
CUST_2275,Male,0,No,No,27,One-Year,No,Credit Card (automatic),Fiber Optic,No,Yes,1,78.32,2160.51,0
CUST_2276,Male,0,Yes,Yes,37,One-Year,Yes,Electronic Check,Fiber Optic,No,Yes,0,80.7,3108.73,0
CUST_2277,Female,0,Yes,No,64,One-Year,No,Bank Transfer (automatic),DSL,Yes,No,0,56.53,3666.81,0
CUST_2278,Female,0,No,Yes,13,Month-to-Month,Yes,Electronic Check,DSL,Yes,No,1,50.14,637.19,0
CUST_2279,Female,0,No,No,47,Two-Year,Yes,Bank Transfer (automatic),DSL,Yes,No,0,56.16,2529.46,0
CUST_2280,Male,0,No,No,2,Month-to-Month,Yes,Electronic Check,DSL,Yes,Yes,1,72.74,144.49,0
CUST_2281,Male,0,No,No,19,One-Year,No,Electronic Check,No,No internet service,No internet service,2,18.5,358.88,0
CUST_2282,Male,0,Yes,No,2,Month-to-Month,Yes,Credit Card (automatic),DSL,No,Yes,1,57.44,112.37,1
CUST_2283,Male,0,No,No,56,One-Year,No,Electronic Check,Fiber Optic,No,No,0,70.21,3782.38,0
CUST_2284,Male,0,Yes,Yes,61,One-Year,No,Electronic Check,Fiber Optic,Yes,No,2,74.65,4780.76,0
CUST_2285,Female,0,No,Yes,52,Month-to-Month,Yes,Credit Card (automatic),DSL,Yes,Yes,0,67.49,3481.01,0
CUST_2286,Male,0,No,No,66,One-Year,Yes,Credit Card (automatic),No,No internet service,No internet service,1,19.56,1254.34,0
CUST_2287,Female,0,No,No,2,Month-to-Month,Yes,Electronic Check,Fiber Optic,Yes,No,2,86.91,167.99,0
CUST_2288,Male,0,Yes,Yes,38,Two-Year,No,Bank Transfer (automatic),Fiber Optic,No,Yes,2,80.45,3168.01,0
CUST_2289,Female,0,Yes,No,65,One-Year,No,Bank Transfer (automatic),No,No internet service,No internet service,0,21.42,1436.8,0
CUST_2290,Male,0,No,No,59,Month-to-Month,Yes,Mailed Check,Fiber Optic,Yes,No,0,79.1,4719.79,0
CUST_2291,Male,0,No,No,20,Month-to-Month,Yes,Credit Card (automatic),DSL,Yes,No,1,58.13,1168.09,0
CUST_2292,Male,0,No,No,69,Two-Year,Yes,Bank Transfer (automatic),Fiber Optic,No,No,1,73.43,5295.4,0
CUST_2293,Female,0,Yes,Yes,34,Month-to-Month,Yes,Credit Card (automatic),Fiber Optic,No,No,2,63.3,2093.72,0
CUST_2294,Female,0,Yes,Yes,7,Month-to-Month,Yes,Electronic Check,DSL,No,No,1,45.49,315.74,0
CUST_2295,Male,0,No,No,68,Two-Year,No,Mailed Check,DSL,No,Yes,0,59.07,3825.83,0
CUST_2296,Male,0,Yes,Yes,59,Month-to-Month,No,Mailed Check,Fiber Optic,No,No,2,69.41,4061.85,0
CUST_2297,Female,0,No,No,66,One-Year,No,Electronic Check,DSL,No,Yes,1,57.9,3777.15,0
CUST_2298,Male,0,Yes,No,48,One-Year,Yes,Electronic Check,Fiber Optic,No,Yes,0,84.97,4261.89,0
CUST_2299,Male,0,No,No,46,Two-Year,Yes,Electronic Check,DSL,Yes,Yes,0,63.48,2878.68,0
CUST_2300,Female,0,No,No,47,One-Year,Yes,Electronic Check,Fiber Optic,Yes,Yes,0,95.5,4638.77,1
CUST_2301,Female,0,No,No,72,One-Year,Yes,Electronic Check,DSL,No,No,2,49.71,3674.54,0
CUST_2302,Male,0,Yes,No,27,Two-Year,Yes,Electronic Check,DSL,No,Yes,1,55.25,1439.13,0
CUST_2303,Male,0,No,No,31,Month-to-Month,Yes,Electronic Check,Fiber Optic,No,Yes,0,79.43,2576.27,1
CUST_2304,Female,0,Yes,No,16,One-Year,No,Mailed Check,Fiber Optic,Yes,Yes,2,91.42,1481.88,0
CUST_2305,Male,1,No,Yes,17,Month-to-Month,Yes,Mailed Check,No,No internet service,No internet service,3,21.15,363.02,0
CUST_2306,Male,1,Yes,Yes,59,Month-to-Month,No,Electronic Check,Fiber Optic,No,No,1,75.66,4245.97,0
CUST_2307,Female,0,Yes,No,32,One-Year,Yes,Credit Card (automatic),DSL,No,No,0,53.28,1738.92,0
CUST_2308,Female,0,Yes,No,58,Two-Year,Yes,Bank Transfer (automatic),Fiber Optic,No,Yes,1,88.28,4892.71,0
CUST_2309,Male,0,Yes,Yes,3,Month-to-Month,Yes,Credit Card (automatic),No,No internet service,No internet service,1,18.62,54.1,0
CUST_2310,Female,0,No,No,70,Two-Year,Yes,Credit Card (automatic),No,No internet service,No internet service,1,18.5,1243.02,0
CUST_2311,Female,0,Yes,No,69,Two-Year,No,Electronic Check,Fiber Optic,No,No,1,63.84,4351.31,0
CUST_2312,Male,1,No,No,7,Month-to-Month,Yes,Mailed Check,DSL,No,Yes,0,58.78,423.63,0
CUST_2313,Female,0,No,No,18,One-Year,No,Mailed Check,No,No internet service,No internet service,3,31.75,583.35,0
CUST_2314,Male,0,Yes,Yes,69,One-Year,Yes,Mailed Check,Fiber Optic,Yes,No,2,82.83,5490.49,0
CUST_2315,Male,0,No,No,69,One-Year,Yes,Electronic Check,Fiber Optic,No,No,2,71.37,5071.51,0
CUST_2316,Female,0,Yes,Yes,42,One-Year,Yes,Credit Card (automatic),Fiber Optic,No,No,1,69.83,2921.38,0
CUST_2317,Male,0,Yes,Yes,51,Two-Year,No,Electronic Check,Fiber Optic,No,No,4,72.22,3511.08,0
CUST_2318,Male,0,Yes,Yes,5,Month-to-Month,Yes,Credit Card (automatic),DSL,No,Yes,2,54.51,265.02,0
CUST_2319,Male,0,No,No,46,Two-Year,No,Credit Card (automatic),DSL,No,No,1,46.3,2190.54,0
CUST_2320,Male,0,Yes,No,55,Month-to-Month,Yes,Bank Transfer (automatic),DSL,Yes,No,1,55.8,3140.6,0
CUST_2321,Female,0,No,Yes,2,Month-to-Month,Yes,Electronic Check,Fiber Optic,Yes,No,0,83.91,162.59,0
CUST_2322,Female,0,No,No,33,One-Year,Yes,Mailed Check,DSL,Yes,No,1,56.95,1792.52,0
CUST_2323,Female,0,No,No,37,Two-Year,Yes,Electronic Check,DSL,Yes,No,1,59.08,2141.19,0
CUST_2324,Male,0,Yes,No,13,Month-to-Month,Yes,Electronic Check,DSL,Yes,Yes,1,65.35,874.61,0
CUST_2325,Male,0,No,No,12,Month-to-Month,No,Credit Card (automatic),No,No internet service,No internet service,2,24.36,305.14,0
CUST_2326,Male,0,No,No,26,Two-Year,Yes,Mailed Check,Fiber Optic,No,Yes,3,85.89,2249.42,0
CUST_2327,Male,0,No,No,24,Month-to-Month,Yes,Mailed Check,DSL,No,No,3,43.8,1008.22,0
CUST_2328,Male,0,No,No,40,Two-Year,Yes,Credit Card (automatic),DSL,Yes,Yes,1,66.74,2670.16,0
CUST_2329,Female,0,No,No,23,One-Year,Yes,Electronic Check,Fiber Optic,Yes,No,1,76.95,1858.13,0
CUST_2330,Female,0,Yes,No,71,Two-Year,Yes,Bank Transfer (automatic),Fiber Optic,No,No,2,65.34,4842.64,0
CUST_2331,Female,0,Yes,Yes,54,Two-Year,Yes,Bank Transfer (automatic),Fiber Optic,No,No,2,68.43,3877.47,0
CUST_2332,Male,0,Yes,No,30,One-Year,No,Mailed Check,No,No internet service,No internet service,0,20.62,630.94,0
CUST_2333,Female,0,Yes,No,41,One-Year,Yes,Credit Card (automatic),DSL,No,Yes,0,57.81,2352.69,0
CUST_2334,Male,0,Yes,Yes,47,One-Year,No,Credit Card (automatic),DSL,No,No,0,51.97,2538.62,0
CUST_2335,Male,0,Yes,No,40,One-Year,Yes,Mailed Check,Fiber Optic,Yes,No,0,79.95,3324.38,0
CUST_2336,Female,0,Yes,No,57,Month-to-Month,Yes,Mailed Check,No,No internet service,No internet service,1,18.5,1017.0,0
CUST_2337,Female,0,No,No,18,Two-Year,Yes,Mailed Check,Fiber Optic,Yes,No,0,81.63,1509.8,0
CUST_2338,Male,0,Yes,No,21,Month-to-Month,No,Bank Transfer (automatic),DSL,No,Yes,3,53.34,1167.11,0
CUST_2339,Male,0,No,No,12,One-Year,No,Bank Transfer (automatic),DSL,Yes,Yes,2,75.12,937.36,0
CUST_2340,Male,0,No,No,30,One-Year,Yes,Electronic Check,Fiber Optic,No,No,1,77.17,2362.98,1
CUST_2341,Female,0,No,No,69,Two-Year,Yes,Electronic Check,DSL,No,Yes,2,60.17,4167.24,0
CUST_2342,Male,0,No,No,60,One-Year,No,Credit Card (automatic),Fiber Optic,No,Yes,1,85.72,5285.54,1
CUST_2343,Female,0,Yes,No,20,One-Year,No,Electronic Check,Fiber Optic,No,Yes,2,81.35,1629.63,0
CUST_2344,Male,0,Yes,No,20,Month-to-Month,No,Bank Transfer (automatic),DSL,No,No,0,47.69,936.75,1
CUST_2345,Male,0,Yes,No,7,Month-to-Month,Yes,Credit Card (automatic),Fiber Optic,Yes,No,0,86.99,594.25,0
CUST_2346,Male,0,Yes,Yes,22,Month-to-Month,Yes,Electronic Check,Fiber Optic,No,Yes,2,80.71,1782.84,0
CUST_2347,Female,0,No,No,59,Two-Year,No,Bank Transfer (automatic),Fiber Optic,No,No,0,75.73,4448.39,0
CUST_2348,Male,0,No,No,15,Month-to-Month,Yes,Electronic Check,Fiber Optic,Yes,Yes,2,93.9,1411.95,0
CUST_2349,Female,0,Yes,Yes,4,Month-to-Month,Yes,Credit Card (automatic),Fiber Optic,Yes,No,1,81.61,318.63,0
CUST_2350,Female,0,Yes,Yes,54,One-Year,Yes,Electronic Check,DSL,Yes,Yes,1,65.49,3568.49,0
CUST_2351,Female,0,Yes,No,70,Two-Year,Yes,Mailed Check,Fiber Optic,Yes,Yes,1,94.88,6749.24,0
CUST_2352,Female,0,Yes,Yes,70,Two-Year,No,Bank Transfer (automatic),No,No internet service,No internet service,2,24.48,1766.18,0
CUST_2353,Female,0,No,No,66,Month-to-Month,No,Credit Card (automatic),DSL,Yes,No,2,47.96,3193.84,0
CUST_2354,Female,0,Yes,No,15,Month-to-Month,Yes,Electronic Check,Fiber Optic,Yes,No,1,83.37,1282.57,1
CUST_2355,Female,0,No,No,22,Month-to-Month,Yes,Mailed Check,No,No internet service,No internet service,0,22.9,487.14,1
CUST_2356,Male,0,Yes,Yes,69,One-Year,No,Electronic Check,Fiber Optic,No,No,0,70.48,4678.84,0
CUST_2357,Male,0,Yes,No,68,One-Year,Yes,Electronic Check,Fiber Optic,No,No,1,62.13,4089.49,0
CUST_2358,Male,0,No,No,33,Month-to-Month,Yes,Credit Card (automatic),Fiber Optic,No,Yes,3,76.56,2613.96,1
CUST_2359,Male,0,No,No,25,One-Year,Yes,Electronic Check,Fiber Optic,Yes,Yes,3,93.68,2355.15,0
CUST_2360,Male,0,No,No,16,Month-to-Month,Yes,Bank Transfer (automatic),No,No internet service,No internet service,0,18.5,294.68,0
CUST_2361,Female,0,No,No,38,Two-Year,Yes,Credit Card (automatic),Fiber Optic,Yes,No,4,92.74,3616.51,0
CUST_2362,Male,0,Yes,No,70,One-Year,Yes,Credit Card (automatic),No,No internet service,No internet service,4,25.19,1697.01,0
CUST_2363,Male,0,Yes,No,69,Two-Year,Yes,Bank Transfer (automatic),DSL,Yes,Yes,3,64.85,4253.7,0
CUST_2364,Female,0,No,No,58,Two-Year,No,Electronic Check,Fiber Optic,No,No,1,73.49,4181.85,0
CUST_2365,Male,0,No,No,44,One-Year,No,Mailed Check,No,No internet service,No internet service,2,22.68,972.86,0
CUST_2366,Male,0,No,No,26,Month-to-Month,No,Credit Card (automatic),No,No internet service,No internet service,1,18.55,473.01,0
CUST_2367,Male,0,Yes,No,23,Month-to-Month,Yes,Credit Card (automatic),No,No internet service,No internet service,2,23.93,576.45,1
CUST_2368,Male,0,No,Yes,21,Month-to-Month,Yes,Mailed Check,DSL,No,Yes,3,48.65,1028.57,1
CUST_2369,Male,0,Yes,No,72,One-Year,No,Credit Card (automatic),Fiber Optic,No,Yes,1,80.63,5857.09,0
CUST_2370,Female,0,No,Yes,66,One-Year,No,Credit Card (automatic),Fiber Optic,No,No,3,67.91,4551.83,0
CUST_2371,Female,0,No,No,47,Month-to-Month,Yes,Credit Card (automatic),DSL,No,No,3,52.19,2427.84,0
CUST_2372,Male,0,Yes,Yes,4,Month-to-Month,Yes,Bank Transfer (automatic),Fiber Optic,Yes,No,2,78.16,327.61,1
CUST_2373,Male,0,No,Yes,21,Month-to-Month,Yes,Credit Card (automatic),DSL,No,No,2,47.74,1049.99,0
CUST_2374,Male,0,Yes,Yes,71,Month-to-Month,Yes,Credit Card (automatic),DSL,No,No,1,42.25,3080.52,0
CUST_2375,Female,0,No,No,17,Month-to-Month,Yes,Electronic Check,Fiber Optic,No,Yes,3,86.25,1423.98,0
CUST_2376,Male,0,Yes,Yes,49,Two-Year,No,Credit Card (automatic),Fiber Optic,No,No,2,68.27,3472.41,0
CUST_2377,Male,0,No,No,27,One-Year,Yes,Electronic Check,No,No internet service,No internet service,1,18.5,479.57,0
CUST_2378,Female,0,Yes,Yes,16,Two-Year,Yes,Mailed Check,Fiber Optic,No,No,3,69.88,1132.6,1
CUST_2379,Male,0,No,No,5,Month-to-Month,No,Credit Card (automatic),Fiber Optic,Yes,No,1,85.38,425.07,1
CUST_2380,Male,0,No,No,42,Month-to-Month,Yes,Bank Transfer (automatic),Fiber Optic,No,No,2,72.09,2888.26,0
CUST_2381,Male,0,Yes,Yes,60,Month-to-Month,No,Credit Card (automatic),Fiber Optic,No,Yes,2,76.03,4746.05,0
CUST_2382,Female,0,Yes,No,23,One-Year,Yes,Mailed Check,Fiber Optic,Yes,No,3,75.61,1819.22,0
CUST_2383,Female,0,No,No,23,One-Year,No,Mailed Check,Fiber Optic,No,No,0,67.43,1614.07,0
CUST_2384,Female,0,Yes,Yes,31,Month-to-Month,Yes,Electronic Check,Fiber Optic,Yes,No,2,78.06,2345.44,1
CUST_2385,Male,0,No,No,61,Two-Year,No,Mailed Check,DSL,No,No,1,41.39,2482.62,0
CUST_2386,Female,0,Yes,Yes,60,Two-Year,Yes,Bank Transfer (automatic),Fiber Optic,No,Yes,2,80.16,5028.79,0
CUST_2387,Female,0,No,No,32,Two-Year,Yes,Electronic Check,Fiber Optic,No,No,0,72.37,2224.69,0
CUST_2388,Female,0,Yes,Yes,58,Month-to-Month,Yes,Mailed Check,No,No internet service,No internet service,0,18.9,1105.33,0
CUST_2389,Male,0,Yes,No,48,Month-to-Month,Yes,Electronic Check,DSL,No,No,0,40.26,1929.68,0
CUST_2390,Female,0,Yes,Yes,17,Month-to-Month,Yes,Credit Card (automatic),Fiber Optic,Yes,No,2,78.33,1285.26,0
CUST_2391,Male,0,Yes,No,71,Month-to-Month,No,Electronic Check,No,No internet service,No internet service,4,21.78,1606.16,0
CUST_2392,Male,0,Yes,Yes,69,Two-Year,Yes,Bank Transfer (automatic),Fiber Optic,No,Yes,0,81.56,5421.76,0
CUST_2393,Female,0,No,No,6,Month-to-Month,No,Mailed Check,Fiber Optic,Yes,No,1,79.15,479.3,0
CUST_2394,Male,0,No,No,25,One-Year,Yes,Electronic Check,No,No internet service,No internet service,3,22.53,553.01,1
CUST_2395,Female,0,No,No,8,Month-to-Month,No,Credit Card (automatic),Fiber Optic,No,No,1,73.23,581.04,1
CUST_2396,Male,0,No,No,40,One-Year,Yes,Mailed Check,No,No internet service,No internet service,2,23.06,895.78,0
CUST_2397,Female,0,Yes,No,65,Month-to-Month,No,Bank Transfer (automatic),DSL,No,Yes,0,56.6,3724.87,0
CUST_2398,Female,0,No,No,15,Month-to-Month,Yes,Bank Transfer (automatic),Fiber Optic,No,Yes,2,78.4,1233.47,1
CUST_2399,Female,0,Yes,Yes,1,Month-to-Month,Yes,Bank Transfer (automatic),Fiber Optic,No,No,0,69.1,71.4,1
CUST_2400,Male,0,No,No,53,Two-Year,Yes,Bank Transfer (automatic),Fiber Optic,No,Yes,1,79.16,4272.34,0
CUST_2401,Male,0,Yes,No,13,One-Year,No,Credit Card (automatic),Fiber Optic,No,No,0,59.47,792.93,0
CUST_2402,Female,0,Yes,No,47,One-Year,No,Bank Transfer (automatic),No,No internet service,No internet service,3,19.06,926.21,0
CUST_2403,Male,0,Yes,No,14,Month-to-Month,No,Mailed Check,Fiber Optic,Yes,No,2,73.4,1024.78,1
CUST_2404,Female,0,No,Yes,42,Two-Year,Yes,Electronic Check,Fiber Optic,No,No,0,67.1,2837.09,0
CUST_2405,Female,0,Yes,Yes,22,Month-to-Month,Yes,Credit Card (automatic),DSL,No,Yes,3,54.67,1250.31,0
CUST_2406,Male,0,No,No,58,Two-Year,No,Credit Card (automatic),Fiber Optic,Yes,Yes,2,100.18,5924.29,0
CUST_2407,Male,0,Yes,Yes,3,Month-to-Month,Yes,Mailed Check,Fiber Optic,No,Yes,0,77.26,223.34,1
CUST_2408,Male,0,No,No,4,Month-to-Month,Yes,Electronic Check,Fiber Optic,No,No,3,70.93,291.65,1
CUST_2409,Female,0,No,No,6,Month-to-Month,No,Electronic Check,DSL,No,No,3,43.74,249.91,1
CUST_2410,Male,0,Yes,Yes,70,Two-Year,Yes,Bank Transfer (automatic),Fiber Optic,No,Yes,1,83.84,6072.76,0
CUST_2411,Male,0,No,No,70,One-Year,No,Electronic Check,Fiber Optic,No,Yes,1,79.35,5714.64,1
CUST_2412,Male,0,No,No,37,One-Year,Yes,Credit Card (automatic),Fiber Optic,Yes,No,1,75.69,2893.16,0
CUST_2413,Female,0,No,No,50,Month-to-Month,No,Credit Card (automatic),DSL,No,Yes,3,57.43,2734.7,0
CUST_2414,Male,0,No,Yes,71,One-Year,No,Credit Card (automatic),Fiber Optic,Yes,Yes,2,94.07,6994.52,0
CUST_2415,Male,0,No,No,58,Month-to-Month,No,Electronic Check,Fiber Optic,No,No,0,70.75,4150.33,0
CUST_2416,Female,0,No,No,23,One-Year,Yes,Credit Card (automatic),DSL,No,No,1,43.8,1037.63,0
CUST_2417,Female,0,Yes,No,30,Two-Year,Yes,Bank Transfer (automatic),DSL,No,Yes,1,55.58,1678.5,0
CUST_2418,Female,0,No,No,8,One-Year,No,Electronic Check,Fiber Optic,No,Yes,2,85.22,670.83,0
CUST_2419,Male,0,Yes,Yes,31,Month-to-Month,Yes,Mailed Check,DSL,No,No,0,47.85,1453.11,1
CUST_2420,Male,0,Yes,No,2,Month-to-Month,No,Bank Transfer (automatic),Fiber Optic,No,No,1,66.78,127.82,1
CUST_2421,Female,0,No,No,66,Month-to-Month,Yes,Credit Card (automatic),DSL,No,No,1,44.41,2943.52,0
CUST_2422,Male,0,Yes,No,68,One-Year,Yes,Electronic Check,DSL,Yes,No,2,52.19,3422.43,0
CUST_2423,Female,0,Yes,No,24,One-Year,Yes,Electronic Check,No,No internet service,No internet service,1,22.27,538.09,0
CUST_2424,Female,0,No,No,9,Month-to-Month,Yes,Mailed Check,DSL,No,No,3,46.85,426.92,0
CUST_2425,Male,0,No,No,48,Two-Year,No,Credit Card (automatic),Fiber Optic,No,No,0,75.66,3610.65,0
CUST_2426,Female,0,No,No,39,Two-Year,No,Credit Card (automatic),DSL,No,Yes,0,59.95,2257.7,0
CUST_2427,Female,0,No,No,4,Month-to-Month,Yes,Electronic Check,DSL,Yes,Yes,0,69.71,276.96,0
CUST_2428,Male,0,No,No,67,Two-Year,No,Electronic Check,No,No internet service,No internet service,3,30.32,2108.36,0
CUST_2429,Female,0,Yes,No,61,Month-to-Month,No,Credit Card (automatic),Fiber Optic,No,No,1,71.39,4336.52,0
CUST_2430,Male,0,Yes,No,68,One-Year,No,Bank Transfer (automatic),DSL,No,Yes,1,59.22,3963.63,0
CUST_2431,Male,0,No,No,18,Month-to-Month,Yes,Credit Card (automatic),DSL,No,No,1,37.76,688.5,1
CUST_2432,Male,0,Yes,Yes,37,Two-Year,Yes,Credit Card (automatic),DSL,No,No,0,48.25,1806.47,0
CUST_2433,Female,0,No,No,27,Month-to-Month,No,Electronic Check,No,No internet service,No internet service,3,29.67,768.29,0
CUST_2434,Female,0,No,No,31,One-Year,Yes,Bank Transfer (automatic),DSL,Yes,No,1,58.15,1755.15,0
CUST_2435,Female,0,Yes,No,40,Two-Year,No,Electronic Check,DSL,No,Yes,1,60.14,2404.25,0
CUST_2436,Male,0,No,No,23,One-Year,No,Credit Card (automatic),Fiber Optic,No,Yes,3,86.44,1961.55,0
CUST_2437,Female,0,No,Yes,70,Two-Year,No,Bank Transfer (automatic),Fiber Optic,Yes,No,1,89.21,6132.27,0
CUST_2438,Male,0,Yes,No,28,Month-to-Month,No,Credit Card (automatic),Fiber Optic,No,Yes,1,84.44,2351.48,0
CUST_2439,Female,0,No,No,23,One-Year,No,Credit Card (automatic),Fiber Optic,No,No,1,63.67,1433.7,0
CUST_2440,Male,0,No,No,9,Month-to-Month,Yes,Electronic Check,Fiber Optic,No,Yes,1,82.92,734.9,1
CUST_2441,Male,0,Yes,No,64,One-Year,Yes,Electronic Check,Fiber Optic,No,No,3,73.11,4807.07,0
CUST_2442,Male,0,No,No,10,Month-to-Month,Yes,Mailed Check,DSL,No,No,2,47.79,478.39,0
CUST_2443,Female,0,No,No,41,One-Year,Yes,Credit Card (automatic),DSL,Yes,Yes,2,68.39,2908.54,0
CUST_2444,Male,0,No,No,9,One-Year,Yes,Credit Card (automatic),DSL,No,No,1,43.53,409.34,0
CUST_2445,Female,0,No,No,52,One-Year,Yes,Credit Card (automatic),DSL,No,No,1,43.55,2360.18,0
CUST_2446,Male,0,No,No,19,Month-to-Month,Yes,Bank Transfer (automatic),DSL,No,No,2,44.4,822.82,0
CUST_2447,Male,0,Yes,No,20,Month-to-Month,Yes,Electronic Check,Fiber Optic,No,Yes,0,82.52,1645.93,0
CUST_2448,Male,0,No,No,39,Month-to-Month,No,Electronic Check,No,No internet service,No internet service,1,22.17,867.66,0
CUST_2449,Female,0,No,No,60,Month-to-Month,No,Electronic Check,Fiber Optic,Yes,Yes,2,95.5,5931.81,0
CUST_2450,Female,0,Yes,No,35,One-Year,No,Bank Transfer (automatic),No,No internet service,No internet service,0,18.5,651.32,0
CUST_2451,Male,0,Yes,No,66,Two-Year,Yes,Credit Card (automatic),DSL,Yes,Yes,1,64.24,4135.0,0
CUST_2452,Male,0,No,No,10,Month-to-Month,Yes,Electronic Check,Fiber Optic,No,Yes,0,83.51,839.07,1
CUST_2453,Male,0,No,No,24,Month-to-Month,Yes,Credit Card (automatic),Fiber Optic,No,No,0,68.84,1576.87,1
CUST_2454,Female,0,No,No,36,One-Year,Yes,Mailed Check,Fiber Optic,No,No,1,76.43,2843.42,0
CUST_2455,Male,0,No,No,31,Month-to-Month,Yes,Electronic Check,Fiber Optic,Yes,No,1,85.65,2672.67,0
CUST_2456,Female,0,No,No,33,Two-Year,Yes,Mailed Check,Fiber Optic,No,No,3,71.36,2390.61,0
CUST_2457,Female,0,No,No,5,Month-to-Month,Yes,Mailed Check,DSL,No,No,0,41.98,203.62,1
CUST_2458,Male,0,No,No,4,Month-to-Month,No,Credit Card (automatic),Fiber Optic,No,Yes,3,76.59,308.14,1
CUST_2459,Male,0,Yes,No,6,Month-to-Month,No,Mailed Check,DSL,Yes,No,2,57.01,343.11,0
CUST_2460,Female,0,No,No,29,One-Year,Yes,Electronic Check,No,No internet service,No internet service,1,20.58,603.96,0
CUST_2461,Female,0,No,No,43,One-Year,Yes,Credit Card (automatic),DSL,No,Yes,1,50.05,2226.92,0
CUST_2462,Male,0,No,No,63,One-Year,Yes,Credit Card (automatic),Fiber Optic,No,No,0,71.89,4648.88,0
CUST_2463,Male,0,No,No,64,Month-to-Month,Yes,Bank Transfer (automatic),Fiber Optic,No,No,2,70.2,4513.86,0
CUST_2464,Male,0,No,No,1,One-Year,No,Electronic Check,Fiber Optic,No,No,0,59.32,61.65,1
CUST_2465,Male,0,Yes,Yes,66,Two-Year,No,Electronic Check,DSL,Yes,Yes,2,65.58,4267.0,0
CUST_2466,Male,0,Yes,No,51,Month-to-Month,Yes,Electronic Check,DSL,Yes,No,3,53.84,2743.79,1
CUST_2467,Male,0,Yes,No,9,One-Year,Yes,Electronic Check,DSL,No,No,0,40.12,366.48,0
CUST_2468,Female,0,Yes,No,48,One-Year,Yes,Credit Card (automatic),Fiber Optic,No,No,0,71.55,3414.06,1
CUST_2469,Male,0,No,No,18,One-Year,Yes,Electronic Check,Fiber Optic,Yes,No,0,89.15,1582.46,0
CUST_2470,Male,0,Yes,Yes,60,Month-to-Month,No,Mailed Check,DSL,Yes,No,1,58.85,3394.14,0
CUST_2471,Male,0,Yes,No,51,Two-Year,No,Bank Transfer (automatic),DSL,Yes,No,1,59.53,3077.29,0
CUST_2472,Female,1,No,No,59,Month-to-Month,Yes,Credit Card (automatic),No,No internet service,No internet service,1,18.5,1057.95,0
CUST_2473,Female,0,No,Yes,6,Month-to-Month,Yes,Electronic Check,No,No internet service,No internet service,3,22.04,127.46,0
CUST_2474,Male,0,Yes,Yes,7,Month-to-Month,No,Mailed Check,DSL,Yes,Yes,0,68.27,462.7,0
CUST_2475,Male,0,No,No,30,One-Year,Yes,Electronic Check,Fiber Optic,Yes,No,3,82.0,2506.37,0
CUST_2476,Female,0,No,No,48,Month-to-Month,No,Electronic Check,Fiber Optic,Yes,No,1,79.59,3682.16,1
CUST_2477,Male,0,Yes,No,1,Month-to-Month,Yes,Electronic Check,Fiber Optic,No,No,3,63.69,66.72,1
CUST_2478,Male,0,Yes,No,10,Month-to-Month,Yes,Bank Transfer (automatic),No,No internet service,No internet service,0,23.68,242.92,0
CUST_2479,Male,0,No,Yes,2,Month-to-Month,No,Electronic Check,Fiber Optic,No,No,4,70.65,139.78,1
CUST_2480,Male,0,No,No,13,Month-to-Month,Yes,Mailed Check,DSL,No,No,3,44.08,578.39,0
CUST_2481,Male,0,No,No,8,Month-to-Month,Yes,Electronic Check,No,No internet service,No internet service,3,27.3,207.65,1
CUST_2482,Female,0,Yes,No,58,Two-Year,Yes,Credit Card (automatic),DSL,No,No,3,41.01,2460.53,0
CUST_2483,Female,1,Yes,No,45,One-Year,Yes,Bank Transfer (automatic),DSL,Yes,No,1,59.56,2618.88,0
CUST_2484,Male,0,No,No,56,One-Year,No,Credit Card (automatic),Fiber Optic,Yes,No,0,90.21,4835.49,0
CUST_2485,Female,0,Yes,Yes,48,One-Year,Yes,Electronic Check,Fiber Optic,Yes,No,1,83.68,4120.32,0
CUST_2486,Male,0,Yes,Yes,67,One-Year,No,Credit Card (automatic),DSL,Yes,No,1,52.36,3448.34,0
CUST_2487,Male,0,No,No,14,Month-to-Month,Yes,Mailed Check,No,No internet service,No internet service,0,23.91,337.0,0
CUST_2488,Female,0,Yes,Yes,71,Two-Year,Yes,Electronic Check,No,No internet service,No internet service,0,18.5,1358.69,0
CUST_2489,Female,0,No,No,60,One-Year,No,Credit Card (automatic),Fiber Optic,No,Yes,1,79.54,4904.09,0
CUST_2490,Male,0,No,Yes,29,One-Year,No,Credit Card (automatic),Fiber Optic,No,No,4,66.39,1893.9,0
CUST_2491,Male,0,Yes,Yes,68,One-Year,Yes,Credit Card (automatic),DSL,No,No,2,51.51,3631.82,0
CUST_2492,Female,0,No,Yes,2,Two-Year,Yes,Credit Card (automatic),DSL,No,No,2,43.38,85.8,0
CUST_2493,Female,0,Yes,No,6,Month-to-Month,Yes,Electronic Check,Fiber Optic,Yes,No,1,78.32,469.92,1
CUST_2494,Female,0,No,No,67,Month-to-Month,No,Electronic Check,Fiber Optic,Yes,Yes,2,98.99,6706.92,0
CUST_2495,Male,0,Yes,Yes,17,One-Year,Yes,Mailed Check,No,No internet service,No internet service,0,18.5,301.01,0
CUST_2496,Male,0,Yes,No,67,Two-Year,Yes,Electronic Check,No,No internet service,No internet service,2,20.26,1370.61,0
CUST_2497,Male,0,No,No,8,Month-to-Month,Yes,Credit Card (automatic),DSL,No,Yes,2,54.28,437.6,0
CUST_2498,Male,0,Yes,No,70,Month-to-Month,Yes,Bank Transfer (automatic),DSL,No,No,2,47.42,3443.38,0
CUST_2499,Female,0,No,Yes,31,One-Year,No,Credit Card (automatic),Fiber Optic,No,Yes,1,80.31,2453.18,0
CUST_2500,Male,0,Yes,Yes,7,One-Year,Yes,Bank Transfer (automatic),DSL,No,Yes,1,51.35,350.18,0
CUST_2501,Male,0,Yes,No,56,Month-to-Month,Yes,Bank Transfer (automatic),Fiber Optic,Yes,Yes,1,94.58,5284.04,0
CUST_2502,Female,0,No,No,52,Month-to-Month,Yes,Electronic Check,Fiber Optic,Yes,No,0,80.16,4246.41,0
CUST_2503,Male,0,Yes,Yes,6,Month-to-Month,Yes,Electronic Check,Fiber Optic,No,No,0,73.37,442.94,1
CUST_2504,Male,0,Yes,No,42,Two-Year,Yes,Credit Card (automatic),Fiber Optic,No,No,0,70.27,2844.56,0
CUST_2505,Female,0,No,No,69,Two-Year,Yes,Credit Card (automatic),No,No internet service,No internet service,4,28.57,1941.34,0
CUST_2506,Female,0,No,No,55,Two-Year,Yes,Mailed Check,No,No internet service,No internet service,1,18.5,973.12,0
CUST_2507,Female,1,No,No,45,Month-to-Month,No,Credit Card (automatic),DSL,No,No,1,49.69,2289.56,0
CUST_2508,Male,0,No,No,20,One-Year,No,Bank Transfer (automatic),DSL,Yes,No,4,55.6,1154.58,0
CUST_2509,Female,0,Yes,Yes,21,One-Year,Yes,Credit Card (automatic),Fiber Optic,Yes,No,1,81.52,1634.14,0
CUST_2510,Female,0,No,Yes,10,Month-to-Month,Yes,Electronic Check,DSL,Yes,No,1,60.02,601.73,1
CUST_2511,Male,0,Yes,Yes,71,Two-Year,Yes,Bank Transfer (automatic),DSL,Yes,No,1,53.23,3804.27,0
CUST_2512,Male,0,No,No,4,One-Year,Yes,Mailed Check,DSL,No,Yes,1,61.75,245.49,0
CUST_2513,Female,0,Yes,No,52,One-Year,No,Bank Transfer (automatic),Fiber Optic,Yes,Yes,1,96.77,5033.42,0
CUST_2514,Male,0,No,No,11,Month-to-Month,No,Electronic Check,DSL,No,No,2,48.17,541.02,1
CUST_2515,Female,0,No,No,20,Month-to-Month,No,Mailed Check,Fiber Optic,No,No,3,73.74,1472.4,0
CUST_2516,Male,0,No,No,15,One-Year,Yes,Bank Transfer (automatic),Fiber Optic,No,No,0,72.31,1130.17,1
CUST_2517,Male,0,No,No,6,Month-to-Month,No,Electronic Check,DSL,Yes,No,1,59.72,359.78,0
CUST_2518,Male,0,No,Yes,8,Month-to-Month,Yes,Bank Transfer (automatic),Fiber Optic,Yes,No,0,87.27,668.26,1
CUST_2519,Female,0,No,No,49,Month-to-Month,No,Bank Transfer (automatic),DSL,No,No,1,45.02,2305.98,1
CUST_2520,Male,0,Yes,No,69,Month-to-Month,Yes,Credit Card (automatic),DSL,Yes,Yes,1,68.29,4545.59,0
CUST_2521,Female,0,Yes,Yes,46,One-Year,Yes,Mailed Check,Fiber Optic,Yes,No,1,83.94,3971.08,0
CUST_2522,Female,1,Yes,Yes,29,One-Year,Yes,Electronic Check,No,No internet service,No internet service,0,20.4,593.19,0
CUST_2523,Female,0,Yes,No,2,Month-to-Month,Yes,Mailed Check,DSL,No,Yes,2,60.74,124.41,0
CUST_2524,Female,0,No,No,30,One-Year,Yes,Electronic Check,Fiber Optic,No,No,1,77.46,2326.92,1
CUST_2525,Female,0,No,No,56,One-Year,No,Bank Transfer (automatic),DSL,No,No,2,41.22,2206.52,0
CUST_2526,Male,0,No,No,50,Month-to-Month,No,Electronic Check,Fiber Optic,No,No,2,70.39,3475.48,1
CUST_2527,Female,0,No,No,4,Month-to-Month,No,Mailed Check,DSL,Yes,Yes,1,64.75,262.13,1
CUST_2528,Female,0,No,Yes,68,Two-Year,Yes,Electronic Check,DSL,No,Yes,3,56.16,3868.1,0
CUST_2529,Male,1,Yes,No,70,One-Year,Yes,Electronic Check,Fiber Optic,No,Yes,1,81.41,5968.27,0
CUST_2530,Male,0,Yes,No,13,Two-Year,Yes,Credit Card (automatic),DSL,Yes,No,1,55.44,728.38,0
CUST_2531,Female,0,Yes,No,24,One-Year,No,Credit Card (automatic),No,No internet service,No internet service,1,23.62,554.77,0
CUST_2532,Male,0,Yes,No,63,One-Year,Yes,Bank Transfer (automatic),Fiber Optic,Yes,Yes,4,95.43,5737.59,0
CUST_2533,Female,0,No,No,66,One-Year,Yes,Electronic Check,Fiber Optic,No,Yes,0,79.6,5405.12,0
CUST_2534,Male,0,No,No,20,Month-to-Month,Yes,Credit Card (automatic),Fiber Optic,No,Yes,2,85.63,1779.27,0
CUST_2535,Male,0,No,No,9,Month-to-Month,No,Credit Card (automatic),Fiber Optic,Yes,Yes,0,93.54,851.43,0
CUST_2536,Female,0,No,No,7,Month-to-Month,No,Credit Card (automatic),Fiber Optic,Yes,Yes,0,91.87,641.96,0
CUST_2537,Male,0,No,No,43,Two-Year,Yes,Bank Transfer (automatic),Fiber Optic,No,No,2,65.93,2937.33,0
CUST_2538,Male,0,Yes,No,2,Month-to-Month,No,Electronic Check,Fiber Optic,No,Yes,3,76.14,148.33,1
CUST_2539,Female,0,No,No,14,Month-to-Month,Yes,Electronic Check,Fiber Optic,Yes,No,2,80.14,1110.6,0
CUST_2540,Male,0,Yes,Yes,10,Month-to-Month,Yes,Credit Card (automatic),DSL,No,No,0,45.23,452.65,0
CUST_2541,Female,0,Yes,No,34,Month-to-Month,No,Credit Card (automatic),No,No internet service,No internet service,4,23.71,769.81,0
CUST_2542,Female,0,Yes,Yes,55,One-Year,Yes,Mailed Check,No,No internet service,No internet service,1,18.5,1036.69,0
CUST_2543,Female,0,No,No,18,Two-Year,Yes,Electronic Check,Fiber Optic,No,No,0,77.46,1350.86,0
CUST_2544,Male,0,Yes,Yes,57,Two-Year,No,Bank Transfer (automatic),DSL,Yes,No,1,53.92,3022.16,0
CUST_2545,Male,1,Yes,Yes,8,Month-to-Month,Yes,Credit Card (automatic),No,No internet service,No internet service,0,18.5,146.73,0
CUST_2546,Female,0,No,No,47,One-Year,No,Bank Transfer (automatic),No,No internet service,No internet service,1,18.6,886.31,0
CUST_2547,Female,0,No,No,15,Month-to-Month,Yes,Bank Transfer (automatic),No,No internet service,No internet service,3,18.5,265.44,0
CUST_2548,Female,0,Yes,Yes,1,Month-to-Month,Yes,Electronic Check,DSL,Yes,Yes,2,67.78,66.7,0
CUST_2549,Female,0,Yes,No,49,One-Year,Yes,Electronic Check,Fiber Optic,No,Yes,2,81.05,3881.84,0
CUST_2550,Male,1,No,No,50,One-Year,No,Bank Transfer (automatic),Fiber Optic,No,No,3,69.39,3296.55,1
CUST_2551,Male,0,Yes,Yes,22,Month-to-Month,Yes,Credit Card (automatic),DSL,Yes,No,1,63.34,1420.19,0
CUST_2552,Male,0,No,No,31,Two-Year,Yes,Electronic Check,Fiber Optic,No,Yes,2,79.06,2386.14,0
CUST_2553,Male,1,No,No,7,Two-Year,Yes,Electronic Check,No,No internet service,No internet service,0,27.34,185.0,0
CUST_2554,Male,0,Yes,Yes,38,One-Year,No,Bank Transfer (automatic),Fiber Optic,No,No,0,72.18,2824.57,0
CUST_2555,Female,0,Yes,Yes,2,Month-to-Month,Yes,Mailed Check,No,No internet service,No internet service,2,18.5,35.3,0
CUST_2556,Male,0,Yes,No,60,Two-Year,Yes,Bank Transfer (automatic),DSL,No,No,0,41.68,2600.89,0
CUST_2557,Male,0,Yes,Yes,35,Month-to-Month,Yes,Bank Transfer (automatic),Fiber Optic,Yes,No,3,78.2,2788.15,1
CUST_2558,Male,0,Yes,Yes,5,One-Year,Yes,Credit Card (automatic),Fiber Optic,No,Yes,3,81.91,396.11,0
CUST_2559,Female,0,No,No,10,Month-to-Month,Yes,Credit Card (automatic),Fiber Optic,No,Yes,1,87.28,859.72,1
CUST_2560,Female,0,Yes,Yes,15,One-Year,Yes,Electronic Check,DSL,No,No,2,48.26,756.47,0
CUST_2561,Female,0,No,No,39,One-Year,No,Bank Transfer (automatic),DSL,No,Yes,1,52.93,2088.8,0
CUST_2562,Female,0,No,No,15,Month-to-Month,Yes,Electronic Check,No,No internet service,No internet service,3,24.86,376.95,0
CUST_2563,Male,0,Yes,Yes,63,One-Year,Yes,Credit Card (automatic),Fiber Optic,Yes,Yes,2,89.83,5745.92,0
CUST_2564,Female,0,Yes,No,30,Two-Year,Yes,Credit Card (automatic),Fiber Optic,No,Yes,1,78.43,2344.13,0
CUST_2565,Male,0,Yes,Yes,33,Month-to-Month,No,Electronic Check,Fiber Optic,No,Yes,2,86.2,2749.96,1
CUST_2566,Male,0,Yes,Yes,4,Month-to-Month,Yes,Electronic Check,Fiber Optic,Yes,No,1,86.11,332.42,1
CUST_2567,Female,0,No,No,25,Month-to-Month,No,Electronic Check,DSL,No,No,2,48.26,1229.1,1
CUST_2568,Female,0,Yes,No,55,Month-to-Month,No,Bank Transfer (automatic),Fiber Optic,Yes,Yes,0,94.08,5373.07,0
CUST_2569,Male,0,No,No,71,Two-Year,Yes,Electronic Check,DSL,No,Yes,2,56.7,3945.27,0
CUST_2570,Male,0,Yes,No,64,Two-Year,Yes,Bank Transfer (automatic),Fiber Optic,No,No,2,65.32,4181.9,0
CUST_2571,Female,0,Yes,Yes,6,One-Year,No,Bank Transfer (automatic),Fiber Optic,Yes,No,2,81.95,515.9,0
CUST_2572,Male,0,No,No,42,Two-Year,No,Bank Transfer (automatic),DSL,No,No,1,42.31,1733.87,0
CUST_2573,Male,0,No,No,68,Two-Year,No,Credit Card (automatic),DSL,No,No,1,44.29,2978.66,0
CUST_2574,Male,0,Yes,No,20,One-Year,No,Mailed Check,Fiber Optic,Yes,Yes,2,103.18,2035.44,0
CUST_2575,Male,1,Yes,No,56,Two-Year,Yes,Credit Card (automatic),DSL,Yes,No,1,58.29,3111.66,0
CUST_2576,Female,0,No,No,70,Month-to-Month,No,Electronic Check,Fiber Optic,Yes,No,3,77.57,5435.07,0
CUST_2577,Male,0,Yes,Yes,20,Month-to-Month,Yes,Electronic Check,DSL,No,No,0,49.97,970.29,0
CUST_2578,Male,0,Yes,No,20,Two-Year,Yes,Mailed Check,No,No internet service,No internet service,1,25.37,488.56,0
CUST_2579,Female,0,No,No,4,Month-to-Month,Yes,Bank Transfer (automatic),DSL,Yes,Yes,0,74.74,305.25,0
CUST_2580,Female,0,No,No,67,Two-Year,Yes,Electronic Check,Fiber Optic,No,No,1,68.09,4683.27,0
CUST_2581,Male,0,No,No,15,Month-to-Month,Yes,Bank Transfer (automatic),DSL,No,No,3,44.55,694.24,0
CUST_2582,Male,0,No,No,67,Two-Year,Yes,Electronic Check,DSL,No,No,0,39.95,2792.85,0
CUST_2583,Male,0,No,No,20,One-Year,Yes,Credit Card (automatic),Fiber Optic,Yes,Yes,1,100.24,2078.79,1
CUST_2584,Female,0,No,No,40,Month-to-Month,No,Bank Transfer (automatic),DSL,No,No,1,45.5,1751.29,0
CUST_2585,Female,0,No,No,21,Month-to-Month,Yes,Bank Transfer (automatic),Fiber Optic,Yes,Yes,2,88.52,1807.54,1
CUST_2586,Female,0,No,No,5,Month-to-Month,No,Credit Card (automatic),DSL,No,No,0,51.61,248.31,1
CUST_2587,Female,0,No,No,10,One-Year,Yes,Credit Card (automatic),Fiber Optic,No,No,2,67.29,663.04,1
CUST_2588,Female,0,Yes,Yes,46,Two-Year,Yes,Mailed Check,No,No internet service,No internet service,3,18.5,819.01,0
CUST_2589,Female,0,Yes,No,2,One-Year,Yes,Mailed Check,DSL,Yes,No,3,52.81,107.24,0
CUST_2590,Male,0,No,No,34,Month-to-Month,Yes,Bank Transfer (automatic),Fiber Optic,Yes,Yes,1,89.17,3097.48,0
CUST_2591,Male,0,No,No,8,One-Year,Yes,Electronic Check,Fiber Optic,Yes,Yes,1,95.56,738.46,1
CUST_2592,Female,0,Yes,Yes,34,Month-to-Month,No,Electronic Check,Fiber Optic,No,No,1,67.21,2312.92,0
CUST_2593,Male,0,No,No,53,Month-to-Month,Yes,Electronic Check,Fiber Optic,Yes,No,0,75.9,3830.81,0
CUST_2594,Male,0,Yes,Yes,18,Month-to-Month,Yes,Credit Card (automatic),Fiber Optic,No,No,0,73.96,1322.54,1
CUST_2595,Female,0,No,No,64,Two-Year,Yes,Electronic Check,Fiber Optic,No,Yes,3,84.01,5261.22,0
CUST_2596,Male,0,No,No,64,One-Year,Yes,Electronic Check,DSL,No,Yes,0,64.15,4310.26,0
CUST_2597,Female,0,No,No,29,Month-to-Month,Yes,Electronic Check,Fiber Optic,Yes,Yes,1,92.51,2796.21,0
CUST_2598,Female,0,Yes,Yes,46,Month-to-Month,No,Bank Transfer (automatic),Fiber Optic,Yes,No,1,82.16,3646.16,0
CUST_2599,Male,0,No,No,18,Month-to-Month,Yes,Bank Transfer (automatic),DSL,No,No,3,45.85,859.75,0
CUST_2600,Female,0,Yes,No,53,Two-Year,Yes,Bank Transfer (automatic),Fiber Optic,No,No,2,70.56,3709.31,0
CUST_2601,Male,0,Yes,Yes,16,One-Year,Yes,Electronic Check,Fiber Optic,Yes,No,2,83.0,1338.18,1
CUST_2602,Male,0,Yes,Yes,8,Month-to-Month,Yes,Credit Card (automatic),Fiber Optic,No,No,0,68.72,551.62,0
CUST_2603,Female,0,No,No,33,Two-Year,Yes,Mailed Check,DSL,Yes,No,3,49.79,1680.23,0
CUST_2604,Female,0,Yes,Yes,69,One-Year,No,Mailed Check,Fiber Optic,No,Yes,1,83.15,5642.66,0
CUST_2605,Female,0,Yes,Yes,17,One-Year,No,Credit Card (automatic),Fiber Optic,No,Yes,1,84.3,1371.43,0
CUST_2606,Male,0,No,No,32,Month-to-Month,Yes,Credit Card (automatic),DSL,No,No,1,43.65,1385.29,0
CUST_2607,Female,0,No,No,39,Two-Year,No,Bank Transfer (automatic),Fiber Optic,No,No,1,79.94,3131.54,0
CUST_2608,Male,0,No,No,66,Month-to-Month,Yes,Credit Card (automatic),Fiber Optic,No,Yes,1,80.09,5314.97,0
CUST_2609,Female,0,No,No,52,Two-Year,No,Bank Transfer (automatic),Fiber Optic,Yes,Yes,3,91.5,4897.22,0
CUST_2610,Male,0,Yes,Yes,28,One-Year,No,Electronic Check,No,No internet service,No internet service,3,21.78,582.05,0
CUST_2611,Female,0,No,No,47,Month-to-Month,Yes,Electronic Check,DSL,No,No,1,45.94,2264.57,0
CUST_2612,Male,0,No,No,51,One-Year,Yes,Bank Transfer (automatic),No,No internet service,No internet service,0,18.5,989.78,0
CUST_2613,Male,0,Yes,No,2,Month-to-Month,Yes,Bank Transfer (automatic),DSL,No,No,0,48.19,92.52,0
CUST_2614,Male,0,Yes,Yes,61,Month-to-Month,Yes,Mailed Check,DSL,No,No,1,43.17,2592.29,0
CUST_2615,Female,0,Yes,No,12,One-Year,Yes,Credit Card (automatic),No,No internet service,No internet service,2,24.95,302.1,0
CUST_2616,Female,0,Yes,Yes,69,Two-Year,No,Mailed Check,Fiber Optic,No,No,1,71.6,4877.82,0
CUST_2617,Female,0,No,No,17,One-Year,Yes,Electronic Check,DSL,Yes,Yes,0,68.06,1155.59,0
CUST_2618,Male,0,No,No,59,One-Year,Yes,Electronic Check,Fiber Optic,Yes,No,3,87.1,5049.45,0
CUST_2619,Male,0,No,No,70,Month-to-Month,No,Credit Card (automatic),DSL,No,Yes,4,54.8,3917.37,0
CUST_2620,Male,0,No,No,29,Month-to-Month,No,Credit Card (automatic),Fiber Optic,No,No,2,64.66,1849.64,1
CUST_2621,Female,0,Yes,No,41,One-Year,Yes,Bank Transfer (automatic),DSL,No,No,1,39.55,1610.18,0
CUST_2622,Male,0,No,No,68,Two-Year,No,Credit Card (automatic),No,No internet service,No internet service,0,20.97,1436.78,0
CUST_2623,Female,0,Yes,Yes,64,Two-Year,No,Credit Card (automatic),Fiber Optic,No,No,0,77.28,5177.98,0
CUST_2624,Female,0,No,No,2,Month-to-Month,Yes,Credit Card (automatic),DSL,Yes,Yes,1,68.43,138.8,0
CUST_2625,Female,0,Yes,No,26,One-Year,Yes,Mailed Check,Fiber Optic,No,Yes,0,85.04,2121.92,0
CUST_2626,Female,0,No,No,62,One-Year,No,Bank Transfer (automatic),Fiber Optic,No,No,2,71.25,4337.5,0
CUST_2627,Female,0,Yes,No,24,One-Year,No,Electronic Check,DSL,No,No,2,43.35,1032.05,0
CUST_2628,Female,0,Yes,No,56,Two-Year,Yes,Credit Card (automatic),Fiber Optic,No,Yes,1,75.37,4322.09,0
CUST_2629,Male,0,Yes,No,15,One-Year,Yes,Credit Card (automatic),DSL,No,No,1,45.67,681.41,0
CUST_2630,Female,0,No,No,8,Month-to-Month,No,Credit Card (automatic),Fiber Optic,Yes,Yes,1,97.22,790.13,0
CUST_2631,Male,0,No,No,26,Two-Year,No,Mailed Check,DSL,No,No,0,46.82,1258.65,0
CUST_2632,Male,0,Yes,Yes,69,Month-to-Month,No,Mailed Check,DSL,Yes,No,1,55.64,3687.26,0
CUST_2633,Male,0,No,No,67,One-Year,No,Mailed Check,No,No internet service,No internet service,5,18.5,1272.44,0
CUST_2634,Male,0,No,No,44,Two-Year,Yes,Electronic Check,DSL,No,No,1,42.46,1914.12,0
CUST_2635,Male,0,No,No,43,One-Year,No,Bank Transfer (automatic),Fiber Optic,No,No,1,67.36,2989.08,0
CUST_2636,Male,0,No,No,36,Month-to-Month,No,Electronic Check,Fiber Optic,No,No,2,70.18,2641.7,0
CUST_2637,Female,0,Yes,Yes,1,Month-to-Month,No,Credit Card (automatic),No,No internet service,No internet service,5,19.37,20.0,0
CUST_2638,Male,0,Yes,No,40,One-Year,Yes,Mailed Check,DSL,No,No,0,47.02,1867.45,0
CUST_2639,Female,0,No,No,9,Month-to-Month,No,Credit Card (automatic),DSL,No,No,1,41.12,361.3,1
CUST_2640,Male,0,No,No,63,One-Year,Yes,Bank Transfer (automatic),DSL,No,Yes,1,56.89,3522.1,0
CUST_2641,Female,1,No,Yes,44,One-Year,Yes,Electronic Check,Fiber Optic,No,No,0,69.86,3021.53,0
CUST_2642,Female,0,No,Yes,5,Month-to-Month,Yes,Electronic Check,DSL,No,No,0,42.97,222.79,0
CUST_2643,Female,0,Yes,Yes,46,Month-to-Month,Yes,Credit Card (automatic),DSL,Yes,No,1,58.23,2561.5,0
CUST_2644,Female,0,No,No,5,Month-to-Month,Yes,Credit Card (automatic),Fiber Optic,Yes,No,0,78.43,380.49,1
CUST_2645,Male,0,Yes,Yes,27,Month-to-Month,No,Electronic Check,No,No internet service,No internet service,1,24.77,676.18,0
CUST_2646,Female,0,No,No,39,One-Year,No,Electronic Check,Fiber Optic,Yes,Yes,3,95.7,3831.28,0
CUST_2647,Male,0,Yes,No,46,Month-to-Month,No,Bank Transfer (automatic),Fiber Optic,Yes,No,1,84.18,3948.71,1
CUST_2648,Male,0,No,No,68,Two-Year,No,Electronic Check,Fiber Optic,No,Yes,3,81.71,5304.34,0
CUST_2649,Female,0,No,No,61,Two-Year,Yes,Electronic Check,DSL,No,No,1,43.69,2652.78,1
CUST_2650,Male,0,Yes,No,8,Month-to-Month,Yes,Bank Transfer (automatic),Fiber Optic,Yes,Yes,0,91.11,705.88,0
CUST_2651,Female,0,Yes,No,53,Two-Year,Yes,Bank Transfer (automatic),Fiber Optic,Yes,No,1,78.67,4373.04,0
CUST_2652,Female,0,No,No,16,Two-Year,Yes,Mailed Check,No,No internet service,No internet service,2,18.5,310.77,0
CUST_2653,Male,0,No,No,15,Month-to-Month,Yes,Credit Card (automatic),Fiber Optic,No,No,1,70.37,1008.15,1
CUST_2654,Male,0,Yes,No,3,Month-to-Month,Yes,Bank Transfer (automatic),Fiber Optic,No,No,1,72.79,222.03,0
CUST_2655,Male,0,No,No,62,One-Year,Yes,Credit Card (automatic),DSL,Yes,No,1,52.11,3331.97,0
CUST_2656,Female,0,No,No,21,Month-to-Month,Yes,Electronic Check,Fiber Optic,Yes,No,1,87.29,1800.97,1
CUST_2657,Female,0,Yes,Yes,10,Month-to-Month,Yes,Electronic Check,Fiber Optic,No,No,2,63.71,649.44,1
CUST_2658,Male,0,Yes,No,5,Two-Year,Yes,Electronic Check,Fiber Optic,No,No,2,73.42,355.63,0
CUST_2659,Male,0,No,No,61,One-Year,No,Electronic Check,DSL,Yes,Yes,2,65.62,3853.9,0
CUST_2660,Female,0,No,No,9,One-Year,Yes,Credit Card (automatic),No,No internet service,No internet service,3,24.32,228.19,0
CUST_2661,Female,0,No,No,69,Two-Year,Yes,Credit Card (automatic),Fiber Optic,No,No,1,73.05,5112.29,0
CUST_2662,Male,0,No,Yes,29,Month-to-Month,Yes,Credit Card (automatic),DSL,No,No,0,55.6,1663.5,0
CUST_2663,Male,0,Yes,No,9,Month-to-Month,No,Bank Transfer (automatic),Fiber Optic,No,No,1,67.51,609.58,0
CUST_2664,Female,0,Yes,No,13,One-Year,Yes,Credit Card (automatic),Fiber Optic,Yes,No,1,73.05,916.86,1
CUST_2665,Male,0,Yes,No,16,One-Year,Yes,Bank Transfer (automatic),DSL,No,No,2,37.44,591.65,0
CUST_2666,Male,0,Yes,No,32,Month-to-Month,Yes,Electronic Check,Fiber Optic,No,No,0,69.18,2298.25,0
CUST_2667,Female,0,No,No,10,Month-to-Month,No,Mailed Check,DSL,No,No,4,45.66,434.48,0
CUST_2668,Female,0,No,No,8,Month-to-Month,No,Bank Transfer (automatic),Fiber Optic,No,No,1,67.13,521.31,1
CUST_2669,Male,0,Yes,No,7,Month-to-Month,Yes,Electronic Check,No,No internet service,No internet service,2,21.46,146.51,0
CUST_2670,Male,0,Yes,Yes,52,One-Year,No,Electronic Check,DSL,No,Yes,1,60.57,3074.99,0
CUST_2671,Male,0,No,Yes,38,One-Year,Yes,Electronic Check,Fiber Optic,No,Yes,0,84.34,3076.27,0
CUST_2672,Male,0,No,No,8,Two-Year,Yes,Bank Transfer (automatic),Fiber Optic,No,No,3,69.84,578.18,1
CUST_2673,Female,0,No,No,28,Two-Year,Yes,Electronic Check,Fiber Optic,Yes,No,2,78.62,2126.41,0
CUST_2674,Male,0,No,No,14,Month-to-Month,Yes,Bank Transfer (automatic),Fiber Optic,Yes,Yes,0,97.33,1407.54,0
CUST_2675,Female,0,No,Yes,63,Two-Year,No,Mailed Check,DSL,Yes,No,3,62.53,3882.29,0
CUST_2676,Female,0,No,No,13,Month-to-Month,No,Mailed Check,No,No internet service,No internet service,4,18.5,239.47,0
CUST_2677,Male,0,Yes,Yes,36,Month-to-Month,Yes,Credit Card (automatic),Fiber Optic,Yes,Yes,1,89.32,3203.57,0
CUST_2678,Male,0,Yes,No,52,Month-to-Month,Yes,Mailed Check,Fiber Optic,Yes,Yes,2,98.62,5237.55,0
CUST_2679,Female,0,Yes,Yes,68,Month-to-Month,Yes,Mailed Check,Fiber Optic,Yes,No,3,83.29,5794.72,0
CUST_2680,Female,0,No,No,55,Two-Year,Yes,Credit Card (automatic),DSL,No,No,0,46.21,2577.31,0
CUST_2681,Female,0,No,No,13,One-Year,No,Mailed Check,Fiber Optic,Yes,No,0,88.88,1187.07,0
CUST_2682,Male,0,No,No,2,Month-to-Month,No,Credit Card (automatic),No,No internet service,No internet service,2,18.5,35.18,1
CUST_2683,Female,0,Yes,No,54,Two-Year,No,Mailed Check,DSL,No,No,1,44.15,2385.25,0
CUST_2684,Female,0,Yes,Yes,69,Two-Year,Yes,Electronic Check,No,No internet service,No internet service,2,21.51,1487.76,0
CUST_2685,Female,0,Yes,No,26,Month-to-Month,No,Bank Transfer (automatic),Fiber Optic,Yes,Yes,2,102.06,2584.39,0
CUST_2686,Male,0,Yes,Yes,52,Two-Year,Yes,Electronic Check,DSL,No,No,0,44.8,2342.73,0
CUST_2687,Female,0,No,No,53,Two-Year,No,Electronic Check,DSL,No,No,4,43.07,2275.21,0
CUST_2688,Female,0,No,No,50,Two-Year,Yes,Electronic Check,DSL,No,No,2,45.87,2287.1,0
CUST_2689,Male,0,No,No,48,Two-Year,Yes,Electronic Check,Fiber Optic,No,No,0,72.92,3366.61,0
CUST_2690,Male,0,No,No,43,Month-to-Month,Yes,Bank Transfer (automatic),No,No internet service,No internet service,0,24.77,1058.21,0
CUST_2691,Male,0,No,No,18,Month-to-Month,Yes,Credit Card (automatic),No,No internet service,No internet service,1,25.88,478.25,0
CUST_2692,Male,0,No,No,52,Two-Year,No,Credit Card (automatic),Fiber Optic,No,Yes,3,74.35,3831.4,0
CUST_2693,Male,0,Yes,No,42,Two-Year,No,Electronic Check,DSL,No,No,2,41.93,1758.86,0
CUST_2694,Female,0,No,No,12,Month-to-Month,No,Bank Transfer (automatic),Fiber Optic,No,No,3,73.45,922.61,0
CUST_2695,Male,0,No,No,45,Month-to-Month,Yes,Electronic Check,No,No internet service,No internet service,0,21.04,982.0,0
CUST_2696,Male,0,No,No,14,Two-Year,Yes,Bank Transfer (automatic),DSL,No,No,3,46.74,682.41,0
CUST_2697,Female,0,Yes,Yes,22,Month-to-Month,No,Credit Card (automatic),Fiber Optic,No,Yes,1,79.5,1675.14,0
CUST_2698,Male,0,Yes,No,22,Month-to-Month,No,Electronic Check,Fiber Optic,Yes,No,2,82.96,1846.76,0
CUST_2699,Male,0,Yes,No,11,Month-to-Month,Yes,Credit Card (automatic),Fiber Optic,No,Yes,1,81.07,867.1,0
CUST_2700,Female,0,No,No,55,One-Year,No,Credit Card (automatic),Fiber Optic,No,No,1,71.9,3916.63,0
CUST_2701,Female,0,Yes,Yes,28,Month-to-Month,No,Credit Card (automatic),Fiber Optic,No,Yes,2,84.03,2395.13,1
CUST_2702,Female,0,No,No,45,One-Year,No,Bank Transfer (automatic),DSL,Yes,Yes,1,70.3,3188.46,0
CUST_2703,Female,1,No,No,23,Month-to-Month,Yes,Credit Card (automatic),DSL,No,Yes,0,58.1,1337.07,0
CUST_2704,Male,0,Yes,No,28,Two-Year,Yes,Credit Card (automatic),DSL,No,Yes,1,56.32,1626.55,0
CUST_2705,Female,0,No,No,28,Two-Year,Yes,Credit Card (automatic),DSL,No,No,0,51.36,1464.34,0
CUST_2706,Male,0,No,No,71,Two-Year,No,Mailed Check,Fiber Optic,No,Yes,0,86.47,6336.47,0
CUST_2707,Female,0,Yes,No,47,Two-Year,Yes,Bank Transfer (automatic),Fiber Optic,No,Yes,1,82.22,4031.25,0
CUST_2708,Male,0,No,Yes,2,Month-to-Month,No,Electronic Check,DSL,Yes,No,0,60.44,123.44,0
CUST_2709,Female,0,Yes,No,71,One-Year,Yes,Credit Card (automatic),Fiber Optic,Yes,No,1,90.11,6330.89,0
CUST_2710,Female,0,Yes,No,41,Month-to-Month,Yes,Credit Card (automatic),Fiber Optic,No,No,2,66.39,2643.81,1
CUST_2711,Female,0,No,Yes,10,Month-to-Month,No,Bank Transfer (automatic),Fiber Optic,Yes,No,1,79.21,773.95,0
CUST_2712,Male,0,No,No,21,Month-to-Month,Yes,Credit Card (automatic),DSL,Yes,Yes,0,69.34,1441.09,0
CUST_2713,Male,0,No,No,18,One-Year,Yes,Credit Card (automatic),DSL,Yes,No,2,58.25,1073.67,0
CUST_2714,Female,0,No,No,50,Two-Year,Yes,Electronic Check,DSL,No,Yes,1,54.86,2616.86,0
CUST_2715,Female,0,No,No,6,Month-to-Month,Yes,Bank Transfer (automatic),Fiber Optic,No,Yes,7,84.82,524.91,1
CUST_2716,Male,0,No,No,52,One-Year,No,Mailed Check,No,No internet service,No internet service,1,19.67,1049.24,0
CUST_2717,Female,0,No,No,51,Two-Year,Yes,Credit Card (automatic),Fiber Optic,No,Yes,2,86.37,4404.61,0
CUST_2718,Female,0,No,No,69,Month-to-Month,No,Mailed Check,DSL,No,No,0,42.33,2891.46,0
CUST_2719,Male,0,Yes,No,8,One-Year,Yes,Bank Transfer (automatic),Fiber Optic,No,Yes,2,78.56,604.14,0
CUST_2720,Female,0,No,No,9,Month-to-Month,No,Mailed Check,No,No internet service,No internet service,0,19.22,169.34,0
CUST_2721,Female,1,Yes,No,16,Month-to-Month,Yes,Electronic Check,DSL,No,No,0,44.4,682.67,0
CUST_2722,Male,0,No,No,19,Two-Year,Yes,Electronic Check,DSL,No,Yes,2,53.42,1047.35,1
CUST_2723,Male,0,Yes,No,12,One-Year,No,Electronic Check,DSL,Yes,Yes,4,69.42,833.82,0
CUST_2724,Female,0,No,No,6,Month-to-Month,Yes,Electronic Check,DSL,Yes,Yes,3,66.38,388.2,0
CUST_2725,Female,1,Yes,Yes,13,One-Year,No,Bank Transfer (automatic),Fiber Optic,Yes,No,4,89.6,1108.67,0
CUST_2726,Male,0,Yes,Yes,65,Two-Year,Yes,Bank Transfer (automatic),DSL,No,No,0,44.76,2916.36,0
CUST_2727,Female,0,No,No,12,Month-to-Month,Yes,Electronic Check,DSL,No,No,0,46.47,571.7,0
CUST_2728,Female,0,Yes,Yes,37,Two-Year,No,Bank Transfer (automatic),DSL,No,No,2,40.02,1520.2,0
CUST_2729,Female,0,No,No,44,Two-Year,No,Bank Transfer (automatic),Fiber Optic,No,No,3,72.2,3086.08,0
CUST_2730,Male,0,Yes,No,11,Month-to-Month,Yes,Electronic Check,Fiber Optic,No,Yes,1,78.78,909.48,1
CUST_2731,Female,0,Yes,Yes,7,Month-to-Month,No,Mailed Check,DSL,No,Yes,1,60.66,427.54,0
CUST_2732,Male,0,Yes,No,36,Two-Year,Yes,Bank Transfer (automatic),DSL,No,No,1,38.84,1374.75,0
CUST_2733,Male,0,No,No,64,One-Year,Yes,Electronic Check,Fiber Optic,No,No,1,69.87,4423.75,0
CUST_2734,Male,0,Yes,Yes,42,Two-Year,Yes,Electronic Check,Fiber Optic,No,No,0,74.13,2996.53,0
CUST_2735,Male,1,No,Yes,53,Two-Year,No,Credit Card (automatic),DSL,No,No,0,45.7,2420.49,0
CUST_2736,Female,0,Yes,Yes,42,One-Year,Yes,Bank Transfer (automatic),Fiber Optic,No,No,2,69.44,2990.35,0
CUST_2737,Male,0,Yes,No,1,Month-to-Month,Yes,Mailed Check,Fiber Optic,No,Yes,0,87.35,86.56,1
CUST_2738,Female,0,Yes,No,10,Month-to-Month,No,Bank Transfer (automatic),DSL,Yes,No,1,53.72,556.91,0
CUST_2739,Male,0,Yes,No,33,Month-to-Month,Yes,Credit Card (automatic),Fiber Optic,No,No,2,65.32,2150.55,0
CUST_2740,Male,0,No,No,50,Two-Year,Yes,Credit Card (automatic),DSL,No,Yes,1,52.83,2747.32,0
CUST_2741,Female,0,No,No,53,One-Year,Yes,Electronic Check,Fiber Optic,No,No,0,65.98,3568.0,0
CUST_2742,Female,0,No,Yes,45,Two-Year,Yes,Mailed Check,No,No internet service,No internet service,5,21.66,931.33,0
CUST_2743,Male,0,Yes,Yes,3,Month-to-Month,Yes,Bank Transfer (automatic),DSL,No,No,1,43.8,125.71,0
CUST_2744,Female,0,Yes,Yes,50,One-Year,Yes,Electronic Check,Fiber Optic,No,No,0,73.93,3807.43,0
CUST_2745,Male,0,Yes,Yes,63,Two-Year,Yes,Credit Card (automatic),No,No internet service,No internet service,1,21.84,1356.22,0
CUST_2746,Male,0,No,No,2,Two-Year,Yes,Mailed Check,DSL,Yes,No,0,58.46,113.29,0
CUST_2747,Female,0,Yes,No,26,Two-Year,No,Mailed Check,No,No internet service,No internet service,1,18.5,498.57,0
CUST_2748,Female,0,No,Yes,17,Two-Year,No,Credit Card (automatic),DSL,Yes,No,0,59.29,1056.64,0
CUST_2749,Male,0,Yes,No,57,One-Year,Yes,Electronic Check,DSL,Yes,No,0,62.0,3643.11,0
CUST_2750,Female,0,Yes,Yes,7,One-Year,Yes,Electronic Check,DSL,Yes,No,5,57.41,410.92,0
CUST_2751,Female,0,Yes,No,44,Month-to-Month,Yes,Bank Transfer (automatic),Fiber Optic,No,No,2,66.13,2764.51,0
CUST_2752,Male,0,Yes,No,34,Month-to-Month,No,Mailed Check,No,No internet service,No internet service,1,18.5,604.22,0
CUST_2753,Female,0,No,No,63,Month-to-Month,No,Credit Card (automatic),DSL,Yes,No,0,60.98,3907.41,0
CUST_2754,Female,0,Yes,No,68,Two-Year,Yes,Electronic Check,DSL,No,Yes,0,57.41,3868.58,0
CUST_2755,Female,0,No,No,49,Month-to-Month,Yes,Mailed Check,No,No internet service,No internet service,2,18.5,862.94,0
CUST_2756,Male,0,Yes,Yes,15,Month-to-Month,No,Electronic Check,No,No internet service,No internet service,1,21.53,330.73,0
CUST_2757,Female,0,No,No,68,One-Year,Yes,Bank Transfer (automatic),Fiber Optic,Yes,Yes,1,93.91,6334.0,0
CUST_2758,Male,0,Yes,No,65,One-Year,Yes,Electronic Check,DSL,No,No,2,51.36,3391.42,0
CUST_2759,Female,0,No,Yes,20,Two-Year,Yes,Mailed Check,DSL,No,No,2,41.78,832.95,0
CUST_2760,Female,0,No,No,32,Month-to-Month,No,Credit Card (automatic),DSL,No,No,2,46.49,1417.24,0
CUST_2761,Male,0,No,No,9,Month-to-Month,No,Credit Card (automatic),No,No internet service,No internet service,1,24.75,225.78,0
CUST_2762,Female,0,Yes,No,46,Month-to-Month,No,Bank Transfer (automatic),No,No internet service,No internet service,1,21.85,1034.06,0
CUST_2763,Female,0,No,No,29,Month-to-Month,No,Mailed Check,DSL,No,Yes,3,56.37,1578.49,0
CUST_2764,Female,0,Yes,No,1,Month-to-Month,Yes,Bank Transfer (automatic),Fiber Optic,Yes,Yes,1,92.65,96.27,1
CUST_2765,Male,0,Yes,No,14,Month-to-Month,No,Bank Transfer (automatic),DSL,No,No,2,43.75,593.0,0
CUST_2766,Male,0,Yes,No,70,One-Year,Yes,Credit Card (automatic),DSL,Yes,Yes,0,66.97,4651.73,0
CUST_2767,Female,0,Yes,No,53,One-Year,Yes,Credit Card (automatic),Fiber Optic,No,No,0,67.2,3571.28,1
CUST_2768,Male,0,No,No,15,One-Year,No,Credit Card (automatic),DSL,Yes,Yes,0,73.55,1082.71,0
CUST_2769,Female,0,Yes,No,3,Two-Year,Yes,Credit Card (automatic),Fiber Optic,Yes,No,4,86.2,258.61,0
CUST_2770,Male,0,No,No,17,Month-to-Month,Yes,Electronic Check,DSL,Yes,No,0,59.91,1040.71,0
CUST_2771,Male,0,No,No,14,Month-to-Month,No,Bank Transfer (automatic),DSL,No,Yes,0,57.89,827.84,1
CUST_2772,Male,0,No,Yes,66,Two-Year,No,Credit Card (automatic),Fiber Optic,Yes,Yes,3,94.75,6517.57,0
CUST_2773,Male,0,No,No,40,Month-to-Month,Yes,Credit Card (automatic),DSL,No,No,3,38.74,1605.71,0
CUST_2774,Female,0,Yes,Yes,17,Month-to-Month,Yes,Credit Card (automatic),Fiber Optic,Yes,Yes,3,96.79,1725.25,1
CUST_2775,Male,0,No,No,21,Month-to-Month,Yes,Mailed Check,DSL,No,No,1,45.05,955.07,0
CUST_2776,Male,0,Yes,No,17,Two-Year,No,Bank Transfer (automatic),DSL,Yes,Yes,0,64.21,1080.71,0
CUST_2777,Male,0,No,No,41,Two-Year,Yes,Electronic Check,DSL,No,Yes,1,61.19,2443.59,0
CUST_2778,Female,0,No,No,66,Month-to-Month,No,Bank Transfer (automatic),DSL,Yes,No,1,56.35,3623.88,0
CUST_2779,Male,0,No,No,68,Month-to-Month,Yes,Mailed Check,Fiber Optic,Yes,No,1,85.0,5578.23,0
CUST_2780,Female,0,Yes,Yes,36,Month-to-Month,Yes,Credit Card (automatic),Fiber Optic,No,Yes,1,83.76,3083.71,0
CUST_2781,Female,0,Yes,Yes,13,Month-to-Month,Yes,Credit Card (automatic),DSL,No,No,0,41.38,546.24,1
CUST_2782,Female,0,Yes,Yes,57,One-Year,Yes,Credit Card (automatic),DSL,Yes,Yes,1,71.99,4018.2,0
CUST_2783,Female,0,Yes,Yes,57,Two-Year,No,Electronic Check,Fiber Optic,No,No,1,67.33,3988.3,0
CUST_2784,Female,0,Yes,No,28,Month-to-Month,Yes,Mailed Check,Fiber Optic,No,Yes,3,75.34,2120.55,1
CUST_2785,Female,0,No,No,43,One-Year,Yes,Bank Transfer (automatic),Fiber Optic,No,No,2,72.97,3002.48,0
CUST_2786,Male,0,Yes,No,53,One-Year,Yes,Electronic Check,Fiber Optic,No,No,2,70.8,3587.84,0
CUST_2787,Male,0,No,No,60,Month-to-Month,No,Electronic Check,DSL,No,No,1,45.45,2629.7,0
CUST_2788,Male,0,No,No,44,Two-Year,Yes,Credit Card (automatic),DSL,Yes,No,1,60.03,2565.06,0
CUST_2789,Female,0,No,No,37,Month-to-Month,No,Electronic Check,DSL,No,No,2,40.41,1553.1,0
CUST_2790,Female,0,Yes,No,57,One-Year,Yes,Electronic Check,Fiber Optic,No,No,1,66.19,3877.88,0
CUST_2791,Female,0,Yes,No,64,Month-to-Month,Yes,Bank Transfer (automatic),No,No internet service,No internet service,0,18.5,1148.68,0
CUST_2792,Male,0,Yes,Yes,8,Month-to-Month,Yes,Credit Card (automatic),DSL,No,No,3,43.11,336.21,0
CUST_2793,Female,0,Yes,Yes,48,Two-Year,Yes,Credit Card (automatic),Fiber Optic,Yes,Yes,1,95.33,4638.43,0
CUST_2794,Male,0,No,No,28,Month-to-Month,Yes,Credit Card (automatic),Fiber Optic,No,No,1,78.15,2269.5,1
CUST_2795,Male,0,Yes,Yes,64,One-Year,No,Bank Transfer (automatic),DSL,No,Yes,1,56.03,3520.2,0
CUST_2796,Male,0,No,No,50,Month-to-Month,Yes,Mailed Check,DSL,No,Yes,1,57.65,2889.85,0
CUST_2797,Male,0,No,No,51,Two-Year,Yes,Credit Card (automatic),DSL,No,No,0,39.29,2082.01,0
CUST_2798,Female,0,No,No,25,One-Year,Yes,Mailed Check,No,No internet service,No internet service,3,18.5,475.02,0
CUST_2799,Male,0,Yes,No,17,One-Year,Yes,Mailed Check,DSL,No,No,1,36.77,649.56,0
CUST_2800,Male,0,Yes,No,41,One-Year,No,Mailed Check,No,No internet service,No internet service,1,29.12,1167.42,0
CUST_2801,Female,0,No,No,68,Two-Year,No,Credit Card (automatic),Fiber Optic,No,Yes,2,74.43,5157.88,0
CUST_2802,Female,1,No,No,2,Month-to-Month,Yes,Credit Card (automatic),Fiber Optic,No,Yes,0,79.93,153.69,0
CUST_2803,Female,0,Yes,No,44,One-Year,No,Mailed Check,Fiber Optic,No,No,3,69.43,3090.42,0
CUST_2804,Male,0,Yes,Yes,18,One-Year,No,Mailed Check,DSL,No,No,1,52.07,918.89,0
CUST_2805,Female,0,Yes,No,62,One-Year,Yes,Credit Card (automatic),Fiber Optic,Yes,No,1,82.9,5243.36,0
CUST_2806,Female,0,No,Yes,51,Month-to-Month,Yes,Electronic Check,DSL,Yes,No,1,51.38,2526.54,0
CUST_2807,Male,0,Yes,No,53,One-Year,No,Credit Card (automatic),Fiber Optic,Yes,Yes,0,92.79,4999.3,0
CUST_2808,Female,0,No,No,10,Month-to-Month,Yes,Mailed Check,Fiber Optic,No,Yes,0,82.24,839.55,1
CUST_2809,Male,0,Yes,No,28,Month-to-Month,Yes,Mailed Check,Fiber Optic,Yes,Yes,0,91.42,2651.18,0
CUST_2810,Male,0,No,Yes,2,Month-to-Month,Yes,Mailed Check,Fiber Optic,No,Yes,1,79.03,161.02,0
CUST_2811,Female,0,No,No,45,Month-to-Month,Yes,Mailed Check,Fiber Optic,No,No,0,66.74,3010.17,0
CUST_2812,Female,0,No,No,2,Month-to-Month,Yes,Bank Transfer (automatic),Fiber Optic,No,Yes,0,78.86,162.2,1
CUST_2813,Male,0,Yes,Yes,53,Two-Year,Yes,Credit Card (automatic),Fiber Optic,No,No,1,66.28,3437.11,0
CUST_2814,Female,0,Yes,No,59,One-Year,No,Mailed Check,DSL,No,No,2,41.42,2487.15,0
CUST_2815,Female,1,Yes,Yes,38,One-Year,Yes,Credit Card (automatic),Fiber Optic,Yes,No,2,80.62,3132.35,0
CUST_2816,Female,0,No,No,1,One-Year,Yes,Bank Transfer (automatic),Fiber Optic,Yes,No,1,84.93,84.02,0
CUST_2817,Male,0,No,No,36,Two-Year,No,Electronic Check,Fiber Optic,Yes,No,2,76.84,2901.5,0
CUST_2818,Female,0,No,No,6,Month-to-Month,No,Bank Transfer (automatic),No,No internet service,No internet service,2,18.5,109.4,0
CUST_2819,Male,0,Yes,No,34,Month-to-Month,Yes,Bank Transfer (automatic),DSL,No,No,1,45.15,1471.32,0
CUST_2820,Female,0,No,No,25,One-Year,Yes,Electronic Check,No,No internet service,No internet service,1,22.02,539.68,0
CUST_2821,Male,0,Yes,Yes,37,One-Year,No,Mailed Check,DSL,No,No,1,50.85,1806.09,1
CUST_2822,Male,0,No,No,54,Two-Year,Yes,Credit Card (automatic),No,No internet service,No internet service,1,22.75,1208.76,0
CUST_2823,Female,0,Yes,Yes,57,One-Year,Yes,Bank Transfer (automatic),Fiber Optic,Yes,No,2,82.54,4529.7,0
CUST_2824,Male,0,No,No,42,Two-Year,Yes,Electronic Check,Fiber Optic,No,No,3,69.81,2914.29,0
CUST_2825,Male,0,Yes,Yes,71,One-Year,No,Electronic Check,DSL,Yes,Yes,2,68.43,4993.59,0
CUST_2826,Male,0,Yes,No,30,One-Year,Yes,Electronic Check,No,No internet service,No internet service,1,18.5,530.99,0
CUST_2827,Female,0,No,No,39,Two-Year,Yes,Mailed Check,DSL,No,No,2,46.5,1824.94,0
CUST_2828,Male,0,Yes,No,30,Month-to-Month,Yes,Electronic Check,DSL,No,Yes,1,55.17,1579.6,0
CUST_2829,Female,0,No,No,33,One-Year,No,Electronic Check,Fiber Optic,No,No,3,70.52,2416.66,0
CUST_2830,Male,0,No,No,40,One-Year,Yes,Mailed Check,Fiber Optic,No,No,2,66.18,2758.75,0
CUST_2831,Male,0,No,Yes,70,One-Year,No,Bank Transfer (automatic),Fiber Optic,No,No,0,69.55,4864.78,0
CUST_2832,Male,0,Yes,Yes,13,Two-Year,No,Electronic Check,Fiber Optic,No,No,0,66.21,883.9,0
CUST_2833,Male,0,No,No,65,Month-to-Month,No,Electronic Check,Fiber Optic,Yes,No,1,84.05,5514.01,0
CUST_2834,Male,0,No,No,24,Month-to-Month,No,Electronic Check,Fiber Optic,Yes,No,2,80.88,1910.19,0
CUST_2835,Male,0,Yes,No,47,One-Year,Yes,Electronic Check,No,No internet service,No internet service,2,20.62,944.44,0
CUST_2836,Female,0,No,No,21,Month-to-Month,No,Electronic Check,Fiber Optic,No,Yes,0,80.16,1726.89,0
CUST_2837,Female,1,Yes,Yes,28,One-Year,No,Bank Transfer (automatic),Fiber Optic,No,No,1,72.66,2020.23,0
CUST_2838,Male,0,Yes,Yes,23,Month-to-Month,No,Mailed Check,Fiber Optic,No,Yes,1,83.34,1997.37,0
CUST_2839,Male,1,Yes,Yes,23,Month-to-Month,No,Electronic Check,Fiber Optic,No,Yes,0,78.56,1892.83,1
CUST_2840,Female,0,Yes,Yes,24,Month-to-Month,No,Credit Card (automatic),Fiber Optic,Yes,Yes,3,90.24,2103.04,0
CUST_2841,Male,0,Yes,Yes,10,Month-to-Month,Yes,Mailed Check,Fiber Optic,Yes,No,1,85.39,859.11,1
CUST_2842,Male,0,No,Yes,27,One-Year,Yes,Electronic Check,No,No internet service,No internet service,1,18.5,501.34,0
CUST_2843,Female,0,No,No,50,Two-Year,Yes,Electronic Check,Fiber Optic,No,No,4,75.42,3909.81,0
CUST_2844,Female,0,Yes,No,55,One-Year,Yes,Credit Card (automatic),Fiber Optic,No,No,0,67.0,3755.38,0
CUST_2845,Female,0,No,Yes,50,One-Year,No,Credit Card (automatic),DSL,Yes,No,4,59.49,3006.44,0
CUST_2846,Male,0,No,No,47,Two-Year,Yes,Electronic Check,Fiber Optic,No,Yes,1,83.41,3990.45,0
CUST_2847,Male,0,No,No,35,Month-to-Month,Yes,Electronic Check,Fiber Optic,No,No,3,68.45,2369.27,0
CUST_2848,Female,0,No,Yes,69,Month-to-Month,No,Mailed Check,Fiber Optic,Yes,Yes,1,95.12,6865.38,0
CUST_2849,Male,0,No,No,65,Two-Year,No,Mailed Check,Fiber Optic,No,No,2,70.15,4358.04,0
CUST_2850,Female,0,Yes,No,52,One-Year,No,Mailed Check,DSL,Yes,No,2,59.97,2971.6,0
CUST_2851,Female,0,Yes,Yes,66,One-Year,No,Bank Transfer (automatic),DSL,No,Yes,0,53.82,3522.14,0
CUST_2852,Male,0,Yes,No,3,Month-to-Month,Yes,Electronic Check,Fiber Optic,No,No,0,72.58,210.22,0
CUST_2853,Female,0,No,No,20,One-Year,No,Electronic Check,DSL,Yes,No,1,49.16,987.6,0
CUST_2854,Female,0,Yes,Yes,16,Month-to-Month,Yes,Bank Transfer (automatic),Fiber Optic,Yes,Yes,2,96.25,1464.39,1
CUST_2855,Female,0,No,No,40,Two-Year,No,Credit Card (automatic),Fiber Optic,Yes,No,0,81.9,3262.79,0
CUST_2856,Male,0,Yes,Yes,63,One-Year,Yes,Electronic Check,Fiber Optic,No,No,3,71.79,4430.02,0
CUST_2857,Male,0,No,No,16,One-Year,No,Bank Transfer (automatic),DSL,No,Yes,1,59.31,920.72,0
CUST_2858,Male,0,Yes,Yes,40,Two-Year,No,Mailed Check,Fiber Optic,No,Yes,2,87.72,3489.38,0
CUST_2859,Male,0,Yes,No,6,Month-to-Month,Yes,Electronic Check,DSL,No,No,2,45.38,281.93,1
CUST_2860,Female,0,Yes,No,45,One-Year,No,Credit Card (automatic),DSL,Yes,No,1,53.41,2440.8,0
CUST_2861,Male,0,Yes,No,36,One-Year,No,Mailed Check,No,No internet service,No internet service,0,27.14,943.81,0
CUST_2862,Male,0,Yes,Yes,5,Month-to-Month,No,Bank Transfer (automatic),Fiber Optic,No,Yes,1,83.33,416.6,1
CUST_2863,Male,0,No,No,40,Two-Year,Yes,Mailed Check,Fiber Optic,No,No,2,73.35,3060.65,0
CUST_2864,Female,0,Yes,No,23,Month-to-Month,Yes,Electronic Check,Fiber Optic,No,Yes,0,80.35,1836.82,1
CUST_2865,Male,0,Yes,Yes,20,Two-Year,Yes,Bank Transfer (automatic),No,No internet service,No internet service,2,18.5,368.91,0
CUST_2866,Male,0,No,No,23,One-Year,Yes,Mailed Check,DSL,No,No,1,45.45,1091.49,0
CUST_2867,Male,0,Yes,Yes,57,Two-Year,Yes,Electronic Check,No,No internet service,No internet service,1,22.15,1216.57,0
CUST_2868,Female,0,No,No,9,Month-to-Month,No,Bank Transfer (automatic),DSL,No,No,1,46.09,424.56,0
CUST_2869,Male,0,No,No,49,Two-Year,Yes,Electronic Check,DSL,Yes,Yes,3,65.02,3121.99,0
CUST_2870,Female,0,Yes,No,44,Month-to-Month,No,Electronic Check,Fiber Optic,No,Yes,1,88.08,4017.32,0
CUST_2871,Female,0,Yes,Yes,52,Two-Year,Yes,Credit Card (automatic),No,No internet service,No internet service,1,18.5,919.13,0
CUST_2872,Male,0,Yes,Yes,5,Month-to-Month,Yes,Electronic Check,DSL,No,Yes,0,58.32,305.9,0
CUST_2873,Female,0,No,No,35,One-Year,Yes,Bank Transfer (automatic),Fiber Optic,Yes,Yes,0,94.1,3381.97,0
CUST_2874,Male,0,No,No,40,Two-Year,No,Credit Card (automatic),Fiber Optic,No,No,1,80.11,3135.29,0
CUST_2875,Female,0,No,No,14,Month-to-Month,No,Electronic Check,DSL,No,Yes,1,55.26,793.82,0
CUST_2876,Female,0,No,No,36,One-Year,Yes,Mailed Check,Fiber Optic,Yes,No,0,77.1,2893.0,0
CUST_2877,Male,0,Yes,No,44,One-Year,Yes,Bank Transfer (automatic),No,No internet service,No internet service,0,22.6,955.91,0
CUST_2878,Male,0,No,No,37,One-Year,Yes,Mailed Check,Fiber Optic,No,No,1,67.99,2619.67,0
CUST_2879,Male,0,No,No,69,Two-Year,No,Bank Transfer (automatic),Fiber Optic,Yes,Yes,3,98.26,6685.14,0
CUST_2880,Female,0,No,No,2,Month-to-Month,No,Mailed Check,DSL,No,No,1,48.5,92.21,0
CUST_2881,Male,0,No,No,13,One-Year,Yes,Electronic Check,DSL,No,Yes,1,59.83,747.64,0
CUST_2882,Female,0,No,No,62,Two-Year,Yes,Electronic Check,Fiber Optic,No,Yes,1,78.89,5079.39,0
CUST_2883,Male,0,Yes,No,10,Month-to-Month,Yes,Bank Transfer (automatic),No,No internet service,No internet service,1,23.46,245.92,0
CUST_2884,Female,0,Yes,Yes,45,Two-Year,Yes,Electronic Check,No,No internet service,No internet service,1,29.22,1366.89,0
CUST_2885,Male,0,No,No,7,Month-to-Month,Yes,Credit Card (automatic),DSL,Yes,No,2,55.48,386.09,0
CUST_2886,Female,0,Yes,Yes,39,Month-to-Month,Yes,Bank Transfer (automatic),DSL,No,Yes,1,56.21,2293.34,0
CUST_2887,Male,0,No,No,49,Month-to-Month,Yes,Electronic Check,DSL,No,No,1,44.44,2157.28,0
CUST_2888,Female,0,Yes,No,53,One-Year,Yes,Electronic Check,DSL,Yes,No,1,55.79,2842.64,0
CUST_2889,Male,0,No,Yes,5,Month-to-Month,Yes,Electronic Check,No,No internet service,No internet service,5,20.55,101.12,0
CUST_2890,Male,0,No,No,61,Month-to-Month,Yes,Bank Transfer (automatic),Fiber Optic,No,No,2,70.08,4487.95,0
CUST_2891,Male,0,Yes,Yes,11,Month-to-Month,Yes,Credit Card (automatic),Fiber Optic,No,No,1,69.77,777.14,0
CUST_2892,Female,0,No,No,14,One-Year,No,Electronic Check,No,No internet service,No internet service,2,18.5,254.86,0
CUST_2893,Male,0,No,No,69,One-Year,No,Electronic Check,Fiber Optic,Yes,No,1,86.76,6060.78,0
CUST_2894,Female,0,No,No,54,Month-to-Month,Yes,Mailed Check,DSL,No,No,4,46.5,2493.21,0
CUST_2895,Male,0,Yes,Yes,9,Month-to-Month,No,Electronic Check,Fiber Optic,Yes,No,2,85.88,738.1,0
CUST_2896,Female,1,Yes,Yes,37,Two-Year,No,Bank Transfer (automatic),No,No internet service,No internet service,0,22.39,803.67,0
CUST_2897,Female,0,Yes,Yes,65,Two-Year,Yes,Mailed Check,DSL,No,No,1,34.37,2126.64,0
CUST_2898,Female,0,Yes,Yes,42,Two-Year,Yes,Electronic Check,No,No internet service,No internet service,0,23.62,967.71,0
CUST_2899,Male,0,No,No,57,Two-Year,No,Mailed Check,No,No internet service,No internet service,2,23.24,1356.41,0
CUST_2900,Male,0,No,No,7,Month-to-Month,No,Mailed Check,Fiber Optic,No,No,2,70.96,481.49,0
CUST_2901,Male,0,No,Yes,67,Month-to-Month,Yes,Mailed Check,Fiber Optic,Yes,No,0,90.68,6092.61,0
CUST_2902,Male,0,No,No,67,One-Year,Yes,Electronic Check,DSL,Yes,No,1,61.18,4181.7,0
CUST_2903,Female,0,No,No,12,One-Year,No,Bank Transfer (automatic),DSL,No,No,1,49.03,591.22,0
CUST_2904,Female,0,Yes,No,9,One-Year,Yes,Mailed Check,Fiber Optic,No,Yes,1,75.2,644.0,0
CUST_2905,Female,0,No,No,66,One-Year,No,Electronic Check,No,No internet service,No internet service,2,25.38,1652.19,0
CUST_2906,Male,0,Yes,Yes,44,One-Year,Yes,Electronic Check,Fiber Optic,No,No,3,72.71,3180.57,0
CUST_2907,Female,0,No,No,15,One-Year,No,Electronic Check,No,No internet service,No internet service,1,18.5,273.14,0
CUST_2908,Male,0,Yes,No,15,Month-to-Month,Yes,Electronic Check,DSL,No,Yes,0,58.28,878.24,0
CUST_2909,Female,0,Yes,No,53,One-Year,Yes,Mailed Check,DSL,No,No,0,38.25,2029.92,0
CUST_2910,Male,0,No,No,68,One-Year,No,Electronic Check,Fiber Optic,Yes,No,2,84.74,5582.22,0
CUST_2911,Male,0,No,No,41,Two-Year,Yes,Mailed Check,Fiber Optic,No,Yes,2,82.73,3477.4,0
CUST_2912,Male,0,No,No,26,Month-to-Month,Yes,Electronic Check,Fiber Optic,No,Yes,0,79.61,1999.73,1
CUST_2913,Female,0,No,No,60,One-Year,No,Bank Transfer (automatic),Fiber Optic,No,No,0,72.82,4351.27,0
CUST_2914,Female,0,Yes,Yes,53,Month-to-Month,Yes,Bank Transfer (automatic),DSL,No,Yes,2,53.97,2933.72,0
CUST_2915,Male,0,No,No,41,One-Year,Yes,Mailed Check,DSL,No,No,1,45.48,1901.46,0
CUST_2916,Male,1,Yes,No,14,Month-to-Month,Yes,Electronic Check,Fiber Optic,No,No,0,74.43,1034.95,0
CUST_2917,Male,0,No,No,65,Month-to-Month,No,Electronic Check,Fiber Optic,Yes,No,2,80.64,5393.04,0
CUST_2918,Female,0,No,No,67,One-Year,No,Electronic Check,No,No internet service,No internet service,0,18.5,1266.0,0
CUST_2919,Male,0,Yes,Yes,69,Month-to-Month,No,Mailed Check,DSL,Yes,No,1,61.37,4185.64,0
CUST_2920,Female,0,No,No,16,One-Year,Yes,Electronic Check,Fiber Optic,Yes,No,2,82.44,1371.21,0
CUST_2921,Female,0,No,No,10,Month-to-Month,Yes,Electronic Check,DSL,Yes,No,2,65.03,627.02,0
CUST_2922,Female,0,Yes,Yes,58,Two-Year,Yes,Credit Card (automatic),No,No internet service,No internet service,1,22.07,1261.94,0
CUST_2923,Male,0,No,No,49,Month-to-Month,No,Electronic Check,No,No internet service,No internet service,2,23.05,1151.79,0
CUST_2924,Female,0,No,No,62,Month-to-Month,No,Credit Card (automatic),No,No internet service,No internet service,2,21.45,1379.5,0
CUST_2925,Female,0,No,No,16,Two-Year,No,Credit Card (automatic),DSL,Yes,No,0,59.23,930.87,0
CUST_2926,Male,0,Yes,No,12,Month-to-Month,No,Credit Card (automatic),Fiber Optic,No,Yes,0,84.44,1019.49,0
CUST_2927,Female,0,Yes,No,34,Month-to-Month,Yes,Credit Card (automatic),DSL,Yes,Yes,1,71.71,2319.12,0
CUST_2928,Female,0,No,No,49,Month-to-Month,Yes,Electronic Check,DSL,Yes,Yes,3,64.53,3121.13,0
CUST_2929,Male,0,Yes,Yes,71,Two-Year,No,Electronic Check,Fiber Optic,No,No,2,66.56,4645.86,0
CUST_2930,Male,0,No,Yes,24,One-Year,Yes,Electronic Check,Fiber Optic,No,Yes,1,84.65,2101.18,0
CUST_2931,Male,0,Yes,No,38,One-Year,Yes,Electronic Check,Fiber Optic,Yes,No,1,82.37,2996.71,0
CUST_2932,Female,0,No,No,15,One-Year,No,Electronic Check,DSL,No,Yes,1,53.95,773.81,0
CUST_2933,Male,0,No,No,28,One-Year,Yes,Credit Card (automatic),Fiber Optic,No,Yes,0,83.2,2316.25,0
CUST_2934,Female,0,Yes,No,48,Two-Year,Yes,Electronic Check,DSL,Yes,No,1,63.45,3017.39,0
CUST_2935,Female,0,Yes,No,44,Month-to-Month,Yes,Electronic Check,No,No internet service,No internet service,2,20.77,882.95,0
CUST_2936,Female,0,No,No,39,Two-Year,No,Bank Transfer (automatic),Fiber Optic,Yes,No,1,83.69,3186.67,0
CUST_2937,Male,0,No,No,47,Month-to-Month,Yes,Electronic Check,No,No internet service,No internet service,1,21.82,1074.17,0
CUST_2938,Female,0,Yes,No,15,Month-to-Month,Yes,Mailed Check,DSL,No,No,2,42.56,639.24,1
CUST_2939,Male,0,No,No,20,Month-to-Month,Yes,Electronic Check,Fiber Optic,Yes,Yes,1,93.8,1798.68,1
CUST_2940,Male,0,Yes,No,36,Two-Year,No,Credit Card (automatic),Fiber Optic,No,Yes,0,73.64,2531.68,0
CUST_2941,Female,0,Yes,No,58,Two-Year,Yes,Mailed Check,Fiber Optic,No,Yes,0,78.22,4328.95,0
CUST_2942,Male,0,No,No,46,One-Year,No,Bank Transfer (automatic),Fiber Optic,No,No,1,69.69,3170.16,0
CUST_2943,Female,0,Yes,Yes,30,One-Year,Yes,Electronic Check,No,No internet service,No internet service,0,18.5,575.29,0
CUST_2944,Male,0,No,No,67,Two-Year,No,Credit Card (automatic),DSL,No,No,5,44.92,3109.84,0
CUST_2945,Male,0,Yes,No,66,Two-Year,No,Electronic Check,No,No internet service,No internet service,0,18.82,1225.71,0
CUST_2946,Male,0,Yes,No,51,One-Year,Yes,Bank Transfer (automatic),DSL,No,No,1,50.29,2635.17,0
CUST_2947,Female,0,Yes,Yes,53,One-Year,Yes,Credit Card (automatic),Fiber Optic,Yes,Yes,1,102.09,5547.26,0
CUST_2948,Female,0,No,No,44,Month-to-Month,Yes,Mailed Check,Fiber Optic,No,No,1,69.78,3065.1,0
CUST_2949,Female,0,No,No,22,Month-to-Month,No,Mailed Check,DSL,Yes,Yes,0,70.51,1536.39,0
CUST_2950,Male,0,No,No,55,Two-Year,Yes,Electronic Check,DSL,Yes,No,3,61.84,3292.55,0
CUST_2951,Male,0,Yes,No,4,Month-to-Month,Yes,Mailed Check,Fiber Optic,No,No,2,69.98,273.73,1
CUST_2952,Female,0,Yes,No,38,Two-Year,No,Credit Card (automatic),No,No internet service,No internet service,3,21.68,810.55,0
CUST_2953,Male,0,No,No,61,One-Year,No,Electronic Check,DSL,Yes,No,0,51.43,3235.34,0
CUST_2954,Male,0,Yes,Yes,2,Month-to-Month,Yes,Credit Card (automatic),No,No internet service,No internet service,2,22.07,44.37,0
CUST_2955,Female,0,No,No,19,Month-to-Month,Yes,Bank Transfer (automatic),DSL,No,No,0,50.11,923.61,0
CUST_2956,Male,0,Yes,No,27,Two-Year,Yes,Mailed Check,Fiber Optic,Yes,Yes,1,89.53,2319.61,0
CUST_2957,Female,0,No,No,17,Month-to-Month,Yes,Bank Transfer (automatic),DSL,No,No,2,38.36,651.9,0
CUST_2958,Female,0,Yes,No,23,One-Year,Yes,Electronic Check,Fiber Optic,Yes,No,2,87.18,2038.49,0
CUST_2959,Male,0,No,No,18,One-Year,No,Electronic Check,DSL,Yes,No,1,55.73,1035.13,1
CUST_2960,Male,0,Yes,No,14,Two-Year,Yes,Electronic Check,Fiber Optic,No,Yes,1,78.88,1137.15,0
CUST_2961,Male,0,Yes,No,68,One-Year,Yes,Mailed Check,Fiber Optic,Yes,No,3,82.39,5784.13,0
CUST_2962,Female,0,Yes,Yes,68,One-Year,Yes,Credit Card (automatic),Fiber Optic,No,Yes,1,79.81,5398.78,0
CUST_2963,Female,0,Yes,No,19,Month-to-Month,No,Mailed Check,Fiber Optic,Yes,No,1,77.86,1533.43,1
CUST_2964,Male,0,Yes,Yes,11,Month-to-Month,Yes,Bank Transfer (automatic),Fiber Optic,Yes,Yes,0,87.9,961.54,1
CUST_2965,Male,0,No,Yes,16,One-Year,No,Electronic Check,DSL,No,Yes,3,64.22,993.42,0
CUST_2966,Female,0,No,No,46,Two-Year,Yes,Bank Transfer (automatic),DSL,Yes,No,2,63.67,2898.76,0
CUST_2967,Female,0,No,No,31,Month-to-Month,Yes,Bank Transfer (automatic),Fiber Optic,No,Yes,0,81.0,2470.83,0
CUST_2968,Male,0,No,Yes,18,One-Year,No,Mailed Check,DSL,No,No,0,55.47,987.69,0
CUST_2969,Male,0,No,No,43,Two-Year,Yes,Credit Card (automatic),DSL,No,No,1,50.31,2197.64,0
CUST_2970,Male,0,Yes,Yes,36,Month-to-Month,No,Credit Card (automatic),Fiber Optic,Yes,Yes,1,93.8,3429.79,0
CUST_2971,Female,0,Yes,Yes,55,One-Year,No,Bank Transfer (automatic),DSL,No,No,5,54.08,2892.57,0
CUST_2972,Female,0,Yes,No,30,Two-Year,Yes,Credit Card (automatic),DSL,No,Yes,1,48.82,1437.64,0
CUST_2973,Male,0,No,No,60,Two-Year,No,Bank Transfer (automatic),No,No internet service,No internet service,2,19.17,1161.17,0
CUST_2974,Female,1,Yes,Yes,31,One-Year,Yes,Credit Card (automatic),DSL,Yes,No,1,64.04,1902.68,0
CUST_2975,Male,0,Yes,No,71,Month-to-Month,No,Mailed Check,Fiber Optic,No,Yes,0,80.64,5833.46,0
CUST_2976,Male,0,No,Yes,44,Month-to-Month,Yes,Electronic Check,Fiber Optic,No,No,3,74.69,3180.83,0
CUST_2977,Male,0,Yes,No,18,One-Year,Yes,Credit Card (automatic),DSL,Yes,Yes,0,65.08,1212.52,0
CUST_2978,Female,0,No,No,13,Month-to-Month,Yes,Electronic Check,Fiber Optic,Yes,No,4,79.36,1021.53,0
CUST_2979,Male,0,No,Yes,1,Month-to-Month,No,Electronic Check,No,No internet service,No internet service,3,21.55,20.95,1
CUST_2980,Female,0,Yes,No,40,Two-Year,Yes,Electronic Check,Fiber Optic,No,No,2,72.65,2954.77,0
CUST_2981,Male,0,Yes,No,67,Two-Year,Yes,Electronic Check,Fiber Optic,No,No,5,70.83,4771.25,0
CUST_2982,Male,0,No,No,31,One-Year,Yes,Electronic Check,Fiber Optic,Yes,No,0,80.35,2409.13,0
CUST_2983,Male,0,No,No,33,Month-to-Month,No,Bank Transfer (automatic),DSL,No,Yes,1,53.28,1815.76,0
CUST_2984,Female,0,Yes,Yes,5,Month-to-Month,Yes,Credit Card (automatic),DSL,Yes,No,2,66.45,330.7,0
CUST_2985,Male,0,No,Yes,29,One-Year,Yes,Electronic Check,Fiber Optic,No,Yes,4,83.4,2334.49,1
CUST_2986,Female,0,No,No,42,Two-Year,No,Credit Card (automatic),No,No internet service,No internet service,1,24.42,1056.02,0
CUST_2987,Male,0,Yes,No,69,Two-Year,Yes,Electronic Check,Fiber Optic,No,No,1,73.95,4915.51,0
CUST_2988,Male,0,Yes,Yes,15,Two-Year,Yes,Electronic Check,Fiber Optic,Yes,No,1,80.11,1257.89,0
CUST_2989,Male,0,No,No,71,Two-Year,Yes,Bank Transfer (automatic),Fiber Optic,No,Yes,2,82.2,5802.24,0
CUST_2990,Male,1,Yes,No,37,One-Year,Yes,Credit Card (automatic),No,No internet service,No internet service,1,18.5,700.12,0
CUST_2991,Male,0,No,No,56,One-Year,Yes,Electronic Check,DSL,No,No,0,48.08,2679.55,0
CUST_2992,Male,0,Yes,Yes,15,One-Year,Yes,Mailed Check,DSL,No,Yes,2,56.37,819.13,0
CUST_2993,Female,0,No,No,31,One-Year,Yes,Electronic Check,Fiber Optic,No,No,0,76.51,2433.03,0
CUST_2994,Female,0,No,No,47,One-Year,No,Credit Card (automatic),DSL,Yes,Yes,2,62.57,2878.84,0
CUST_2995,Male,0,No,No,5,Month-to-Month,Yes,Electronic Check,DSL,No,No,0,47.02,239.39,0
CUST_2996,Male,0,Yes,No,67,Month-to-Month,Yes,Mailed Check,Fiber Optic,No,Yes,2,92.19,6026.87,0
CUST_2997,Male,0,Yes,Yes,40,Two-Year,Yes,Credit Card (automatic),Fiber Optic,No,Yes,0,79.07,3080.92,0
CUST_2998,Male,0,No,No,25,Month-to-Month,Yes,Bank Transfer (automatic),No,No internet service,No internet service,2,20.65,514.05,0
CUST_2999,Male,0,Yes,No,9,Month-to-Month,No,Credit Card (automatic),Fiber Optic,Yes,No,2,80.6,748.34,0
CUST_3000,Female,0,Yes,Yes,13,Two-Year,Yes,Credit Card (automatic),DSL,Yes,No,3,60.59,796.62,0
CUST_3001,Male,0,No,No,5,Month-to-Month,Yes,Mailed Check,Fiber Optic,No,No,0,62.0,296.5,0
CUST_3002,Male,0,Yes,Yes,64,One-Year,No,Bank Transfer (automatic),DSL,No,No,3,40.19,2632.31,0
CUST_3003,Male,0,Yes,No,70,Month-to-Month,No,Electronic Check,Fiber Optic,No,Yes,1,78.04,5506.38,0
CUST_3004,Male,1,Yes,Yes,3,One-Year,No,Credit Card (automatic),Fiber Optic,Yes,Yes,2,97.53,296.21,1
CUST_3005,Female,0,No,No,28,One-Year,No,Electronic Check,DSL,Yes,Yes,1,68.28,1883.85,0
CUST_3006,Male,0,No,No,14,Two-Year,Yes,Credit Card (automatic),No,No internet service,No internet service,0,18.5,260.45,0
CUST_3007,Male,0,Yes,Yes,7,One-Year,No,Electronic Check,No,No internet service,No internet service,1,21.64,149.54,0
CUST_3008,Female,0,Yes,No,50,Two-Year,No,Electronic Check,Fiber Optic,Yes,Yes,1,94.9,4546.42,0
CUST_3009,Male,0,Yes,Yes,45,Month-to-Month,Yes,Electronic Check,Fiber Optic,Yes,No,2,81.22,3780.79,0
CUST_3010,Female,0,No,No,68,One-Year,No,Bank Transfer (automatic),DSL,Yes,No,0,55.01,3807.27,0
CUST_3011,Female,0,Yes,No,7,Month-to-Month,Yes,Electronic Check,Fiber Optic,No,Yes,3,78.38,558.01,1
CUST_3012,Male,0,No,No,56,One-Year,No,Electronic Check,DSL,Yes,No,0,62.71,3404.19,0
CUST_3013,Female,0,Yes,No,40,Two-Year,Yes,Electronic Check,DSL,No,Yes,1,62.98,2560.41,0
CUST_3014,Male,0,No,No,52,One-Year,Yes,Electronic Check,DSL,Yes,Yes,0,63.76,3226.67,0
CUST_3015,Female,0,Yes,No,15,Month-to-Month,Yes,Mailed Check,DSL,No,No,1,43.45,663.97,0
CUST_3016,Male,0,No,No,54,One-Year,Yes,Mailed Check,Fiber Optic,No,No,2,71.81,3813.19,0
CUST_3017,Male,0,Yes,No,30,Month-to-Month,Yes,Electronic Check,DSL,No,Yes,0,53.4,1547.13,1
CUST_3018,Female,0,Yes,No,57,Two-Year,Yes,Bank Transfer (automatic),DSL,No,Yes,1,59.97,3557.16,0
CUST_3019,Female,0,No,No,53,One-Year,No,Credit Card (automatic),DSL,Yes,Yes,2,69.87,3556.71,0
CUST_3020,Female,0,No,No,29,One-Year,No,Bank Transfer (automatic),Fiber Optic,No,No,2,73.33,2182.24,0
CUST_3021,Female,0,Yes,Yes,20,Month-to-Month,Yes,Credit Card (automatic),Fiber Optic,No,Yes,2,91.28,1752.9,1
CUST_3022,Male,0,No,No,42,Two-Year,No,Electronic Check,No,No internet service,No internet service,1,18.5,791.35,0
CUST_3023,Male,0,No,Yes,69,Month-to-Month,Yes,Credit Card (automatic),DSL,Yes,Yes,0,74.86,4964.09,0
CUST_3024,Male,0,No,No,23,Month-to-Month,No,Mailed Check,No,No internet service,No internet service,0,18.5,425.88,0
CUST_3025,Male,0,Yes,No,60,Two-Year,Yes,Bank Transfer (automatic),DSL,Yes,No,2,59.82,3477.22,0
CUST_3026,Male,0,No,Yes,69,Month-to-Month,No,Mailed Check,No,No internet service,No internet service,0,22.25,1591.53,0
CUST_3027,Female,0,No,No,55,Month-to-Month,No,Electronic Check,Fiber Optic,Yes,No,2,87.66,4773.8,0
CUST_3028,Male,0,Yes,Yes,50,Month-to-Month,Yes,Electronic Check,Fiber Optic,No,Yes,1,82.43,3921.78,0
CUST_3029,Male,0,No,No,30,One-Year,Yes,Bank Transfer (automatic),DSL,No,Yes,2,53.9,1637.72,0
CUST_3030,Male,0,Yes,Yes,72,Two-Year,No,Electronic Check,DSL,No,No,0,46.16,3305.29,0
CUST_3031,Female,0,Yes,Yes,46,One-Year,No,Bank Transfer (automatic),DSL,No,Yes,2,63.93,3046.57,0
CUST_3032,Female,0,No,No,11,Month-to-Month,Yes,Bank Transfer (automatic),DSL,No,No,1,46.59,509.06,0
CUST_3033,Female,0,No,No,27,Month-to-Month,Yes,Mailed Check,No,No internet service,No internet service,1,18.5,495.06,0
CUST_3034,Male,0,Yes,Yes,20,Month-to-Month,No,Electronic Check,Fiber Optic,No,No,0,69.57,1385.01,0
CUST_3035,Female,0,Yes,No,27,Month-to-Month,No,Electronic Check,DSL,Yes,No,1,58.2,1627.95,0
CUST_3036,Male,0,No,No,33,Two-Year,Yes,Electronic Check,Fiber Optic,No,No,0,70.66,2352.03,0
CUST_3037,Female,0,Yes,Yes,16,Month-to-Month,No,Electronic Check,Fiber Optic,Yes,No,0,82.11,1336.01,0
CUST_3038,Female,0,No,No,62,Two-Year,Yes,Electronic Check,Fiber Optic,No,Yes,1,86.12,5457.13,0
CUST_3039,Male,0,No,No,23,Month-to-Month,No,Electronic Check,DSL,No,Yes,0,65.3,1567.61,1
CUST_3040,Male,0,Yes,No,38,Two-Year,No,Electronic Check,DSL,Yes,Yes,0,73.0,2867.63,0
CUST_3041,Female,0,No,No,65,Two-Year,Yes,Electronic Check,No,No internet service,No internet service,1,22.69,1537.87,0
CUST_3042,Male,0,No,No,55,One-Year,Yes,Credit Card (automatic),Fiber Optic,No,Yes,1,86.33,4673.75,0
CUST_3043,Female,0,Yes,Yes,8,Month-to-Month,No,Credit Card (automatic),Fiber Optic,No,Yes,3,84.78,658.9,0
CUST_3044,Male,0,No,No,71,One-Year,Yes,Electronic Check,Fiber Optic,Yes,No,2,82.78,5703.05,0
CUST_3045,Male,0,No,No,38,One-Year,No,Electronic Check,Fiber Optic,Yes,Yes,2,91.88,3616.36,0
CUST_3046,Male,0,No,No,50,Month-to-Month,No,Mailed Check,Fiber Optic,No,No,2,67.88,3506.2,0
CUST_3047,Male,0,No,No,59,Two-Year,Yes,Electronic Check,Fiber Optic,Yes,No,1,82.15,4919.75,0
CUST_3048,Male,0,Yes,Yes,25,Month-to-Month,No,Mailed Check,Fiber Optic,Yes,No,3,83.37,1993.16,0
CUST_3049,Male,0,Yes,Yes,30,Month-to-Month,Yes,Mailed Check,Fiber Optic,No,No,1,74.75,2201.7,0
CUST_3050,Female,0,Yes,Yes,2,Two-Year,No,Electronic Check,DSL,Yes,No,0,56.77,116.2,0
CUST_3051,Male,0,Yes,Yes,8,Month-to-Month,No,Credit Card (automatic),No,No internet service,No internet service,3,18.8,146.62,1
CUST_3052,Female,0,Yes,No,28,Month-to-Month,No,Credit Card (automatic),DSL,No,No,2,46.29,1312.2,1
CUST_3053,Female,0,No,No,5,Two-Year,Yes,Credit Card (automatic),No,No internet service,No internet service,1,21.92,110.07,0
CUST_3054,Female,0,No,Yes,21,Month-to-Month,Yes,Electronic Check,DSL,No,No,0,42.88,879.11,1
CUST_3055,Male,0,No,No,29,Month-to-Month,Yes,Credit Card (automatic),Fiber Optic,No,No,0,67.33,2037.38,1
CUST_3056,Male,0,No,No,21,One-Year,Yes,Bank Transfer (automatic),DSL,No,No,1,47.78,978.97,0
CUST_3057,Male,0,No,Yes,42,One-Year,Yes,Bank Transfer (automatic),DSL,No,No,1,44.71,1951.95,0
CUST_3058,Female,0,No,No,56,One-Year,No,Credit Card (automatic),Fiber Optic,No,No,2,74.92,4212.69,1
CUST_3059,Female,0,No,No,3,Month-to-Month,Yes,Credit Card (automatic),No,No internet service,No internet service,0,21.32,61.35,0
CUST_3060,Male,0,Yes,Yes,58,Two-Year,Yes,Bank Transfer (automatic),DSL,Yes,No,1,56.92,3411.5,0
CUST_3061,Male,0,No,No,16,Month-to-Month,Yes,Mailed Check,Fiber Optic,No,Yes,0,77.49,1275.97,0
CUST_3062,Female,0,No,No,60,One-Year,Yes,Mailed Check,DSL,No,No,3,45.24,2804.24,0
CUST_3063,Male,0,Yes,Yes,44,One-Year,No,Bank Transfer (automatic),DSL,No,No,5,41.28,1841.41,0
CUST_3064,Female,0,No,No,49,One-Year,Yes,Credit Card (automatic),DSL,No,No,1,40.08,2005.48,0
CUST_3065,Female,0,No,No,18,One-Year,Yes,Bank Transfer (automatic),Fiber Optic,No,No,0,76.25,1428.37,0
CUST_3066,Female,0,Yes,No,21,Month-to-Month,Yes,Mailed Check,DSL,No,No,2,43.26,874.64,0
CUST_3067,Male,0,No,No,10,Month-to-Month,Yes,Mailed Check,Fiber Optic,No,Yes,0,85.77,821.94,0
CUST_3068,Male,0,Yes,No,18,One-Year,Yes,Electronic Check,No,No internet service,No internet service,5,18.5,320.52,0
CUST_3069,Female,0,Yes,Yes,1,Month-to-Month,No,Credit Card (automatic),DSL,No,No,0,42.36,43.93,0
CUST_3070,Female,0,No,No,66,One-Year,No,Electronic Check,DSL,No,No,3,42.0,2789.45,0
CUST_3071,Male,0,No,No,19,Month-to-Month,Yes,Bank Transfer (automatic),Fiber Optic,Yes,No,4,84.95,1561.77,0
CUST_3072,Male,0,No,No,18,Month-to-Month,Yes,Credit Card (automatic),Fiber Optic,No,No,1,71.99,1249.39,0
CUST_3073,Female,0,No,No,5,Month-to-Month,No,Mailed Check,Fiber Optic,No,Yes,1,76.91,382.45,0
CUST_3074,Female,0,Yes,No,48,Two-Year,Yes,Credit Card (automatic),DSL,No,No,3,39.54,1957.84,0
CUST_3075,Female,0,No,No,37,Month-to-Month,Yes,Credit Card (automatic),Fiber Optic,No,No,1,72.13,2750.26,0
CUST_3076,Female,1,No,No,7,Month-to-Month,Yes,Electronic Check,DSL,No,Yes,2,62.44,452.43,0
CUST_3077,Male,0,No,No,3,Two-Year,No,Mailed Check,Fiber Optic,No,Yes,1,87.24,268.76,0
CUST_3078,Male,0,Yes,Yes,57,Month-to-Month,No,Bank Transfer (automatic),DSL,Yes,No,0,54.1,2948.52,0
CUST_3079,Female,0,No,No,40,One-Year,Yes,Mailed Check,Fiber Optic,No,No,0,68.47,2799.1,0
CUST_3080,Female,0,No,No,51,Two-Year,Yes,Bank Transfer (automatic),Fiber Optic,No,No,2,72.1,3684.07,0
CUST_3081,Male,0,No,No,56,Month-to-Month,No,Bank Transfer (automatic),DSL,Yes,No,1,59.38,3400.57,0
CUST_3082,Male,0,No,No,4,Month-to-Month,No,Electronic Check,DSL,No,No,1,46.0,183.71,1
CUST_3083,Female,0,Yes,No,48,Two-Year,No,Mailed Check,DSL,Yes,No,2,55.55,2662.01,0
CUST_3084,Male,0,No,Yes,3,Month-to-Month,No,Electronic Check,DSL,Yes,No,2,58.9,170.09,1
CUST_3085,Male,0,No,No,26,One-Year,No,Electronic Check,No,No internet service,No internet service,1,20.66,558.93,0
CUST_3086,Female,0,Yes,No,2,Month-to-Month,Yes,Mailed Check,Fiber Optic,Yes,No,3,82.8,163.52,0
CUST_3087,Female,0,No,No,14,Month-to-Month,Yes,Bank Transfer (automatic),Fiber Optic,Yes,Yes,1,97.57,1377.23,1
CUST_3088,Female,0,No,No,66,One-Year,Yes,Electronic Check,DSL,Yes,Yes,4,73.45,4705.74,0
CUST_3089,Male,0,Yes,No,66,Month-to-Month,Yes,Bank Transfer (automatic),No,No internet service,No internet service,0,21.4,1393.88,0
CUST_3090,Female,0,No,No,37,One-Year,No,Mailed Check,DSL,No,Yes,1,58.18,2232.43,0
CUST_3091,Female,0,Yes,Yes,38,Month-to-Month,No,Credit Card (automatic),DSL,No,No,1,44.38,1637.47,0
CUST_3092,Female,0,Yes,Yes,2,Month-to-Month,No,Mailed Check,Fiber Optic,Yes,Yes,0,94.53,183.5,1
CUST_3093,Female,0,No,No,7,Month-to-Month,No,Electronic Check,DSL,No,No,1,48.04,328.23,1
CUST_3094,Male,0,Yes,No,17,Month-to-Month,Yes,Bank Transfer (automatic),Fiber Optic,No,No,1,71.98,1232.8,1
CUST_3095,Male,0,Yes,No,33,Month-to-Month,No,Bank Transfer (automatic),DSL,No,No,0,42.83,1416.31,0
CUST_3096,Male,0,Yes,No,71,One-Year,Yes,Mailed Check,Fiber Optic,No,No,0,67.62,4645.14,0
CUST_3097,Male,0,Yes,Yes,13,Month-to-Month,No,Mailed Check,Fiber Optic,Yes,No,1,79.49,1053.21,1
CUST_3098,Female,0,No,No,5,Month-to-Month,Yes,Electronic Check,Fiber Optic,Yes,No,3,86.6,450.65,1
CUST_3099,Female,0,No,No,2,Month-to-Month,Yes,Mailed Check,Fiber Optic,No,No,0,63.36,122.9,0
CUST_3100,Female,0,No,No,71,Two-Year,Yes,Electronic Check,Fiber Optic,No,Yes,1,76.58,5531.22,0
CUST_3101,Female,0,No,No,61,One-Year,Yes,Mailed Check,Fiber Optic,No,Yes,0,79.54,4893.85,0
CUST_3102,Male,0,Yes,Yes,41,Two-Year,Yes,Credit Card (automatic),DSL,Yes,No,3,60.01,2418.32,0
CUST_3103,Male,0,No,No,28,One-Year,Yes,Credit Card (automatic),DSL,No,No,2,43.93,1244.53,0
CUST_3104,Male,0,No,No,26,Month-to-Month,Yes,Electronic Check,Fiber Optic,No,No,1,66.69,1683.64,0
CUST_3105,Male,0,No,No,16,One-Year,No,Credit Card (automatic),DSL,Yes,No,2,58.42,965.94,0
CUST_3106,Male,0,No,No,44,One-Year,No,Mailed Check,No,No internet service,No internet service,2,21.63,906.25,0
CUST_3107,Female,0,No,No,70,Two-Year,No,Electronic Check,DSL,Yes,No,2,60.15,4238.74,0
CUST_3108,Female,0,No,Yes,27,One-Year,No,Bank Transfer (automatic),DSL,Yes,Yes,0,74.45,1973.72,0
CUST_3109,Male,0,Yes,Yes,2,Month-to-Month,Yes,Electronic Check,DSL,No,No,1,49.93,103.67,0
CUST_3110,Male,0,No,No,45,Two-Year,No,Electronic Check,Fiber Optic,No,Yes,2,84.22,3789.66,0
CUST_3111,Female,0,Yes,No,18,One-Year,Yes,Electronic Check,Fiber Optic,Yes,No,2,81.66,1514.34,0
CUST_3112,Male,0,Yes,No,47,One-Year,Yes,Mailed Check,Fiber Optic,No,No,0,71.72,3513.7,0
CUST_3113,Female,0,Yes,No,40,Month-to-Month,No,Electronic Check,Fiber Optic,No,No,0,68.36,2689.1,0
CUST_3114,Female,0,Yes,No,48,One-Year,Yes,Credit Card (automatic),DSL,No,No,6,48.56,2419.53,0
CUST_3115,Female,0,Yes,Yes,21,Month-to-Month,Yes,Mailed Check,Fiber Optic,Yes,No,0,80.01,1718.23,0
CUST_3116,Male,0,Yes,Yes,38,One-Year,No,Mailed Check,No,No internet service,No internet service,2,18.5,675.45,0
CUST_3117,Female,0,No,No,33,One-Year,No,Electronic Check,DSL,Yes,No,1,60.8,1926.93,0
CUST_3118,Male,0,No,No,6,Month-to-Month,No,Credit Card (automatic),DSL,No,Yes,1,51.24,317.2,0
CUST_3119,Female,0,No,No,15,One-Year,Yes,Mailed Check,DSL,No,Yes,1,54.61,816.55,0
CUST_3120,Male,0,Yes,Yes,57,Two-Year,No,Mailed Check,Fiber Optic,No,Yes,3,84.4,4808.47,0
CUST_3121,Male,0,No,No,21,Month-to-Month,No,Credit Card (automatic),DSL,No,No,0,44.65,974.34,0
CUST_3122,Female,0,No,No,3,Month-to-Month,No,Electronic Check,No,No internet service,No internet service,2,19.49,60.83,0
CUST_3123,Female,0,Yes,No,41,Two-Year,No,Mailed Check,Fiber Optic,Yes,Yes,1,89.8,3539.21,0
CUST_3124,Female,0,No,No,5,Month-to-Month,Yes,Bank Transfer (automatic),Fiber Optic,Yes,Yes,2,90.12,444.91,0
CUST_3125,Female,0,No,Yes,6,Month-to-Month,Yes,Mailed Check,Fiber Optic,Yes,Yes,0,93.27,581.74,0
CUST_3126,Female,0,Yes,Yes,68,Month-to-Month,No,Electronic Check,DSL,Yes,No,1,50.99,3578.22,0
CUST_3127,Male,0,No,No,40,Month-to-Month,No,Electronic Check,Fiber Optic,Yes,No,1,81.96,3350.86,0
CUST_3128,Female,0,No,No,16,One-Year,Yes,Electronic Check,DSL,Yes,No,5,61.55,945.6,1
CUST_3129,Female,0,Yes,No,7,Month-to-Month,No,Credit Card (automatic),DSL,No,No,1,49.19,348.5,0
CUST_3130,Female,0,Yes,Yes,37,One-Year,Yes,Electronic Check,Fiber Optic,Yes,No,3,84.13,3138.29,0
CUST_3131,Female,0,Yes,No,20,Month-to-Month,Yes,Electronic Check,DSL,Yes,No,1,57.77,1116.94,0
CUST_3132,Male,0,Yes,No,28,Month-to-Month,Yes,Credit Card (automatic),Fiber Optic,No,No,1,69.67,2004.18,1
CUST_3133,Female,0,No,No,9,Month-to-Month,Yes,Mailed Check,Fiber Optic,No,No,2,70.23,620.19,1
CUST_3134,Male,0,No,No,62,Month-to-Month,Yes,Mailed Check,Fiber Optic,Yes,No,0,78.6,4931.98,0
CUST_3135,Male,0,Yes,Yes,30,One-Year,No,Bank Transfer (automatic),DSL,Yes,No,2,54.74,1619.51,0
CUST_3136,Female,0,No,No,6,One-Year,Yes,Bank Transfer (automatic),No,No internet service,No internet service,3,18.5,106.39,0
CUST_3137,Male,0,Yes,No,36,One-Year,Yes,Bank Transfer (automatic),Fiber Optic,Yes,Yes,1,97.37,3514.01,0
CUST_3138,Female,0,Yes,No,24,Month-to-Month,No,Electronic Check,Fiber Optic,No,Yes,0,81.58,1920.06,0
CUST_3139,Male,0,Yes,Yes,1,Month-to-Month,Yes,Credit Card (automatic),No,No internet service,No internet service,1,27.22,26.05,0
CUST_3140,Male,0,No,No,4,One-Year,No,Electronic Check,DSL,No,No,2,42.87,166.31,0
CUST_3141,Female,0,Yes,No,1,Month-to-Month,No,Electronic Check,Fiber Optic,No,Yes,4,81.97,82.94,1
CUST_3142,Female,0,Yes,No,18,Month-to-Month,Yes,Electronic Check,DSL,No,No,1,47.55,821.78,1
CUST_3143,Female,0,Yes,Yes,5,Month-to-Month,No,Credit Card (automatic),No,No internet service,No internet service,2,21.51,103.11,0
CUST_3144,Female,0,No,No,65,Month-to-Month,No,Bank Transfer (automatic),Fiber Optic,Yes,No,1,81.71,5546.98,0
CUST_3145,Female,0,No,No,63,Two-Year,No,Bank Transfer (automatic),Fiber Optic,No,Yes,1,88.39,5350.02,0
CUST_3146,Male,0,Yes,Yes,47,Two-Year,Yes,Bank Transfer (automatic),Fiber Optic,Yes,No,1,78.65,3650.73,0
CUST_3147,Male,0,Yes,No,31,One-Year,Yes,Electronic Check,DSL,Yes,Yes,0,71.29,2128.97,0
CUST_3148,Male,0,No,No,26,Two-Year,Yes,Electronic Check,Fiber Optic,No,Yes,1,80.43,2183.04,0
CUST_3149,Female,0,No,No,48,One-Year,No,Mailed Check,DSL,No,Yes,2,56.5,2706.89,0
CUST_3150,Female,0,Yes,Yes,28,Two-Year,No,Electronic Check,DSL,Yes,No,1,57.93,1558.96,0
CUST_3151,Male,0,No,No,35,Month-to-Month,No,Electronic Check,DSL,No,No,0,44.55,1601.17,0
CUST_3152,Female,0,No,No,9,Month-to-Month,Yes,Credit Card (automatic),Fiber Optic,No,No,1,69.4,642.14,1
CUST_3153,Female,0,Yes,No,48,Two-Year,Yes,Bank Transfer (automatic),No,No internet service,No internet service,0,18.5,923.63,0
CUST_3154,Male,0,No,Yes,63,One-Year,Yes,Mailed Check,DSL,Yes,No,1,60.22,3871.88,0
CUST_3155,Male,0,No,No,53,One-Year,Yes,Credit Card (automatic),DSL,No,No,2,39.44,1997.24,0
CUST_3156,Female,0,No,No,5,Month-to-Month,No,Bank Transfer (automatic),No,No internet service,No internet service,2,25.14,126.33,0
CUST_3157,Female,0,Yes,No,11,Month-to-Month,Yes,Electronic Check,No,No internet service,No internet service,0,19.62,213.32,1
CUST_3158,Female,0,Yes,No,60,One-Year,Yes,Mailed Check,DSL,No,No,1,48.33,2971.88,0
CUST_3159,Male,0,Yes,No,2,Month-to-Month,No,Electronic Check,Fiber Optic,Yes,No,0,73.27,147.87,0
CUST_3160,Female,0,Yes,No,1,Month-to-Month,Yes,Electronic Check,Fiber Optic,Yes,Yes,3,93.86,95.97,1
CUST_3161,Male,0,No,Yes,15,Month-to-Month,No,Electronic Check,No,No internet service,No internet service,1,19.95,289.69,0
CUST_3162,Male,0,No,No,36,One-Year,Yes,Credit Card (automatic),No,No internet service,No internet service,0,18.5,661.81,0
CUST_3163,Female,0,No,No,27,Month-to-Month,No,Mailed Check,Fiber Optic,No,Yes,2,85.1,2282.1,0
CUST_3164,Male,0,No,Yes,42,Two-Year,Yes,Credit Card (automatic),DSL,No,No,2,42.77,1882.74,0
CUST_3165,Female,0,Yes,Yes,47,Two-Year,Yes,Electronic Check,DSL,Yes,No,1,53.84,2408.79,0
CUST_3166,Male,0,No,No,19,Month-to-Month,No,Electronic Check,Fiber Optic,Yes,Yes,2,92.7,1816.96,0
CUST_3167,Female,0,No,No,30,Month-to-Month,No,Credit Card (automatic),DSL,Yes,No,2,60.44,1740.15,0
CUST_3168,Female,0,Yes,Yes,55,One-Year,Yes,Mailed Check,Fiber Optic,Yes,No,2,82.98,4372.39,0
CUST_3169,Male,0,No,No,63,One-Year,No,Credit Card (automatic),DSL,No,No,2,46.4,2872.97,0
CUST_3170,Female,0,Yes,No,41,One-Year,No,Electronic Check,Fiber Optic,Yes,Yes,3,96.72,4045.13,0
CUST_3171,Male,0,No,Yes,71,One-Year,Yes,Credit Card (automatic),DSL,No,No,1,44.23,3196.37,0
CUST_3172,Female,0,No,No,46,Two-Year,No,Mailed Check,Fiber Optic,No,No,3,73.73,3434.95,0
CUST_3173,Male,0,Yes,No,19,Two-Year,Yes,Electronic Check,Fiber Optic,No,Yes,1,83.35,1627.13,0
CUST_3174,Male,0,No,No,48,Month-to-Month,Yes,Bank Transfer (automatic),Fiber Optic,Yes,No,1,85.0,3970.81,0
CUST_3175,Male,0,No,No,20,Month-to-Month,Yes,Credit Card (automatic),DSL,Yes,No,1,54.2,1098.51,0
CUST_3176,Male,0,Yes,No,52,One-Year,Yes,Electronic Check,Fiber Optic,No,Yes,3,82.35,4341.31,0
CUST_3177,Female,0,Yes,No,29,One-Year,Yes,Credit Card (automatic),DSL,Yes,No,0,60.41,1778.93,0
CUST_3178,Male,0,Yes,No,30,Month-to-Month,Yes,Bank Transfer (automatic),Fiber Optic,No,No,1,76.57,2318.8,0
CUST_3179,Male,0,No,No,17,Month-to-Month,Yes,Electronic Check,DSL,No,No,1,48.78,806.17,1
CUST_3180,Male,0,No,Yes,8,Month-to-Month,No,Electronic Check,DSL,Yes,Yes,0,72.95,607.78,0
CUST_3181,Male,0,No,No,16,One-Year,No,Mailed Check,Fiber Optic,No,No,1,64.39,1079.28,0
CUST_3182,Female,0,No,No,66,Two-Year,Yes,Electronic Check,Fiber Optic,No,No,2,68.93,4635.45,0
CUST_3183,Female,0,No,No,53,Month-to-Month,Yes,Mailed Check,Fiber Optic,No,No,3,72.24,3807.31,0
CUST_3184,Male,0,Yes,No,65,One-Year,No,Credit Card (automatic),DSL,Yes,No,0,52.07,3397.14,0
CUST_3185,Female,0,No,No,34,Month-to-Month,Yes,Bank Transfer (automatic),DSL,No,No,1,46.6,1522.35,1
CUST_3186,Female,0,Yes,Yes,36,Two-Year,Yes,Mailed Check,Fiber Optic,No,Yes,2,80.69,2865.16,0
CUST_3187,Male,0,Yes,Yes,6,Month-to-Month,Yes,Electronic Check,DSL,No,No,0,43.88,275.82,1
CUST_3188,Female,0,No,No,62,One-Year,No,Credit Card (automatic),Fiber Optic,Yes,No,2,82.26,5124.46,1
CUST_3189,Female,0,Yes,No,7,Month-to-Month,Yes,Electronic Check,Fiber Optic,No,No,1,71.41,502.9,0
CUST_3190,Female,1,No,No,33,One-Year,Yes,Electronic Check,DSL,No,No,3,47.92,1653.15,0
CUST_3191,Female,0,No,No,5,Month-to-Month,No,Bank Transfer (automatic),Fiber Optic,Yes,No,4,77.69,403.46,1
CUST_3192,Male,0,Yes,Yes,29,Month-to-Month,Yes,Credit Card (automatic),DSL,No,No,2,48.78,1424.34,1
CUST_3193,Female,1,Yes,No,62,Two-Year,Yes,Credit Card (automatic),No,No internet service,No internet service,0,22.53,1364.59,0
CUST_3194,Female,0,No,No,38,Two-Year,No,Credit Card (automatic),Fiber Optic,Yes,No,2,81.0,2960.09,0
CUST_3195,Male,0,No,No,60,Two-Year,Yes,Credit Card (automatic),DSL,Yes,Yes,4,72.81,4527.46,0
CUST_3196,Female,0,Yes,No,27,Month-to-Month,Yes,Mailed Check,No,No internet service,No internet service,2,18.5,520.48,0
CUST_3197,Male,0,Yes,Yes,35,Month-to-Month,Yes,Electronic Check,Fiber Optic,No,No,1,70.66,2471.69,0
CUST_3198,Female,0,No,No,35,One-Year,Yes,Bank Transfer (automatic),Fiber Optic,No,No,1,67.77,2275.78,0
CUST_3199,Female,0,No,No,20,Two-Year,Yes,Electronic Check,Fiber Optic,Yes,No,1,77.82,1572.93,0
CUST_3200,Male,0,Yes,Yes,26,One-Year,No,Electronic Check,DSL,Yes,No,2,51.06,1309.96,0
CUST_3201,Male,0,Yes,Yes,6,One-Year,Yes,Electronic Check,DSL,No,Yes,0,59.53,344.96,0
CUST_3202,Female,0,No,No,43,One-Year,Yes,Electronic Check,DSL,Yes,No,0,59.05,2645.58,0
CUST_3203,Male,0,No,No,45,One-Year,No,Mailed Check,DSL,No,No,1,49.79,2182.17,0
CUST_3204,Male,0,No,No,20,One-Year,No,Mailed Check,DSL,Yes,No,1,59.66,1218.4,0
CUST_3205,Male,0,No,No,29,One-Year,Yes,Mailed Check,Fiber Optic,Yes,No,6,80.82,2327.23,0
CUST_3206,Male,0,No,No,9,Month-to-Month,Yes,Credit Card (automatic),No,No internet service,No internet service,1,30.85,286.75,0
CUST_3207,Male,0,Yes,No,25,Two-Year,Yes,Bank Transfer (automatic),Fiber Optic,Yes,Yes,1,98.06,2500.73,0
CUST_3208,Male,0,No,No,66,One-Year,Yes,Credit Card (automatic),Fiber Optic,No,Yes,2,77.4,4915.9,0
CUST_3209,Male,0,Yes,No,65,Month-to-Month,No,Mailed Check,No,No internet service,No internet service,1,19.48,1259.82,0
CUST_3210,Female,0,No,No,24,Two-Year,No,Electronic Check,No,No internet service,No internet service,2,20.91,489.79,0
CUST_3211,Female,0,Yes,No,7,Month-to-Month,Yes,Electronic Check,DSL,No,No,2,43.95,314.22,0
CUST_3212,Male,0,Yes,No,35,One-Year,Yes,Bank Transfer (automatic),Fiber Optic,No,No,3,78.21,2749.58,0
CUST_3213,Male,0,No,No,14,Two-Year,No,Credit Card (automatic),DSL,Yes,No,1,55.84,769.27,0
CUST_3214,Female,0,No,No,29,Month-to-Month,No,Electronic Check,DSL,Yes,No,0,55.45,1580.63,0
CUST_3215,Male,0,Yes,Yes,17,One-Year,Yes,Credit Card (automatic),DSL,No,No,2,47.96,783.89,0
CUST_3216,Male,1,No,No,19,Month-to-Month,Yes,Bank Transfer (automatic),No,No internet service,No internet service,2,20.48,377.98,0
CUST_3217,Male,0,Yes,Yes,65,Two-Year,Yes,Electronic Check,Fiber Optic,Yes,No,5,81.11,5384.69,0
CUST_3218,Female,0,Yes,No,19,Month-to-Month,No,Bank Transfer (automatic),DSL,No,No,2,53.66,1030.75,0
CUST_3219,Female,0,No,No,27,One-Year,Yes,Bank Transfer (automatic),DSL,Yes,No,3,63.14,1680.16,0
CUST_3220,Female,0,Yes,No,62,Two-Year,No,Electronic Check,Fiber Optic,No,No,2,64.36,4124.44,0
CUST_3221,Female,0,No,No,20,Month-to-Month,Yes,Mailed Check,Fiber Optic,No,No,1,77.49,1547.38,0
CUST_3222,Female,0,Yes,No,37,Two-Year,No,Credit Card (automatic),Fiber Optic,Yes,No,1,81.28,3095.91,0
CUST_3223,Male,0,No,No,67,Two-Year,Yes,Bank Transfer (automatic),DSL,No,No,1,49.54,3412.51,0
CUST_3224,Female,0,No,No,71,Two-Year,Yes,Electronic Check,Fiber Optic,No,Yes,3,89.93,6607.23,0
CUST_3225,Male,0,Yes,No,4,Two-Year,Yes,Credit Card (automatic),Fiber Optic,No,No,1,73.24,303.21,0
CUST_3226,Female,0,Yes,No,51,One-Year,Yes,Electronic Check,Fiber Optic,Yes,Yes,0,103.13,5353.81,0
CUST_3227,Female,0,No,No,9,Month-to-Month,Yes,Electronic Check,Fiber Optic,No,Yes,1,85.41,787.86,1
CUST_3228,Female,0,No,No,49,One-Year,No,Mailed Check,Fiber Optic,No,Yes,3,84.52,4256.16,0
CUST_3229,Male,0,Yes,Yes,59,Two-Year,Yes,Credit Card (automatic),Fiber Optic,No,No,0,74.04,4223.84,0
CUST_3230,Male,0,No,No,71,Month-to-Month,Yes,Mailed Check,No,No internet service,No internet service,4,18.5,1287.26,0
CUST_3231,Female,0,Yes,Yes,60,One-Year,Yes,Bank Transfer (automatic),Fiber Optic,No,No,1,69.18,3986.53,0
CUST_3232,Female,0,Yes,No,59,One-Year,Yes,Credit Card (automatic),DSL,No,Yes,2,52.72,3013.86,0
CUST_3233,Female,0,No,No,39,One-Year,Yes,Credit Card (automatic),DSL,No,Yes,2,56.29,2256.4,0
CUST_3234,Male,1,Yes,Yes,29,Two-Year,Yes,Electronic Check,DSL,Yes,No,1,58.8,1781.44,0
CUST_3235,Female,0,No,No,19,Month-to-Month,Yes,Credit Card (automatic),Fiber Optic,Yes,Yes,0,93.41,1805.61,1
CUST_3236,Female,0,No,No,51,Two-Year,Yes,Bank Transfer (automatic),No,No internet service,No internet service,3,19.42,1028.65,0
CUST_3237,Female,0,No,No,11,Month-to-Month,Yes,Electronic Check,DSL,No,No,3,39.57,427.35,1
CUST_3238,Female,0,No,Yes,7,One-Year,Yes,Electronic Check,Fiber Optic,No,No,2,67.9,491.74,0
CUST_3239,Female,0,No,No,2,Month-to-Month,Yes,Bank Transfer (automatic),Fiber Optic,No,Yes,2,88.67,174.48,1
CUST_3240,Female,0,No,No,65,One-Year,No,Electronic Check,Fiber Optic,No,Yes,0,79.77,5389.43,0
CUST_3241,Female,0,No,No,47,One-Year,Yes,Electronic Check,Fiber Optic,No,No,2,68.62,3321.26,0
CUST_3242,Female,1,No,No,22,Month-to-Month,Yes,Bank Transfer (automatic),DSL,No,No,0,45.93,1059.33,1
CUST_3243,Male,0,No,No,19,Month-to-Month,No,Credit Card (automatic),Fiber Optic,No,No,2,71.48,1402.57,1
CUST_3244,Male,0,Yes,No,43,One-Year,Yes,Electronic Check,DSL,No,No,1,44.45,1891.89,0
CUST_3245,Female,0,No,No,36,Month-to-Month,Yes,Mailed Check,No,No internet service,No internet service,2,18.5,640.03,0
CUST_3246,Female,0,No,Yes,2,Month-to-Month,Yes,Bank Transfer (automatic),Fiber Optic,Yes,No,0,84.16,174.62,1
CUST_3247,Female,0,No,Yes,47,Two-Year,No,Bank Transfer (automatic),Fiber Optic,Yes,No,1,89.68,4244.97,0
CUST_3248,Male,0,No,No,25,Month-to-Month,No,Credit Card (automatic),DSL,Yes,No,1,64.34,1666.11,1
CUST_3249,Male,0,No,No,43,Two-Year,No,Bank Transfer (automatic),DSL,No,Yes,0,54.13,2301.32,0
CUST_3250,Female,0,No,Yes,27,Two-Year,No,Bank Transfer (automatic),Fiber Optic,No,Yes,2,83.61,2151.13,0
CUST_3251,Female,0,Yes,Yes,47,One-Year,No,Credit Card (automatic),DSL,No,No,0,55.12,2474.69,0
CUST_3252,Male,0,No,No,9,Month-to-Month,No,Electronic Check,No,No internet service,No internet service,0,19.99,182.98,0
CUST_3253,Male,0,Yes,No,66,Month-to-Month,Yes,Electronic Check,DSL,Yes,No,2,58.02,3681.69,0
CUST_3254,Female,0,No,No,13,Month-to-Month,Yes,Bank Transfer (automatic),Fiber Optic,No,No,1,64.03,852.82,1
CUST_3255,Male,0,No,No,33,One-Year,No,Mailed Check,DSL,Yes,Yes,0,73.17,2395.16,0
CUST_3256,Female,0,Yes,Yes,20,Month-to-Month,No,Electronic Check,DSL,No,No,3,46.11,928.02,1
CUST_3257,Male,0,Yes,No,57,Month-to-Month,Yes,Electronic Check,Fiber Optic,No,Yes,1,78.43,4605.17,0
CUST_3258,Female,0,No,No,59,One-Year,Yes,Bank Transfer (automatic),Fiber Optic,No,No,2,72.77,4187.41,0
CUST_3259,Female,0,Yes,Yes,47,Two-Year,No,Credit Card (automatic),DSL,Yes,Yes,0,72.91,3396.92,0
CUST_3260,Female,0,Yes,Yes,51,Two-Year,Yes,Electronic Check,Fiber Optic,No,Yes,2,79.23,4133.49,0
CUST_3261,Male,0,No,No,32,Two-Year,Yes,Bank Transfer (automatic),Fiber Optic,No,Yes,0,75.35,2512.09,0
CUST_3262,Female,0,Yes,Yes,2,One-Year,No,Electronic Check,No,No internet service,No internet service,2,20.56,40.26,0
CUST_3263,Male,0,No,No,50,Month-to-Month,Yes,Bank Transfer (automatic),No,No internet service,No internet service,2,22.77,1152.47,0
CUST_3264,Male,0,No,No,62,Month-to-Month,Yes,Bank Transfer (automatic),DSL,Yes,No,0,58.07,3762.79,0
CUST_3265,Female,0,Yes,No,28,Month-to-Month,No,Credit Card (automatic),Fiber Optic,Yes,No,1,86.63,2461.75,0
CUST_3266,Female,1,Yes,Yes,71,One-Year,Yes,Electronic Check,Fiber Optic,No,No,0,63.15,4659.76,0
CUST_3267,Female,0,No,No,19,One-Year,No,Mailed Check,DSL,No,Yes,0,52.94,1050.09,0
CUST_3268,Male,0,No,No,15,Month-to-Month,No,Electronic Check,DSL,No,No,0,45.89,717.9,1
CUST_3269,Male,0,No,Yes,6,Month-to-Month,No,Bank Transfer (automatic),DSL,Yes,Yes,2,62.77,386.35,1
CUST_3270,Male,0,No,No,30,Month-to-Month,No,Credit Card (automatic),Fiber Optic,Yes,Yes,2,90.97,2743.32,1
CUST_3271,Female,0,No,No,55,Two-Year,Yes,Credit Card (automatic),DSL,No,No,0,42.89,2263.83,0
CUST_3272,Female,0,Yes,No,20,Two-Year,Yes,Mailed Check,No,No internet service,No internet service,2,24.07,468.05,0
CUST_3273,Female,0,Yes,Yes,34,Month-to-Month,No,Credit Card (automatic),Fiber Optic,No,No,1,75.23,2495.35,0
CUST_3274,Female,0,Yes,Yes,42,Month-to-Month,Yes,Electronic Check,Fiber Optic,No,No,1,72.9,2918.89,0
CUST_3275,Male,0,Yes,Yes,48,Month-to-Month,Yes,Electronic Check,DSL,No,Yes,1,64.5,2972.76,0
CUST_3276,Male,0,No,No,63,Two-Year,Yes,Credit Card (automatic),DSL,Yes,No,1,62.6,3862.86,0
CUST_3277,Male,0,No,Yes,49,Two-Year,No,Electronic Check,Fiber Optic,No,Yes,1,85.16,4002.06,0
CUST_3278,Male,0,Yes,Yes,44,One-Year,No,Electronic Check,No,No internet service,No internet service,0,23.04,980.26,0
CUST_3279,Male,0,No,No,60,One-Year,No,Mailed Check,Fiber Optic,Yes,Yes,0,91.65,5253.97,0
CUST_3280,Female,0,Yes,Yes,2,Month-to-Month,No,Mailed Check,No,No internet service,No internet service,1,18.5,36.69,0
CUST_3281,Male,0,Yes,No,19,One-Year,No,Electronic Check,Fiber Optic,No,Yes,1,79.14,1551.98,0
CUST_3282,Female,0,No,Yes,65,Two-Year,Yes,Credit Card (automatic),Fiber Optic,Yes,Yes,2,97.37,6526.67,0
CUST_3283,Male,0,Yes,Yes,43,One-Year,Yes,Mailed Check,DSL,Yes,No,0,55.75,2494.31,0
CUST_3284,Female,0,Yes,Yes,8,Two-Year,No,Mailed Check,No,No internet service,No internet service,2,22.44,183.93,0
CUST_3285,Female,0,Yes,No,2,Month-to-Month,Yes,Electronic Check,No,No internet service,No internet service,2,18.5,36.05,0
CUST_3286,Female,0,Yes,Yes,15,One-Year,No,Mailed Check,Fiber Optic,Yes,Yes,2,96.1,1470.67,0
CUST_3287,Male,0,No,No,25,Month-to-Month,No,Credit Card (automatic),DSL,No,Yes,1,53.58,1373.5,0
CUST_3288,Female,0,No,No,1,Month-to-Month,No,Credit Card (automatic),Fiber Optic,No,Yes,1,79.09,79.43,1
CUST_3289,Female,0,Yes,No,68,Two-Year,No,Credit Card (automatic),Fiber Optic,No,No,1,76.66,5372.92,0
CUST_3290,Male,0,Yes,No,18,Two-Year,Yes,Mailed Check,Fiber Optic,No,No,3,78.6,1354.14,0
CUST_3291,Male,0,No,No,32,One-Year,Yes,Credit Card (automatic),Fiber Optic,No,No,0,65.7,2122.33,0
CUST_3292,Male,0,No,No,8,Month-to-Month,Yes,Electronic Check,No,No internet service,No internet service,2,19.08,152.33,0
CUST_3293,Female,0,Yes,No,17,One-Year,Yes,Electronic Check,Fiber Optic,No,Yes,1,81.5,1427.79,0
CUST_3294,Female,0,Yes,No,23,Month-to-Month,Yes,Credit Card (automatic),DSL,Yes,Yes,2,71.95,1593.28,0
CUST_3295,Female,0,No,No,11,Month-to-Month,Yes,Electronic Check,DSL,No,Yes,1,55.12,588.9,1
CUST_3296,Male,0,No,No,64,Two-Year,No,Electronic Check,Fiber Optic,No,No,1,66.78,4299.0,0
CUST_3297,Male,0,Yes,Yes,46,One-Year,Yes,Credit Card (automatic),No,No internet service,No internet service,1,21.17,1017.37,0
CUST_3298,Female,0,No,No,37,One-Year,Yes,Credit Card (automatic),Fiber Optic,No,No,3,70.32,2493.4,0
CUST_3299,Male,0,Yes,No,71,Two-Year,Yes,Electronic Check,No,No internet service,No internet service,3,23.47,1706.93,0
CUST_3300,Female,0,No,No,43,Two-Year,Yes,Credit Card (automatic),No,No internet service,No internet service,2,18.5,772.06,0
CUST_3301,Female,0,No,No,42,One-Year,Yes,Credit Card (automatic),No,No internet service,No internet service,0,19.18,773.78,0
CUST_3302,Male,0,No,No,51,Two-Year,Yes,Credit Card (automatic),DSL,No,No,1,48.11,2427.79,0
CUST_3303,Female,0,Yes,No,9,Month-to-Month,No,Bank Transfer (automatic),Fiber Optic,No,Yes,4,81.76,741.95,1
CUST_3304,Male,0,Yes,Yes,51,One-Year,Yes,Bank Transfer (automatic),Fiber Optic,Yes,No,2,75.28,3964.83,0
CUST_3305,Female,0,Yes,No,26,One-Year,Yes,Credit Card (automatic),DSL,No,No,1,51.5,1357.04,0
CUST_3306,Male,0,No,No,13,Month-to-Month,Yes,Bank Transfer (automatic),Fiber Optic,Yes,Yes,2,93.66,1216.57,0
CUST_3307,Female,0,Yes,No,45,Month-to-Month,No,Bank Transfer (automatic),No,No internet service,No internet service,0,19.73,868.82,1
CUST_3308,Male,0,Yes,Yes,64,One-Year,No,Bank Transfer (automatic),DSL,Yes,No,2,67.11,4205.94,0
CUST_3309,Male,0,Yes,Yes,33,Two-Year,No,Mailed Check,Fiber Optic,Yes,No,1,90.45,3065.61,0
CUST_3310,Female,0,No,No,62,Month-to-Month,No,Credit Card (automatic),Fiber Optic,No,Yes,1,85.8,5114.3,0
CUST_3311,Male,0,Yes,No,44,Two-Year,Yes,Electronic Check,Fiber Optic,Yes,Yes,0,89.66,3805.57,0
CUST_3312,Female,0,Yes,No,22,One-Year,Yes,Electronic Check,DSL,No,Yes,1,62.5,1405.21,0
CUST_3313,Male,1,Yes,Yes,10,One-Year,Yes,Credit Card (automatic),Fiber Optic,Yes,Yes,2,86.91,909.17,0
CUST_3314,Female,0,No,No,2,One-Year,No,Electronic Check,DSL,Yes,Yes,1,69.54,133.8,0
CUST_3315,Male,0,No,No,69,Two-Year,Yes,Bank Transfer (automatic),DSL,Yes,Yes,0,67.14,4683.35,0
CUST_3316,Female,0,No,Yes,66,Two-Year,No,Electronic Check,Fiber Optic,No,Yes,2,79.19,5090.23,0
CUST_3317,Male,0,No,No,67,Two-Year,Yes,Bank Transfer (automatic),DSL,No,No,3,45.93,2931.37,0
CUST_3318,Male,0,No,No,69,Month-to-Month,Yes,Credit Card (automatic),DSL,No,Yes,3,59.45,4238.35,0
CUST_3319,Male,0,Yes,Yes,19,Month-to-Month,Yes,Bank Transfer (automatic),DSL,Yes,No,1,60.15,1143.83,0
CUST_3320,Female,1,No,Yes,28,Month-to-Month,No,Electronic Check,No,No internet service,No internet service,0,19.67,524.54,0
CUST_3321,Male,0,Yes,No,42,Two-Year,Yes,Credit Card (automatic),Fiber Optic,No,Yes,3,81.16,3543.52,0
CUST_3322,Female,0,Yes,No,50,Month-to-Month,Yes,Electronic Check,Fiber Optic,Yes,No,0,85.42,4286.24,0
CUST_3323,Female,0,No,No,38,Month-to-Month,Yes,Mailed Check,No,No internet service,No internet service,1,23.51,914.56,0
CUST_3324,Male,0,Yes,Yes,59,Two-Year,Yes,Mailed Check,Fiber Optic,Yes,No,1,82.55,4833.19,0
CUST_3325,Female,0,Yes,No,17,One-Year,Yes,Credit Card (automatic),Fiber Optic,No,Yes,4,78.54,1293.11,0
CUST_3326,Male,0,Yes,No,69,Two-Year,Yes,Electronic Check,DSL,No,No,0,38.24,2629.48,0
CUST_3327,Male,0,No,Yes,43,Month-to-Month,Yes,Bank Transfer (automatic),DSL,No,No,1,47.64,2005.02,0
CUST_3328,Female,0,Yes,Yes,47,One-Year,Yes,Mailed Check,Fiber Optic,Yes,No,2,85.89,3954.78,0
CUST_3329,Female,0,No,No,56,One-Year,Yes,Electronic Check,DSL,Yes,No,2,56.19,3191.91,0
CUST_3330,Female,0,No,No,3,Month-to-Month,No,Credit Card (automatic),Fiber Optic,No,Yes,2,83.49,240.3,1
CUST_3331,Male,0,No,No,54,One-Year,Yes,Bank Transfer (automatic),DSL,Yes,No,0,62.28,3328.48,0
CUST_3332,Male,0,Yes,No,9,Month-to-Month,Yes,Bank Transfer (automatic),DSL,Yes,No,2,65.04,588.09,1
CUST_3333,Male,0,No,Yes,65,Month-to-Month,Yes,Electronic Check,DSL,Yes,No,1,55.42,3677.9,0
CUST_3334,Female,0,Yes,Yes,58,One-Year,No,Credit Card (automatic),DSL,No,Yes,0,56.65,3329.37,0
CUST_3335,Female,0,Yes,No,20,Month-to-Month,Yes,Credit Card (automatic),Fiber Optic,Yes,No,1,83.82,1741.15,1
CUST_3336,Female,0,Yes,No,21,Month-to-Month,Yes,Mailed Check,Fiber Optic,No,No,1,65.14,1435.3,1
CUST_3337,Male,0,No,No,35,One-Year,No,Bank Transfer (automatic),Fiber Optic,No,No,2,61.42,2243.73,1
CUST_3338,Male,0,Yes,No,67,Two-Year,Yes,Credit Card (automatic),Fiber Optic,No,No,3,64.66,4446.66,0
CUST_3339,Male,0,Yes,No,52,Two-Year,Yes,Credit Card (automatic),DSL,No,Yes,0,55.9,2960.87,0
CUST_3340,Male,1,Yes,No,61,One-Year,Yes,Mailed Check,DSL,No,No,1,42.1,2448.79,0
CUST_3341,Male,0,Yes,Yes,51,Two-Year,Yes,Bank Transfer (automatic),Fiber Optic,Yes,No,1,78.74,4029.19,0
CUST_3342,Female,0,No,No,29,Two-Year,No,Credit Card (automatic),No,No internet service,No internet service,1,20.2,595.39,0
CUST_3343,Female,0,No,Yes,52,One-Year,Yes,Electronic Check,DSL,Yes,No,2,56.94,2935.1,0
CUST_3344,Female,0,No,No,67,One-Year,Yes,Bank Transfer (automatic),Fiber Optic,No,Yes,2,78.98,5230.7,0
CUST_3345,Male,0,Yes,No,59,Month-to-Month,No,Credit Card (automatic),Fiber Optic,No,Yes,1,75.54,4475.81,0
CUST_3346,Male,0,Yes,No,36,Two-Year,No,Credit Card (automatic),DSL,No,No,2,46.63,1746.94,0
CUST_3347,Female,0,No,Yes,60,One-Year,Yes,Credit Card (automatic),Fiber Optic,Yes,No,1,86.22,5049.52,0
CUST_3348,Male,0,Yes,No,49,Two-Year,No,Electronic Check,No,No internet service,No internet service,2,18.5,897.35,0
CUST_3349,Female,0,No,No,20,One-Year,No,Credit Card (automatic),DSL,No,Yes,2,55.46,1126.18,0
CUST_3350,Male,0,Yes,No,1,Two-Year,No,Bank Transfer (automatic),No,No internet service,No internet service,1,23.25,22.52,0
CUST_3351,Male,0,No,Yes,41,Two-Year,Yes,Electronic Check,Fiber Optic,Yes,No,4,86.19,3652.14,0
CUST_3352,Female,0,Yes,No,39,Two-Year,Yes,Bank Transfer (automatic),DSL,No,No,3,43.17,1711.59,0
CUST_3353,Male,0,Yes,Yes,15,Month-to-Month,Yes,Credit Card (automatic),No,No internet service,No internet service,1,19.58,289.36,0
CUST_3354,Female,0,No,No,39,Month-to-Month,Yes,Electronic Check,Fiber Optic,Yes,No,1,87.9,3504.26,1
CUST_3355,Female,0,No,No,6,Month-to-Month,Yes,Credit Card (automatic),Fiber Optic,No,Yes,0,85.51,501.74,1
CUST_3356,Male,0,Yes,Yes,41,Two-Year,Yes,Credit Card (automatic),DSL,No,Yes,4,52.44,2209.05,0
CUST_3357,Male,0,No,No,44,Month-to-Month,Yes,Electronic Check,No,No internet service,No internet service,0,18.5,779.05,1
CUST_3358,Female,0,No,No,7,Month-to-Month,Yes,Credit Card (automatic),DSL,No,No,4,43.89,304.98,0
CUST_3359,Female,0,Yes,Yes,46,One-Year,No,Credit Card (automatic),DSL,No,No,1,41.14,1847.33,0
CUST_3360,Male,0,Yes,No,70,Month-to-Month,Yes,Electronic Check,DSL,No,Yes,1,58.87,4251.41,0
CUST_3361,Female,0,Yes,Yes,12,One-Year,No,Electronic Check,Fiber Optic,No,No,1,72.85,896.3,0
CUST_3362,Male,0,Yes,Yes,28,Two-Year,No,Mailed Check,Fiber Optic,No,No,1,71.02,2056.54,0
CUST_3363,Male,0,No,No,68,One-Year,No,Mailed Check,Fiber Optic,No,No,2,66.78,4609.87,0
CUST_3364,Male,0,Yes,No,30,One-Year,Yes,Bank Transfer (automatic),Fiber Optic,No,Yes,2,76.92,2375.75,0
CUST_3365,Male,0,Yes,No,34,Month-to-Month,No,Mailed Check,DSL,No,No,1,47.64,1609.85,0
CUST_3366,Male,1,Yes,No,67,Two-Year,No,Credit Card (automatic),DSL,No,No,2,48.32,3295.09,0
CUST_3367,Female,0,No,No,43,Two-Year,No,Credit Card (automatic),No,No internet service,No internet service,4,24.43,1001.23,0
CUST_3368,Male,0,Yes,Yes,69,One-Year,No,Electronic Check,Fiber Optic,No,No,0,68.84,4930.8,0
CUST_3369,Male,0,Yes,Yes,67,One-Year,Yes,Mailed Check,Fiber Optic,No,No,3,69.63,4751.41,0
CUST_3370,Male,0,Yes,No,52,Two-Year,Yes,Bank Transfer (automatic),DSL,No,No,1,48.25,2600.85,0
CUST_3371,Female,0,No,No,10,One-Year,No,Bank Transfer (automatic),Fiber Optic,Yes,No,0,82.05,842.72,0
CUST_3372,Female,0,Yes,No,11,Month-to-Month,No,Mailed Check,Fiber Optic,Yes,Yes,0,91.71,987.26,0
CUST_3373,Male,0,No,No,61,One-Year,No,Electronic Check,Fiber Optic,Yes,No,1,78.64,4688.09,0
CUST_3374,Male,1,Yes,No,40,Month-to-Month,Yes,Electronic Check,Fiber Optic,Yes,No,3,84.87,3496.52,1
CUST_3375,Male,0,Yes,Yes,13,Month-to-Month,Yes,Electronic Check,No,No internet service,No internet service,3,18.83,237.07,0
CUST_3376,Male,0,No,No,44,One-Year,Yes,Credit Card (automatic),DSL,Yes,No,2,54.82,2318.17,0
CUST_3377,Male,0,Yes,No,33,Two-Year,No,Electronic Check,No,No internet service,No internet service,2,21.8,684.51,0
CUST_3378,Male,0,No,No,26,Month-to-Month,No,Electronic Check,No,No internet service,No internet service,3,18.5,471.3,1
CUST_3379,Male,0,No,No,24,One-Year,Yes,Bank Transfer (automatic),Fiber Optic,Yes,Yes,0,91.69,2112.38,0
CUST_3380,Female,0,No,No,5,One-Year,No,Electronic Check,DSL,No,No,0,45.16,232.61,0
CUST_3381,Male,1,No,Yes,55,One-Year,Yes,Electronic Check,Fiber Optic,Yes,No,0,80.13,4400.34,0
CUST_3382,Female,0,Yes,Yes,3,Month-to-Month,Yes,Bank Transfer (automatic),Fiber Optic,Yes,Yes,1,99.66,291.58,1
CUST_3383,Female,0,Yes,Yes,27,One-Year,Yes,Bank Transfer (automatic),No,No internet service,No internet service,2,22.13,603.61,0
CUST_3384,Female,0,No,No,57,One-Year,No,Electronic Check,Fiber Optic,Yes,Yes,0,94.51,5155.62,0
CUST_3385,Male,0,No,No,33,Month-to-Month,No,Mailed Check,Fiber Optic,Yes,No,2,87.62,2956.84,0
CUST_3386,Male,0,No,No,33,One-Year,Yes,Mailed Check,Fiber Optic,Yes,Yes,2,94.32,3112.99,0
CUST_3387,Male,0,Yes,Yes,61,One-Year,Yes,Bank Transfer (automatic),Fiber Optic,No,No,1,74.33,4310.36,0
CUST_3388,Female,0,Yes,Yes,26,Month-to-Month,No,Bank Transfer (automatic),Fiber Optic,Yes,No,2,78.02,1991.85,1
CUST_3389,Male,0,No,No,43,Two-Year,Yes,Electronic Check,Fiber Optic,Yes,No,1,79.47,3502.71,0
CUST_3390,Female,0,Yes,Yes,5,Month-to-Month,No,Mailed Check,Fiber Optic,No,No,1,66.17,320.53,0
CUST_3391,Female,0,Yes,No,3,One-Year,No,Credit Card (automatic),No,No internet service,No internet service,1,22.02,69.11,0
CUST_3392,Male,0,Yes,No,30,Month-to-Month,Yes,Credit Card (automatic),Fiber Optic,Yes,No,0,75.82,2364.82,1
CUST_3393,Female,0,No,Yes,72,Two-Year,Yes,Credit Card (automatic),Fiber Optic,Yes,No,2,83.27,6162.26,0
CUST_3394,Male,0,Yes,No,20,One-Year,Yes,Mailed Check,Fiber Optic,Yes,No,1,80.02,1532.95,1
CUST_3395,Male,1,No,No,36,Two-Year,Yes,Bank Transfer (automatic),DSL,No,No,0,45.52,1614.77,0
CUST_3396,Male,0,Yes,No,23,Month-to-Month,No,Bank Transfer (automatic),DSL,No,No,1,44.92,1012.31,0
CUST_3397,Male,0,No,No,49,One-Year,Yes,Credit Card (automatic),No,No internet service,No internet service,1,22.22,1049.33,0
CUST_3398,Female,0,No,No,5,Month-to-Month,No,Credit Card (automatic),DSL,Yes,No,1,65.94,346.17,1
CUST_3399,Male,1,Yes,No,31,One-Year,Yes,Electronic Check,Fiber Optic,No,Yes,1,90.08,2693.96,0
CUST_3400,Male,0,No,No,46,Two-Year,No,Electronic Check,Fiber Optic,No,Yes,0,85.27,3849.98,0
CUST_3401,Female,0,Yes,Yes,27,Month-to-Month,Yes,Mailed Check,DSL,Yes,Yes,0,67.63,1895.42,0
CUST_3402,Female,0,Yes,No,15,Two-Year,No,Electronic Check,DSL,No,Yes,1,57.75,835.44,0
CUST_3403,Male,0,No,No,57,Two-Year,No,Credit Card (automatic),Fiber Optic,Yes,No,1,80.41,4569.4,0
CUST_3404,Female,0,Yes,Yes,59,One-Year,Yes,Electronic Check,DSL,No,No,2,42.06,2599.58,0
CUST_3405,Female,0,Yes,Yes,59,Month-to-Month,Yes,Electronic Check,No,No internet service,No internet service,1,18.5,1063.92,0
CUST_3406,Male,0,Yes,Yes,4,Month-to-Month,No,Credit Card (automatic),DSL,Yes,No,0,56.09,228.92,1
CUST_3407,Male,0,Yes,Yes,56,One-Year,Yes,Electronic Check,DSL,Yes,No,1,58.1,3116.96,0
CUST_3408,Male,0,No,No,12,One-Year,Yes,Electronic Check,DSL,No,No,1,47.45,575.14,0
CUST_3409,Female,0,Yes,No,12,One-Year,No,Mailed Check,Fiber Optic,No,No,1,70.45,831.79,0
CUST_3410,Female,1,No,No,56,Month-to-Month,Yes,Bank Transfer (automatic),Fiber Optic,No,No,1,67.22,3839.44,0
CUST_3411,Female,0,No,No,25,One-Year,Yes,Electronic Check,Fiber Optic,Yes,No,0,80.01,1986.83,0
CUST_3412,Male,0,Yes,No,38,One-Year,No,Mailed Check,Fiber Optic,Yes,No,1,85.69,3190.77,0
CUST_3413,Male,1,Yes,No,12,Two-Year,Yes,Electronic Check,No,No internet service,No internet service,3,18.5,223.02,0
CUST_3414,Male,0,No,No,3,Month-to-Month,Yes,Bank Transfer (automatic),Fiber Optic,Yes,No,0,79.96,231.24,1
CUST_3415,Male,0,Yes,No,67,Month-to-Month,Yes,Mailed Check,DSL,No,Yes,1,57.09,3945.3,0
CUST_3416,Female,0,Yes,No,31,Two-Year,No,Credit Card (automatic),DSL,No,Yes,0,55.36,1759.19,0
CUST_3417,Female,0,Yes,No,40,Month-to-Month,Yes,Mailed Check,DSL,Yes,No,0,50.93,2046.36,0
CUST_3418,Male,0,No,No,15,One-Year,No,Mailed Check,DSL,Yes,Yes,1,72.74,1076.59,1
CUST_3419,Male,0,No,Yes,8,Month-to-Month,Yes,Bank Transfer (automatic),DSL,No,No,0,49.66,413.78,1
CUST_3420,Male,0,Yes,No,67,One-Year,No,Electronic Check,Fiber Optic,Yes,Yes,0,90.05,6114.47,0
CUST_3421,Male,0,Yes,No,6,Month-to-Month,Yes,Electronic Check,No,No internet service,No internet service,0,18.5,108.61,1
CUST_3422,Male,0,No,No,63,One-Year,No,Credit Card (automatic),Fiber Optic,Yes,Yes,1,102.0,6623.09,0
CUST_3423,Male,0,No,No,13,Two-Year,Yes,Electronic Check,Fiber Optic,Yes,No,1,80.34,1058.52,0
CUST_3424,Male,0,No,No,7,Month-to-Month,Yes,Bank Transfer (automatic),DSL,Yes,No,2,53.11,357.9,0
CUST_3425,Male,0,No,Yes,2,Month-to-Month,Yes,Electronic Check,Fiber Optic,No,No,0,69.55,133.73,1
CUST_3426,Male,0,Yes,No,45,One-Year,Yes,Credit Card (automatic),Fiber Optic,Yes,No,0,83.28,3911.78,0
CUST_3427,Male,0,No,No,6,Month-to-Month,Yes,Credit Card (automatic),No,No internet service,No internet service,3,18.5,108.65,1
CUST_3428,Female,0,Yes,No,42,One-Year,No,Mailed Check,DSL,No,Yes,0,57.52,2455.33,0
CUST_3429,Male,0,Yes,No,26,Month-to-Month,No,Mailed Check,No,No internet service,No internet service,2,19.52,483.99,0
CUST_3430,Female,0,No,No,57,Two-Year,Yes,Mailed Check,Fiber Optic,Yes,Yes,3,91.25,5230.64,0
CUST_3431,Male,0,Yes,No,13,Month-to-Month,Yes,Credit Card (automatic),Fiber Optic,No,Yes,1,75.47,954.73,1
CUST_3432,Male,0,No,No,48,One-Year,No,Electronic Check,DSL,No,No,3,50.33,2328.78,0
CUST_3433,Male,0,Yes,Yes,45,One-Year,Yes,Bank Transfer (automatic),DSL,No,No,3,47.26,2184.87,0
CUST_3434,Male,0,No,No,51,Month-to-Month,Yes,Bank Transfer (automatic),DSL,Yes,No,1,53.93,2835.57,0
CUST_3435,Female,1,No,No,11,Month-to-Month,Yes,Mailed Check,No,No internet service,No internet service,0,21.62,242.94,0
CUST_3436,Male,0,Yes,Yes,67,Month-to-Month,Yes,Electronic Check,No,No internet service,No internet service,1,18.5,1178.91,1
CUST_3437,Female,0,No,No,31,Month-to-Month,Yes,Electronic Check,DSL,No,No,0,44.85,1360.44,1
CUST_3438,Female,0,Yes,No,5,Month-to-Month,No,Credit Card (automatic),Fiber Optic,Yes,No,2,84.37,415.98,1
CUST_3439,Female,0,No,No,10,Month-to-Month,Yes,Electronic Check,DSL,No,No,2,46.86,477.54,1
CUST_3440,Female,0,Yes,No,30,One-Year,No,Bank Transfer (automatic),No,No internet service,No internet service,1,18.5,569.18,0
CUST_3441,Female,0,No,No,37,Two-Year,Yes,Electronic Check,Fiber Optic,Yes,Yes,2,97.27,3645.0,0
CUST_3442,Male,0,Yes,No,2,Month-to-Month,Yes,Electronic Check,DSL,No,No,1,45.04,92.68,0
CUST_3443,Female,0,Yes,No,62,Two-Year,Yes,Mailed Check,DSL,No,No,0,42.89,2639.85,0
CUST_3444,Male,0,Yes,Yes,10,One-Year,No,Credit Card (automatic),Fiber Optic,Yes,Yes,3,100.7,1011.21,0
CUST_3445,Male,0,Yes,No,24,Two-Year,Yes,Bank Transfer (automatic),DSL,No,No,2,40.5,929.65,0
CUST_3446,Male,0,No,No,58,One-Year,Yes,Credit Card (automatic),Fiber Optic,No,No,1,71.6,4122.55,1
CUST_3447,Female,0,No,No,43,Two-Year,Yes,Bank Transfer (automatic),No,No internet service,No internet service,1,25.67,1096.37,0
CUST_3448,Female,0,No,No,71,Month-to-Month,Yes,Bank Transfer (automatic),DSL,No,Yes,1,50.19,3603.23,0
CUST_3449,Male,0,Yes,Yes,7,Month-to-Month,Yes,Mailed Check,DSL,No,No,1,51.55,356.44,0
CUST_3450,Female,0,No,No,41,Month-to-Month,Yes,Credit Card (automatic),Fiber Optic,Yes,No,1,88.76,3543.98,0
CUST_3451,Male,0,Yes,Yes,30,Month-to-Month,Yes,Mailed Check,Fiber Optic,No,No,1,68.13,1990.27,0
CUST_3452,Male,0,No,Yes,58,One-Year,No,Bank Transfer (automatic),No,No internet service,No internet service,3,21.16,1182.35,0
CUST_3453,Male,0,No,No,22,One-Year,Yes,Bank Transfer (automatic),Fiber Optic,No,Yes,1,79.05,1774.06,0
CUST_3454,Male,0,Yes,No,71,One-Year,No,Electronic Check,Fiber Optic,Yes,Yes,4,90.7,6518.63,0
CUST_3455,Male,0,Yes,No,18,Month-to-Month,Yes,Electronic Check,Fiber Optic,Yes,Yes,1,89.47,1623.22,1
CUST_3456,Female,1,Yes,No,55,One-Year,Yes,Electronic Check,DSL,No,No,0,51.78,2856.73,0
CUST_3457,Female,0,No,No,5,One-Year,No,Bank Transfer (automatic),Fiber Optic,No,No,4,69.07,340.78,0
CUST_3458,Male,0,No,No,1,One-Year,No,Electronic Check,DSL,Yes,No,0,51.46,52.84,0
CUST_3459,Male,0,No,Yes,16,One-Year,No,Mailed Check,DSL,Yes,No,1,61.15,1019.69,0
CUST_3460,Female,0,Yes,Yes,58,One-Year,No,Credit Card (automatic),DSL,Yes,No,0,59.69,3441.24,0
CUST_3461,Female,0,No,No,27,Month-to-Month,No,Bank Transfer (automatic),No,No internet service,No internet service,3,21.5,575.22,0
CUST_3462,Male,1,No,No,70,Month-to-Month,Yes,Electronic Check,Fiber Optic,Yes,Yes,2,91.37,6180.18,1
CUST_3463,Male,0,Yes,Yes,68,One-Year,Yes,Credit Card (automatic),DSL,No,No,0,43.39,3000.89,0
CUST_3464,Female,0,No,Yes,63,One-Year,Yes,Electronic Check,Fiber Optic,Yes,Yes,0,102.29,6481.71,0
CUST_3465,Female,0,Yes,Yes,24,One-Year,No,Bank Transfer (automatic),No,No internet service,No internet service,1,21.54,542.19,0
CUST_3466,Male,0,Yes,Yes,15,Month-to-Month,No,Mailed Check,No,No internet service,No internet service,2,18.5,279.84,0
CUST_3467,Male,0,No,No,63,Month-to-Month,No,Electronic Check,Fiber Optic,No,Yes,2,84.97,5239.95,0
CUST_3468,Female,0,Yes,Yes,5,Month-to-Month,Yes,Electronic Check,Fiber Optic,No,Yes,2,85.37,429.54,0
CUST_3469,Male,0,No,Yes,56,Month-to-Month,No,Electronic Check,Fiber Optic,No,No,0,77.25,4535.68,1
CUST_3470,Female,0,No,Yes,13,One-Year,Yes,Electronic Check,No,No internet service,No internet service,1,20.26,269.26,0
CUST_3471,Male,0,Yes,No,48,Month-to-Month,No,Electronic Check,DSL,No,No,2,47.93,2215.19,0
CUST_3472,Female,0,No,No,4,Month-to-Month,Yes,Credit Card (automatic),No,No internet service,No internet service,1,22.13,87.13,0
CUST_3473,Male,0,No,No,58,Two-Year,No,Mailed Check,Fiber Optic,Yes,No,1,79.14,4497.71,0
CUST_3474,Male,0,Yes,Yes,35,Month-to-Month,Yes,Credit Card (automatic),DSL,No,No,3,39.54,1433.28,0
CUST_3475,Female,0,Yes,Yes,47,Month-to-Month,Yes,Bank Transfer (automatic),DSL,No,No,1,47.49,2256.84,0
CUST_3476,Male,0,Yes,No,8,Month-to-Month,No,Bank Transfer (automatic),No,No internet service,No internet service,0,22.77,187.81,0
CUST_3477,Female,0,Yes,No,63,Month-to-Month,No,Electronic Check,Fiber Optic,No,No,1,60.27,3674.08,0
CUST_3478,Male,0,Yes,No,11,Month-to-Month,Yes,Electronic Check,Fiber Optic,No,No,1,72.12,825.69,1
CUST_3479,Male,0,Yes,Yes,71,Two-Year,No,Mailed Check,No,No internet service,No internet service,3,19.68,1335.56,0
CUST_3480,Male,0,Yes,Yes,55,One-Year,No,Credit Card (automatic),Fiber Optic,No,No,2,71.74,3896.31,1
CUST_3481,Female,0,No,No,21,Month-to-Month,Yes,Electronic Check,DSL,No,No,0,43.07,860.53,0
CUST_3482,Male,0,Yes,Yes,36,Two-Year,Yes,Mailed Check,DSL,No,No,3,50.82,1771.76,0
CUST_3483,Male,0,No,No,7,Month-to-Month,Yes,Electronic Check,Fiber Optic,Yes,Yes,3,98.12,718.59,1
CUST_3484,Male,0,No,No,40,Two-Year,Yes,Mailed Check,Fiber Optic,Yes,No,2,76.44,2928.72,0
CUST_3485,Female,0,No,No,42,Month-to-Month,No,Bank Transfer (automatic),DSL,No,No,1,41.08,1664.18,0
CUST_3486,Female,0,Yes,No,48,Two-Year,Yes,Bank Transfer (automatic),Fiber Optic,No,Yes,1,82.24,4115.23,0
CUST_3487,Male,0,No,No,63,Two-Year,No,Electronic Check,Fiber Optic,No,Yes,2,79.52,5115.05,0
CUST_3488,Male,0,No,No,27,Two-Year,No,Electronic Check,DSL,Yes,No,4,61.33,1640.5,0
CUST_3489,Female,0,No,No,34,Month-to-Month,No,Mailed Check,No,No internet service,No internet service,1,18.5,601.88,1
CUST_3490,Male,0,Yes,Yes,22,Month-to-Month,No,Credit Card (automatic),DSL,Yes,Yes,2,73.29,1658.34,0
CUST_3491,Female,0,Yes,No,3,Month-to-Month,No,Mailed Check,No,No internet service,No internet service,3,18.5,55.46,1
CUST_3492,Female,0,No,No,17,Two-Year,Yes,Mailed Check,No,No internet service,No internet service,0,18.5,308.93,0
CUST_3493,Female,0,Yes,Yes,37,One-Year,No,Mailed Check,DSL,Yes,No,0,62.55,2282.12,0
CUST_3494,Male,0,Yes,Yes,67,Two-Year,No,Electronic Check,No,No internet service,No internet service,2,19.77,1325.29,0
CUST_3495,Female,0,Yes,Yes,2,Month-to-Month,Yes,Credit Card (automatic),DSL,No,Yes,1,57.11,114.81,0
CUST_3496,Female,1,No,No,31,Month-to-Month,No,Electronic Check,DSL,Yes,Yes,0,72.11,2306.52,0
CUST_3497,Female,0,No,Yes,13,Month-to-Month,Yes,Bank Transfer (automatic),DSL,Yes,No,1,59.11,789.31,0
CUST_3498,Male,0,Yes,Yes,54,One-Year,Yes,Mailed Check,No,No internet service,No internet service,1,19.55,1083.89,0
CUST_3499,Male,0,No,No,5,One-Year,No,Bank Transfer (automatic),DSL,No,No,1,50.27,257.11,0
CUST_3500,Male,0,No,Yes,59,One-Year,No,Electronic Check,DSL,No,No,2,45.52,2754.91,0
